shrimp,almonds,avocado,vegetables mix,green grapes,whole weat flour,yams,cottage cheese,energy drink,tomato juice,low fat yogurt,green tea,honey,salad,mineral water,salmon,antioxydant juice,frozen smoothie,spinach,olive oil
14,67,34,73,71,71,69,68,62,55,45,36,28,19,12,5,2,0,2,
26,75,74,73,71,71,69,68,62,55,45,36,28,19,12,5,2,0,2,
107,3,74,73,71,71,69,68,62,55,45,36,28,19,12,5,2,0,2,
71,69,35,111,49,71,69,68,62,55,45,36,28,19,12,5,2,0,2,
64,75,74,73,71,71,69,68,62,55,45,36,28,19,12,5,2,0,2,
111,41,74,73,71,71,69,68,62,55,45,36,28,19,12,5,2,0,2,
97,61,92,73,71,71,69,68,62,55,45,36,28,19,12,5,2,0,2,
48,98,51,73,71,71,69,68,62,55,45,36,28,19,12,5,2,0,2,
42,75,74,73,71,71,69,68,62,55,45,36,28,19,12,5,2,0,2,
36,84,74,73,71,71,69,68,62,55,45,36,28,19,12,5,2,0,2,
29,75,74,73,71,71,69,68,62,55,45,36,28,19,12,5,2,0,2,
107,13,69,34,29,71,69,68,62,55,45,36,28,19,12,5,2,0,2,
98,20,27,73,71,71,69,68,62,55,45,36,28,19,12,5,2,0,2,
71,90,74,73,71,71,69,68,62,55,45,36,28,19,12,5,2,0,2,
71,75,74,73,71,71,69,68,62,55,45,36,28,19,12,5,2,0,2,
95,23,20,56,75,29,57,68,62,55,45,36,28,19,12,5,2,0,2,
107,35,74,73,71,71,69,68,62,55,45,36,28,19,12,5,2,0,2,
107,44,105,96,66,7,81,34,20,29,45,36,28,19,12,5,2,0,2,
68,69,57,40,82,71,69,68,62,55,45,36,28,19,12,5,2,0,2,
87,95,81,82,34,23,85,68,62,55,45,36,28,19,12,5,2,0,2,
88,99,74,73,71,71,69,68,62,55,45,36,28,19,12,5,2,0,2,
98,70,54,9,77,49,69,68,62,55,45,36,28,19,12,5,2,0,2,
14,49,94,81,3,54,97,92,62,55,45,36,28,19,12,5,2,0,2,
36,75,74,73,71,71,69,68,62,55,45,36,28,19,12,5,2,0,2,
81,98,96,3,65,42,69,68,62,55,45,36,28,19,12,5,2,0,2,
54,98,69,67,35,7,81,44,35,55,45,36,28,19,12,5,2,0,2,
99,75,74,73,71,71,69,68,62,55,45,36,28,19,12,5,2,0,2,
71,35,20,23,40,71,69,68,62,55,45,36,28,19,12,5,2,0,2,
48,98,113,68,71,71,69,68,62,55,45,36,28,19,12,5,2,0,2,
58,105,60,62,71,71,69,68,62,55,45,36,28,19,12,5,2,0,2,
71,23,3,34,71,71,69,68,62,55,45,36,28,19,12,5,2,0,2,
107,41,100,73,71,71,69,68,62,55,45,36,28,19,12,5,2,0,2,
48,102,22,73,71,71,69,68,62,55,45,36,28,19,12,5,2,0,2,
29,75,74,73,71,71,69,68,62,55,45,36,28,19,12,5,2,0,2,
85,98,89,37,71,71,69,68,62,55,45,36,28,19,12,5,2,0,2,
37,41,74,73,71,71,69,68,62,55,45,36,28,19,12,5,2,0,2,
87,53,69,73,71,71,69,68,62,55,45,36,28,19,12,5,2,0,2,
71,15,30,73,71,71,69,68,62,55,45,36,28,19,12,5,2,0,2,
85,20,51,73,71,71,69,68,62,55,45,36,28,19,12,5,2,0,2,
98,75,74,73,71,71,69,68,62,55,45,36,28,19,12,5,2,0,2,
45,47,97,68,54,103,43,37,62,55,45,36,28,19,12,5,2,0,2,
98,75,74,73,71,71,69,68,62,55,45,36,28,19,12,5,2,0,2,
97,67,58,97,71,71,69,68,62,55,45,36,28,19,12,5,2,0,2,
39,75,74,73,71,71,69,68,62,55,45,36,28,19,12,5,2,0,2,
97,3,40,57,11,9,74,48,62,55,45,36,28,19,12,5,2,0,2,
71,21,18,27,71,71,69,68,62,55,45,36,28,19,12,5,2,0,2,
71,11,74,73,71,71,69,68,62,55,45,36,28,19,12,5,2,0,2,
3,73,74,73,71,71,69,68,62,55,45,36,28,19,12,5,2,0,2,
14,7,51,73,71,71,69,68,62,55,45,36,28,19,12,5,2,0,2,
98,23,10,108,49,71,69,68,62,55,45,36,28,19,12,5,2,0,2,
45,70,34,73,71,71,69,68,62,55,45,36,28,19,12,5,2,0,2,
98,73,74,73,71,71,69,68,62,55,45,36,28,19,12,5,2,0,2,
98,23,74,73,71,71,69,68,62,55,45,36,28,19,12,5,2,0,2,
42,38,19,73,71,71,69,68,62,55,45,36,28,19,12,5,2,0,2,
104,62,74,73,71,71,69,68,62,55,45,36,28,19,12,5,2,0,2,
107,44,46,104,50,90,64,24,76,50,48,36,28,19,12,5,2,0,2,
36,28,74,73,71,71,69,68,62,55,45,36,28,19,12,5,2,0,2,
97,21,53,94,9,36,47,68,62,55,45,36,28,19,12,5,2,0,2,
107,47,69,26,29,49,69,68,62,55,45,36,28,19,12,5,2,0,2,
98,75,74,73,71,71,69,68,62,55,45,36,28,19,12,5,2,0,2,
28,75,74,73,71,71,69,68,62,55,45,36,28,19,12,5,2,0,2,
38,75,74,73,71,71,69,68,62,55,45,36,28,19,12,5,2,0,2,
97,11,92,84,49,71,69,68,62,55,45,36,28,19,12,5,2,0,2,
107,35,74,73,71,71,69,68,62,55,45,36,28,19,12,5,2,0,2,
42,75,74,73,71,71,69,68,62,55,45,36,28,19,12,5,2,0,2,
24,69,74,73,71,71,69,68,62,55,45,36,28,19,12,5,2,0,2,
58,113,52,68,3,26,99,68,62,55,45,36,28,19,12,5,2,0,2,
29,75,74,73,71,71,69,68,62,55,45,36,28,19,12,5,2,0,2,
95,82,74,73,71,71,69,68,62,55,45,36,28,19,12,5,2,0,2,
50,57,105,103,30,71,69,68,62,55,45,36,28,19,12,5,2,0,2,
14,38,92,73,71,71,69,68,62,55,45,36,28,19,12,5,2,0,2,
29,75,74,73,71,71,69,68,62,55,45,36,28,19,12,5,2,0,2,
114,75,74,73,71,71,69,68,62,55,45,36,28,19,12,5,2,0,2,
97,35,74,73,71,71,69,68,62,55,45,36,28,19,12,5,2,0,2,
29,75,74,73,71,71,69,68,62,55,45,36,28,19,12,5,2,0,2,
71,23,62,73,71,71,69,68,62,55,45,36,28,19,12,5,2,0,2,
36,101,74,73,71,71,69,68,62,55,45,36,28,19,12,5,2,0,2,
50,53,97,68,104,71,69,68,62,55,45,36,28,19,12,5,2,0,2,
72,75,74,73,71,71,69,68,62,55,45,36,28,19,12,5,2,0,2,
36,15,40,73,71,71,69,68,62,55,45,36,28,19,12,5,2,0,2,
14,98,68,40,49,71,69,68,62,55,45,36,28,19,12,5,2,0,2,
71,36,13,40,71,71,69,68,62,55,45,36,28,19,12,5,2,0,2,
14,49,56,68,34,29,69,68,62,55,45,36,28,19,12,5,2,0,2,
37,75,74,73,71,71,69,68,62,55,45,36,28,19,12,5,2,0,2,
37,37,74,73,71,71,69,68,62,55,45,36,28,19,12,5,2,0,2,
24,46,74,73,71,71,69,68,62,55,45,36,28,19,12,5,2,0,2,
64,75,74,73,71,71,69,68,62,55,45,36,28,19,12,5,2,0,2,
2,89,74,73,71,71,69,68,62,55,45,36,28,19,12,5,2,0,2,
14,41,62,50,71,71,69,68,62,55,45,36,28,19,12,5,2,0,2,
64,75,74,73,71,71,69,68,62,55,45,36,28,19,12,5,2,0,2,
14,57,94,81,93,66,61,72,33,31,24,40,28,19,12,5,2,0,2,
21,63,74,73,71,71,69,68,62,55,45,36,28,19,12,5,2,0,2,
21,75,74,73,71,71,69,68,62,55,45,36,28,19,12,5,2,0,2,
14,0,34,40,28,49,69,68,62,55,45,36,28,19,12,5,2,0,2,
56,97,37,9,71,71,69,68,62,55,45,36,28,19,12,5,2,0,2,
107,55,46,82,75,38,93,57,62,55,45,36,28,19,12,5,2,0,2,
74,35,27,73,71,71,69,68,62,55,45,36,28,19,12,5,2,0,2,
29,75,74,73,71,71,69,68,62,55,45,36,28,19,12,5,2,0,2,
48,113,52,96,23,49,69,68,62,55,45,36,28,19,12,5,2,0,2,
71,6,22,73,71,71,69,68,62,55,45,36,28,19,12,5,2,0,2,
14,57,35,0,34,30,60,98,62,55,45,36,28,19,12,5,2,0,2,
107,13,52,23,92,0,33,52,30,55,45,36,28,19,12,5,2,0,2,
56,98,22,34,71,71,69,68,62,55,45,36,28,19,12,5,2,0,2,
54,36,83,17,82,71,69,68,62,55,45,36,28,19,12,5,2,0,2,
54,105,97,68,0,34,69,68,62,55,45,36,28,19,12,5,2,0,2,
71,79,53,29,71,71,69,68,62,55,45,36,28,19,12,5,2,0,2,
95,82,69,95,3,65,73,47,32,7,45,36,28,19,12,5,2,0,2,
95,82,96,15,29,21,56,56,62,55,45,36,28,19,12,5,2,0,2,
98,70,22,40,20,37,68,42,62,55,45,36,28,19,12,5,2,0,2,
95,82,69,34,71,71,69,68,62,55,45,36,28,19,12,5,2,0,2,
14,78,103,42,71,71,69,68,62,55,45,36,28,19,12,5,2,0,2,
43,35,22,61,71,71,69,68,62,55,45,36,28,19,12,5,2,0,2,
22,35,40,79,71,71,69,68,62,55,45,36,28,19,12,5,2,0,2,
107,57,89,108,16,71,69,68,62,55,45,36,28,19,12,5,2,0,2,
50,98,78,34,40,49,69,68,62,55,45,36,28,19,12,5,2,0,2,
71,36,74,73,71,71,69,68,62,55,45,36,28,19,12,5,2,0,2,
36,41,74,73,71,71,69,68,62,55,45,36,28,19,12,5,2,0,2,
14,106,69,95,65,0,33,24,81,55,45,36,28,19,12,5,2,0,2,
74,75,74,73,71,71,69,68,62,55,45,36,28,19,12,5,2,0,2,
82,75,74,73,71,71,69,68,62,55,45,36,28,19,12,5,2,0,2,
105,98,45,73,71,71,69,68,62,55,45,36,28,19,12,5,2,0,2,
54,98,68,73,71,71,69,68,62,55,45,36,28,19,12,5,2,0,2,
42,75,74,73,71,71,69,68,62,55,45,36,28,19,12,5,2,0,2,
24,69,74,73,71,71,69,68,62,55,45,36,28,19,12,5,2,0,2,
14,95,81,45,93,66,63,34,22,30,49,29,28,19,12,5,2,0,2,
54,70,1,84,71,71,69,68,62,55,45,36,28,19,12,5,2,0,2,
50,113,52,96,15,36,69,68,62,55,45,36,28,19,12,5,2,0,2,
50,75,74,73,71,71,69,68,62,55,45,36,28,19,12,5,2,0,2,
80,75,74,73,71,71,69,68,62,55,45,36,28,19,12,5,2,0,2,
47,75,74,73,71,71,69,68,62,55,45,36,28,19,12,5,2,0,2,
18,52,74,73,71,71,69,68,62,55,45,36,28,19,12,5,2,0,2,
24,75,74,73,71,71,69,68,62,55,45,36,28,19,12,5,2,0,2,
107,13,22,78,34,29,30,68,62,55,45,36,28,19,12,5,2,0,2,
48,106,82,96,66,76,21,23,80,30,61,19,28,19,12,5,2,0,2,
29,75,74,73,71,71,69,68,62,55,45,36,28,19,12,5,2,0,2,
54,75,74,73,71,71,69,68,62,55,45,36,28,19,12,5,2,0,2,
107,35,22,44,99,71,69,68,62,55,45,36,28,19,12,5,2,0,2,
48,29,64,73,71,71,69,68,62,55,45,36,28,19,12,5,2,0,2,
48,53,104,68,63,75,55,91,62,55,45,36,28,19,12,5,2,0,2,
87,98,69,95,65,34,15,49,28,17,30,36,28,19,12,5,2,0,2,
24,106,97,68,3,65,73,34,70,30,6,36,28,19,12,5,2,0,2,
24,95,81,45,50,66,70,34,62,55,45,36,28,19,12,5,2,0,2,
107,95,81,82,93,66,33,22,37,55,45,36,28,19,12,5,2,0,2,
29,75,74,73,71,71,69,68,62,55,45,36,28,19,12,5,2,0,2,
107,106,14,73,71,71,69,68,62,55,45,36,28,19,12,5,2,0,2,
113,70,96,67,77,103,6,18,22,14,45,36,28,19,12,5,2,0,2,
88,75,74,73,71,71,69,68,62,55,45,36,28,19,12,5,2,0,2,
24,69,74,73,71,71,69,68,62,55,45,36,28,19,12,5,2,0,2,
95,82,46,107,71,71,69,68,62,55,45,36,28,19,12,5,2,0,2,
14,70,68,34,107,67,69,68,62,55,45,36,28,19,12,5,2,0,2,
71,109,14,44,11,71,69,68,62,55,45,36,28,19,12,5,2,0,2,
29,75,74,73,71,71,69,68,62,55,45,36,28,19,12,5,2,0,2,
95,82,20,24,71,71,69,68,62,55,45,36,28,19,12,5,2,0,2,
93,75,74,73,71,71,69,68,62,55,45,36,28,19,12,5,2,0,2,
95,82,97,34,55,49,69,68,62,55,45,36,28,19,12,5,2,0,2,
14,75,74,73,71,71,69,68,62,55,45,36,28,19,12,5,2,0,2,
87,53,97,68,65,75,92,54,28,55,45,36,28,19,12,5,2,0,2,
14,49,97,3,65,74,39,68,62,55,45,36,28,19,12,5,2,0,2,
58,113,52,68,76,71,69,68,62,55,45,36,28,19,12,5,2,0,2,
95,82,113,67,23,71,69,68,62,55,45,36,28,19,12,5,2,0,2,
15,52,74,73,71,71,69,68,62,55,45,36,28,19,12,5,2,0,2,
63,75,74,73,71,71,69,68,62,55,45,36,28,19,12,5,2,0,2,
64,75,74,73,71,71,69,68,62,55,45,36,28,19,12,5,2,0,2,
58,95,81,96,65,71,69,68,62,55,45,36,28,19,12,5,2,0,2,
14,35,74,73,71,71,69,68,62,55,45,36,28,19,12,5,2,0,2,
107,57,52,95,3,65,7,34,6,11,19,44,16,19,12,5,2,0,2,
29,75,74,73,71,71,69,68,62,55,45,36,28,19,12,5,2,0,2,
39,75,74,73,71,71,69,68,62,55,45,36,28,19,12,5,2,0,2,
83,41,100,79,59,71,69,68,62,55,45,36,28,19,12,5,2,0,2,
48,115,20,56,58,71,69,68,62,55,45,36,28,19,12,5,2,0,2,
24,20,74,73,71,71,69,68,62,55,45,36,28,19,12,5,2,0,2,
58,58,14,86,82,71,69,68,62,55,45,36,28,19,12,5,2,0,2,
14,23,46,51,66,65,56,3,62,55,45,36,28,19,12,5,2,0,2,
24,70,29,31,49,71,69,68,62,55,45,36,28,19,12,5,2,0,2,
74,75,74,73,71,71,69,68,62,55,45,36,28,19,12,5,2,0,2,
56,42,37,73,71,71,69,68,62,55,45,36,28,19,12,5,2,0,2,
98,69,112,70,71,71,69,68,62,55,45,36,28,19,12,5,2,0,2,
24,9,74,73,71,71,69,68,62,55,45,36,28,19,12,5,2,0,2,
48,41,58,73,71,71,69,68,62,55,45,36,28,19,12,5,2,0,2,
17,75,74,73,71,71,69,68,62,55,45,36,28,19,12,5,2,0,2,
14,95,81,67,49,40,28,94,62,55,45,36,28,19,12,5,2,0,2,
81,53,74,73,71,71,69,68,62,55,45,36,28,19,12,5,2,0,2,
80,114,15,73,71,71,69,68,62,55,45,36,28,19,12,5,2,0,2,
36,34,27,73,71,71,69,68,62,55,45,36,28,19,12,5,2,0,2,
48,70,74,73,71,71,69,68,62,55,45,36,28,19,12,5,2,0,2,
24,75,74,73,71,71,69,68,62,55,45,36,28,19,12,5,2,0,2,
107,98,68,111,23,71,69,68,62,55,45,36,28,19,12,5,2,0,2,
111,53,97,95,63,21,8,30,19,79,50,36,28,19,12,5,2,0,2,
30,104,74,73,71,71,69,68,62,55,45,36,28,19,12,5,2,0,2,
48,69,34,40,49,71,69,68,62,55,45,36,28,19,12,5,2,0,2,
45,98,78,41,34,40,20,73,50,55,45,36,28,19,12,5,2,0,2,
87,58,58,73,71,71,69,68,62,55,45,36,28,19,12,5,2,0,2,
70,5,34,40,42,71,69,68,62,55,45,36,28,19,12,5,2,0,2,
42,116,74,73,71,71,69,68,62,55,45,36,28,19,12,5,2,0,2,
70,75,74,73,71,71,69,68,62,55,45,36,28,19,12,5,2,0,2,
42,75,74,73,71,71,69,68,62,55,45,36,28,19,12,5,2,0,2,
24,75,74,73,71,71,69,68,62,55,45,36,28,19,12,5,2,0,2,
14,55,86,73,71,71,69,68,62,55,45,36,28,19,12,5,2,0,2,
95,82,105,35,41,1,39,44,11,55,45,36,28,19,12,5,2,0,2,
53,75,74,73,71,71,69,68,62,55,45,36,28,19,12,5,2,0,2,
64,75,74,73,71,71,69,68,62,55,45,36,28,19,12,5,2,0,2,
107,98,69,95,95,88,35,80,62,55,45,36,28,19,12,5,2,0,2,
107,35,74,73,71,71,69,68,62,55,45,36,28,19,12,5,2,0,2,
12,59,74,73,71,71,69,68,62,55,45,36,28,19,12,5,2,0,2,
78,75,74,73,71,71,69,68,62,55,45,36,28,19,12,5,2,0,2,
97,36,20,34,15,40,9,89,62,55,45,36,28,19,12,5,2,0,2,
98,23,114,73,71,71,69,68,62,55,45,36,28,19,12,5,2,0,2,
107,70,66,73,71,71,69,68,62,55,45,36,28,19,12,5,2,0,2,
54,70,22,43,5,55,69,68,62,55,45,36,28,19,12,5,2,0,2,
48,70,107,37,71,71,69,68,62,55,45,36,28,19,12,5,2,0,2,
58,87,105,73,71,71,69,68,62,55,45,36,28,19,12,5,2,0,2,
111,79,18,11,49,71,69,68,62,55,45,36,28,19,12,5,2,0,2,
29,75,74,73,71,71,69,68,62,55,45,36,28,19,12,5,2,0,2,
79,28,73,73,71,71,69,68,62,55,45,36,28,19,12,5,2,0,2,
54,80,28,46,58,71,69,68,62,55,45,36,28,19,12,5,2,0,2,
71,41,74,73,71,71,69,68,62,55,45,36,28,19,12,5,2,0,2,
58,75,74,73,71,71,69,68,62,55,45,36,28,19,12,5,2,0,2,
90,75,74,73,71,71,69,68,62,55,45,36,28,19,12,5,2,0,2,
36,38,74,73,71,71,69,68,62,55,45,36,28,19,12,5,2,0,2,
71,104,74,73,71,71,69,68,62,55,45,36,28,19,12,5,2,0,2,
71,75,74,73,71,71,69,68,62,55,45,36,28,19,12,5,2,0,2,
95,70,96,7,71,71,69,68,62,55,45,36,28,19,12,5,2,0,2,
16,46,74,73,71,71,69,68,62,55,45,36,28,19,12,5,2,0,2,
107,13,48,104,23,43,52,96,62,55,45,36,28,19,12,5,2,0,2,
48,53,69,78,77,71,69,68,62,55,45,36,28,19,12,5,2,0,2,
107,13,52,67,76,15,41,68,62,55,45,36,28,19,12,5,2,0,2,
111,53,97,112,66,89,25,20,34,63,45,36,28,19,12,5,2,0,2,
36,114,14,50,37,71,69,68,62,55,45,36,28,19,12,5,2,0,2,
54,115,96,3,86,49,69,68,62,55,45,36,28,19,12,5,2,0,2,
70,75,74,73,71,71,69,68,62,55,45,36,28,19,12,5,2,0,2,
98,23,74,73,71,71,69,68,62,55,45,36,28,19,12,5,2,0,2,
111,58,74,73,71,71,69,68,62,55,45,36,28,19,12,5,2,0,2,
111,52,74,73,71,71,69,68,62,55,45,36,28,19,12,5,2,0,2,
98,67,107,23,71,71,69,68,62,55,45,36,28,19,12,5,2,0,2,
36,63,74,73,71,71,69,68,62,55,45,36,28,19,12,5,2,0,2,
45,95,81,68,76,34,15,12,81,55,45,36,28,19,12,5,2,0,2,
71,51,58,42,71,71,69,68,62,55,45,36,28,19,12,5,2,0,2,
48,67,34,23,71,71,69,68,62,55,45,36,28,19,12,5,2,0,2,
24,75,74,73,71,71,69,68,62,55,45,36,28,19,12,5,2,0,2,
68,69,74,73,71,71,69,68,62,55,45,36,28,19,12,5,2,0,2,
64,75,74,73,71,71,69,68,62,55,45,36,28,19,12,5,2,0,2,
53,75,74,73,71,71,69,68,62,55,45,36,28,19,12,5,2,0,2,
39,82,74,73,71,71,69,68,62,55,45,36,28,19,12,5,2,0,2,
83,23,78,41,86,81,56,42,52,55,45,36,28,19,12,5,2,0,2,
87,42,107,86,27,55,47,68,62,55,45,36,28,19,12,5,2,0,2,
14,33,97,21,15,80,47,68,62,55,45,36,28,19,12,5,2,0,2,
43,15,42,73,71,71,69,68,62,55,45,36,28,19,12,5,2,0,2,
14,47,39,34,71,71,69,68,62,55,45,36,28,19,12,5,2,0,2,
87,75,74,73,71,71,69,68,62,55,45,36,28,19,12,5,2,0,2,
83,70,35,49,71,71,69,68,62,55,45,36,28,19,12,5,2,0,2,
70,35,14,23,40,49,69,68,62,55,45,36,28,19,12,5,2,0,2,
42,75,74,73,71,71,69,68,62,55,45,36,28,19,12,5,2,0,2,
0,75,74,73,71,71,69,68,62,55,45,36,28,19,12,5,2,0,2,
14,70,51,73,71,71,69,68,62,55,45,36,28,19,12,5,2,0,2,
70,80,74,73,71,71,69,68,62,55,45,36,28,19,12,5,2,0,2,
80,35,90,102,71,71,69,68,62,55,45,36,28,19,12,5,2,0,2,
71,75,74,73,71,71,69,68,62,55,45,36,28,19,12,5,2,0,2,
56,98,69,78,71,71,69,68,62,55,45,36,28,19,12,5,2,0,2,
91,104,42,73,71,71,69,68,62,55,45,36,28,19,12,5,2,0,2,
98,74,74,73,71,71,69,68,62,55,45,36,28,19,12,5,2,0,2,
98,70,34,83,71,71,69,68,62,55,45,36,28,19,12,5,2,0,2,
48,98,74,73,71,71,69,68,62,55,45,36,28,19,12,5,2,0,2,
38,75,74,73,71,71,69,68,62,55,45,36,28,19,12,5,2,0,2,
74,75,74,73,71,71,69,68,62,55,45,36,28,19,12,5,2,0,2,
107,69,74,73,71,71,69,68,62,55,45,36,28,19,12,5,2,0,2,
29,75,74,73,71,71,69,68,62,55,45,36,28,19,12,5,2,0,2,
24,75,74,73,71,71,69,68,62,55,45,36,28,19,12,5,2,0,2,
98,70,34,29,23,37,69,68,62,55,45,36,28,19,12,5,2,0,2,
95,47,82,96,49,71,69,68,62,55,45,36,28,19,12,5,2,0,2,
14,44,86,68,40,53,57,68,62,55,45,36,28,19,12,5,2,0,2,
80,35,36,42,71,71,69,68,62,55,45,36,28,19,12,5,2,0,2,
102,90,51,40,44,55,69,68,62,55,45,36,28,19,12,5,2,0,2,
50,95,81,104,65,44,83,68,62,55,45,36,28,19,12,5,2,0,2,
58,113,78,79,34,71,69,68,62,55,45,36,28,19,12,5,2,0,2,
98,1,74,73,71,71,69,68,62,55,45,36,28,19,12,5,2,0,2,
24,69,0,34,96,101,69,68,62,55,45,36,28,19,12,5,2,0,2,
42,101,74,73,71,71,69,68,62,55,45,36,28,19,12,5,2,0,2,
71,75,74,73,71,71,69,68,62,55,45,36,28,19,12,5,2,0,2,
36,75,74,73,71,71,69,68,62,55,45,36,28,19,12,5,2,0,2,
39,75,74,73,71,71,69,68,62,55,45,36,28,19,12,5,2,0,2,
16,75,74,73,71,71,69,68,62,55,45,36,28,19,12,5,2,0,2,
111,1,9,50,71,71,69,68,62,55,45,36,28,19,12,5,2,0,2,
71,78,45,73,71,71,69,68,62,55,45,36,28,19,12,5,2,0,2,
42,20,74,73,71,71,69,68,62,55,45,36,28,19,12,5,2,0,2,
24,41,74,73,71,71,69,68,62,55,45,36,28,19,12,5,2,0,2,
48,98,34,73,71,71,69,68,62,55,45,36,28,19,12,5,2,0,2,
60,75,74,73,71,71,69,68,62,55,45,36,28,19,12,5,2,0,2,
24,28,74,73,71,71,69,68,62,55,45,36,28,19,12,5,2,0,2,
80,75,74,73,71,71,69,68,62,55,45,36,28,19,12,5,2,0,2,
95,14,20,88,71,71,69,68,62,55,45,36,28,19,12,5,2,0,2,
24,28,4,73,71,71,69,68,62,55,45,36,28,19,12,5,2,0,2,
83,98,14,23,40,42,69,68,62,55,45,36,28,19,12,5,2,0,2,
3,78,18,40,71,71,69,68,62,55,45,36,28,19,12,5,2,0,2,
58,98,69,98,34,74,29,48,74,73,38,36,28,19,12,5,2,0,2,
58,47,52,82,93,68,39,68,62,55,45,36,28,19,12,5,2,0,2,
42,75,74,73,71,71,69,68,62,55,45,36,28,19,12,5,2,0,2,
53,104,74,73,71,71,69,68,62,55,45,36,28,19,12,5,2,0,2,
36,114,22,73,71,71,69,68,62,55,45,36,28,19,12,5,2,0,2,
50,57,86,96,66,83,33,30,44,55,45,36,28,19,12,5,2,0,2,
42,28,92,102,42,59,69,68,62,55,45,36,28,19,12,5,2,0,2,
14,44,97,71,54,71,69,68,62,55,45,36,28,19,12,5,2,0,2,
58,53,97,34,21,71,69,68,62,55,45,36,28,19,12,5,2,0,2,
50,73,103,64,71,71,69,68,62,55,45,36,28,19,12,5,2,0,2,
111,115,69,71,44,55,35,68,62,55,45,36,28,19,12,5,2,0,2,
14,98,96,67,76,83,33,9,62,55,45,36,28,19,12,5,2,0,2,
24,20,63,73,71,71,69,68,62,55,45,36,28,19,12,5,2,0,2,
48,98,113,68,41,48,79,24,62,55,45,36,28,19,12,5,2,0,2,
104,23,74,73,71,71,69,68,62,55,45,36,28,19,12,5,2,0,2,
70,35,74,73,71,71,69,68,62,55,45,36,28,19,12,5,2,0,2,
84,75,74,73,71,71,69,68,62,55,45,36,28,19,12,5,2,0,2,
114,75,74,73,71,71,69,68,62,55,45,36,28,19,12,5,2,0,2,
53,75,74,73,71,71,69,68,62,55,45,36,28,19,12,5,2,0,2,
39,82,74,73,71,71,69,68,62,55,45,36,28,19,12,5,2,0,2,
58,53,74,73,71,71,69,68,62,55,45,36,28,19,12,5,2,0,2,
71,58,10,73,71,71,69,68,62,55,45,36,28,19,12,5,2,0,2,
107,35,14,36,71,71,69,68,62,55,45,36,28,19,12,5,2,0,2,
107,13,32,51,92,83,33,49,81,10,45,36,28,19,12,5,2,0,2,
98,70,20,73,71,71,69,68,62,55,45,36,28,19,12,5,2,0,2,
107,53,16,40,64,71,69,68,62,55,45,36,28,19,12,5,2,0,2,
71,35,62,73,71,71,69,68,62,55,45,36,28,19,12,5,2,0,2,
107,29,93,73,71,71,69,68,62,55,45,36,28,19,12,5,2,0,2,
98,59,74,73,71,71,69,68,62,55,45,36,28,19,12,5,2,0,2,
24,52,74,73,71,71,69,68,62,55,45,36,28,19,12,5,2,0,2,
50,83,69,23,34,15,59,91,62,55,45,36,28,19,12,5,2,0,2,
24,75,74,73,71,71,69,68,62,55,45,36,28,19,12,5,2,0,2,
98,79,101,79,71,71,69,68,62,55,45,36,28,19,12,5,2,0,2,
87,70,96,86,28,71,69,68,62,55,45,36,28,19,12,5,2,0,2,
87,95,97,73,71,71,69,68,62,55,45,36,28,19,12,5,2,0,2,
53,75,74,73,71,71,69,68,62,55,45,36,28,19,12,5,2,0,2,
71,21,40,44,71,71,69,68,62,55,45,36,28,19,12,5,2,0,2,
74,75,74,73,71,71,69,68,62,55,45,36,28,19,12,5,2,0,2,
16,23,74,73,71,71,69,68,62,55,45,36,28,19,12,5,2,0,2,
45,106,69,95,3,63,73,68,62,55,45,36,28,19,12,5,2,0,2,
107,41,74,73,71,71,69,68,62,55,45,36,28,19,12,5,2,0,2,
14,108,56,51,77,34,55,77,19,32,45,36,28,19,12,5,2,0,2,
39,75,74,73,71,71,69,68,62,55,45,36,28,19,12,5,2,0,2,
24,38,42,73,71,71,69,68,62,55,45,36,28,19,12,5,2,0,2,
56,98,41,106,23,40,69,68,62,55,45,36,28,19,12,5,2,0,2,
3,62,74,73,71,71,69,68,62,55,45,36,28,19,12,5,2,0,2,
98,115,13,23,71,71,69,68,62,55,45,36,28,19,12,5,2,0,2,
37,35,40,73,71,71,69,68,62,55,45,36,28,19,12,5,2,0,2,
45,6,33,73,71,71,69,68,62,55,45,36,28,19,12,5,2,0,2,
38,75,74,73,71,71,69,68,62,55,45,36,28,19,12,5,2,0,2,
112,41,58,50,71,71,69,68,62,55,45,36,28,19,12,5,2,0,2,
71,21,51,73,71,71,69,68,62,55,45,36,28,19,12,5,2,0,2,
36,15,73,73,71,71,69,68,62,55,45,36,28,19,12,5,2,0,2,
39,75,74,73,71,71,69,68,62,55,45,36,28,19,12,5,2,0,2,
1,38,74,73,71,71,69,68,62,55,45,36,28,19,12,5,2,0,2,
95,98,40,73,71,71,69,68,62,55,45,36,28,19,12,5,2,0,2,
50,98,89,102,71,71,69,68,62,55,45,36,28,19,12,5,2,0,2,
98,52,74,73,71,71,69,68,62,55,45,36,28,19,12,5,2,0,2,
21,86,74,73,71,71,69,68,62,55,45,36,28,19,12,5,2,0,2,
71,3,22,73,71,71,69,68,62,55,45,36,28,19,12,5,2,0,2,
105,20,51,73,71,71,69,68,62,55,45,36,28,19,12,5,2,0,2,
22,41,37,73,71,71,69,68,62,55,45,36,28,19,12,5,2,0,2,
48,106,34,50,44,58,69,68,62,55,45,36,28,19,12,5,2,0,2,
54,21,25,49,54,23,39,21,41,28,45,36,28,19,12,5,2,0,2,
42,20,74,73,71,71,69,68,62,55,45,36,28,19,12,5,2,0,2,
71,97,74,73,71,71,69,68,62,55,45,36,28,19,12,5,2,0,2,
48,98,68,23,4,71,69,68,62,55,45,36,28,19,12,5,2,0,2,
59,114,74,73,71,71,69,68,62,55,45,36,28,19,12,5,2,0,2,
112,21,103,73,71,71,69,68,62,55,45,36,28,19,12,5,2,0,2,
80,75,74,73,71,71,69,68,62,55,45,36,28,19,12,5,2,0,2,
53,86,103,16,71,71,69,68,62,55,45,36,28,19,12,5,2,0,2,
42,75,74,73,71,71,69,68,62,55,45,36,28,19,12,5,2,0,2,
71,75,74,73,71,71,69,68,62,55,45,36,28,19,12,5,2,0,2,
39,75,74,73,71,71,69,68,62,55,45,36,28,19,12,5,2,0,2,
50,57,111,112,66,5,70,88,62,55,45,36,28,19,12,5,2,0,2,
98,69,74,73,71,71,69,68,62,55,45,36,28,19,12,5,2,0,2,
70,23,109,73,71,71,69,68,62,55,45,36,28,19,12,5,2,0,2,
92,75,74,73,71,71,69,68,62,55,45,36,28,19,12,5,2,0,2,
24,62,74,73,71,71,69,68,62,55,45,36,28,19,12,5,2,0,2,
95,113,97,65,21,44,94,68,62,55,45,36,28,19,12,5,2,0,2,
87,53,97,68,34,71,69,68,62,55,45,36,28,19,12,5,2,0,2,
113,68,74,73,71,71,69,68,62,55,45,36,28,19,12,5,2,0,2,
98,29,74,73,71,71,69,68,62,55,45,36,28,19,12,5,2,0,2,
42,75,74,73,71,71,69,68,62,55,45,36,28,19,12,5,2,0,2,
71,69,99,29,23,44,53,68,62,55,45,36,28,19,12,5,2,0,2,
104,69,74,73,71,71,69,68,62,55,45,36,28,19,12,5,2,0,2,
95,26,34,40,71,71,69,68,62,55,45,36,28,19,12,5,2,0,2,
21,75,74,73,71,71,69,68,62,55,45,36,28,19,12,5,2,0,2,
89,75,74,73,71,71,69,68,62,55,45,36,28,19,12,5,2,0,2,
42,75,74,73,71,71,69,68,62,55,45,36,28,19,12,5,2,0,2,
48,70,35,56,84,49,69,68,62,55,45,36,28,19,12,5,2,0,2,
42,89,74,73,71,71,69,68,62,55,45,36,28,19,12,5,2,0,2,
59,23,40,11,71,71,69,68,62,55,45,36,28,19,12,5,2,0,2,
53,101,47,73,71,71,69,68,62,55,45,36,28,19,12,5,2,0,2,
48,53,69,88,54,38,47,67,42,55,45,36,28,19,12,5,2,0,2,
50,106,69,65,71,71,69,68,62,55,45,36,28,19,12,5,2,0,2,
95,23,108,73,71,71,69,68,62,55,45,36,28,19,12,5,2,0,2,
107,75,74,73,71,71,69,68,62,55,45,36,28,19,12,5,2,0,2,
107,35,74,73,71,71,69,68,62,55,45,36,28,19,12,5,2,0,2,
107,47,105,95,14,41,74,34,81,32,31,36,28,19,12,5,2,0,2,
98,75,74,73,71,71,69,68,62,55,45,36,28,19,12,5,2,0,2,
70,46,62,73,71,71,69,68,62,55,45,36,28,19,12,5,2,0,2,
14,70,68,111,19,23,39,68,62,55,45,36,28,19,12,5,2,0,2,
71,75,74,73,71,71,69,68,62,55,45,36,28,19,12,5,2,0,2,
105,70,96,15,23,71,69,68,62,55,45,36,28,19,12,5,2,0,2,
71,75,74,73,71,71,69,68,62,55,45,36,28,19,12,5,2,0,2,
54,98,74,73,71,71,69,68,62,55,45,36,28,19,12,5,2,0,2,
83,46,74,73,71,71,69,68,62,55,45,36,28,19,12,5,2,0,2,
114,75,74,73,71,71,69,68,62,55,45,36,28,19,12,5,2,0,2,
87,80,74,73,71,71,69,68,62,55,45,36,28,19,12,5,2,0,2,
17,75,74,73,71,71,69,68,62,55,45,36,28,19,12,5,2,0,2,
36,41,62,73,71,71,69,68,62,55,45,36,28,19,12,5,2,0,2,
29,75,74,73,71,71,69,68,62,55,45,36,28,19,12,5,2,0,2,
29,75,74,73,71,71,69,68,62,55,45,36,28,19,12,5,2,0,2,
98,97,107,98,40,37,18,92,62,55,45,36,28,19,12,5,2,0,2,
29,75,74,73,71,71,69,68,62,55,45,36,28,19,12,5,2,0,2,
97,79,34,94,30,71,69,68,62,55,45,36,28,19,12,5,2,0,2,
24,46,62,73,71,71,69,68,62,55,45,36,28,19,12,5,2,0,2,
98,70,68,79,23,40,69,68,62,55,45,36,28,19,12,5,2,0,2,
71,75,74,73,71,71,69,68,62,55,45,36,28,19,12,5,2,0,2,
58,47,104,68,92,65,73,1,62,55,45,36,28,19,12,5,2,0,2,
14,35,74,73,71,71,69,68,62,55,45,36,28,19,12,5,2,0,2,
42,75,74,73,71,71,69,68,62,55,45,36,28,19,12,5,2,0,2,
47,31,74,73,71,71,69,68,62,55,45,36,28,19,12,5,2,0,2,
105,70,22,60,71,71,69,68,62,55,45,36,28,19,12,5,2,0,2,
90,38,92,99,42,59,69,68,62,55,45,36,28,19,12,5,2,0,2,
37,75,74,73,71,71,69,68,62,55,45,36,28,19,12,5,2,0,2,
87,53,97,79,8,74,29,91,62,55,45,36,28,19,12,5,2,0,2,
54,98,69,67,44,20,69,68,62,55,45,36,28,19,12,5,2,0,2,
29,75,74,73,71,71,69,68,62,55,45,36,28,19,12,5,2,0,2,
90,38,74,73,71,71,69,68,62,55,45,36,28,19,12,5,2,0,2,
29,75,74,73,71,71,69,68,62,55,45,36,28,19,12,5,2,0,2,
64,75,74,73,71,71,69,68,62,55,45,36,28,19,12,5,2,0,2,
36,75,74,73,71,71,69,68,62,55,45,36,28,19,12,5,2,0,2,
87,14,58,73,71,71,69,68,62,55,45,36,28,19,12,5,2,0,2,
105,70,96,63,71,71,69,68,62,55,45,36,28,19,12,5,2,0,2,
29,75,74,73,71,71,69,68,62,55,45,36,28,19,12,5,2,0,2,
81,53,89,79,20,71,69,68,62,55,45,36,28,19,12,5,2,0,2,
54,115,22,78,34,71,69,68,62,55,45,36,28,19,12,5,2,0,2,
95,90,34,28,55,71,69,68,62,55,45,36,28,19,12,5,2,0,2,
65,71,74,73,71,71,69,68,62,55,45,36,28,19,12,5,2,0,2,
107,70,34,29,38,37,69,68,62,55,45,36,28,19,12,5,2,0,2,
71,74,74,73,71,71,69,68,62,55,45,36,28,19,12,5,2,0,2,
50,47,69,95,65,41,69,68,62,55,45,36,28,19,12,5,2,0,2,
24,15,74,73,71,71,69,68,62,55,45,36,28,19,12,5,2,0,2,
14,91,109,73,71,71,69,68,62,55,45,36,28,19,12,5,2,0,2,
38,75,74,73,71,71,69,68,62,55,45,36,28,19,12,5,2,0,2,
79,15,36,73,71,71,69,68,62,55,45,36,28,19,12,5,2,0,2,
54,114,74,73,71,71,69,68,62,55,45,36,28,19,12,5,2,0,2,
36,41,74,73,71,71,69,68,62,55,45,36,28,19,12,5,2,0,2,
98,38,73,73,71,71,69,68,62,55,45,36,28,19,12,5,2,0,2,
71,45,112,15,40,71,69,68,62,55,45,36,28,19,12,5,2,0,2,
107,13,46,51,66,65,33,16,50,55,45,36,28,19,12,5,2,0,2,
53,31,74,73,71,71,69,68,62,55,45,36,28,19,12,5,2,0,2,
45,35,19,73,71,71,69,68,62,55,45,36,28,19,12,5,2,0,2,
29,75,74,73,71,71,69,68,62,55,45,36,28,19,12,5,2,0,2,
29,75,74,73,71,71,69,68,62,55,45,36,28,19,12,5,2,0,2,
29,75,74,73,71,71,69,68,62,55,45,36,28,19,12,5,2,0,2,
105,70,33,73,71,71,69,68,62,55,45,36,28,19,12,5,2,0,2,
50,106,97,68,92,54,21,24,37,55,45,36,28,19,12,5,2,0,2,
86,75,74,73,71,71,69,68,62,55,45,36,28,19,12,5,2,0,2,
58,87,94,68,6,80,69,68,62,55,45,36,28,19,12,5,2,0,2,
14,55,97,68,65,34,39,37,66,45,45,36,28,19,12,5,2,0,2,
42,75,74,73,71,71,69,68,62,55,45,36,28,19,12,5,2,0,2,
48,97,68,34,107,23,36,61,62,55,45,36,28,19,12,5,2,0,2,
98,75,74,73,71,71,69,68,62,55,45,36,28,19,12,5,2,0,2,
58,95,96,34,75,29,35,76,51,55,45,36,28,19,12,5,2,0,2,
56,49,56,93,50,90,64,18,62,55,45,36,28,19,12,5,2,0,2,
56,87,52,112,66,23,57,68,62,55,45,36,28,19,12,5,2,0,2,
24,41,73,31,59,71,69,68,62,55,45,36,28,19,12,5,2,0,2,
36,75,74,73,71,71,69,68,62,55,45,36,28,19,12,5,2,0,2,
16,28,74,73,71,71,69,68,62,55,45,36,28,19,12,5,2,0,2,
50,70,14,24,71,71,69,68,62,55,45,36,28,19,12,5,2,0,2,
105,0,14,20,59,71,69,68,62,55,45,36,28,19,12,5,2,0,2,
58,95,46,67,14,83,33,24,62,55,45,36,28,19,12,5,2,0,2,
58,95,111,111,21,49,18,68,62,55,45,36,28,19,12,5,2,0,2,
36,30,74,73,71,71,69,68,62,55,45,36,28,19,12,5,2,0,2,
95,47,104,68,23,89,73,79,43,14,45,36,28,19,12,5,2,0,2,
56,57,104,68,48,34,49,54,64,37,42,36,28,19,12,5,2,0,2,
37,15,22,73,71,71,69,68,62,55,45,36,28,19,12,5,2,0,2,
58,95,97,34,71,71,69,68,62,55,45,36,28,19,12,5,2,0,2,
45,70,57,29,71,71,69,68,62,55,45,36,28,19,12,5,2,0,2,
87,70,77,58,22,79,32,48,35,73,38,36,28,19,12,5,2,0,2,
58,95,69,79,34,15,8,90,41,55,45,36,28,19,12,5,2,0,2,
54,70,85,73,71,71,69,68,62,55,45,36,28,19,12,5,2,0,2,
95,47,80,96,86,17,43,74,53,67,37,30,28,19,12,5,2,0,2,
70,23,74,73,71,71,69,68,62,55,45,36,28,19,12,5,2,0,2,
48,53,97,78,107,33,31,68,62,55,45,36,28,19,12,5,2,0,2,
107,53,62,73,71,71,69,68,62,55,45,36,28,19,12,5,2,0,2,
58,98,69,111,15,55,47,68,62,55,45,36,28,19,12,5,2,0,2,
53,75,74,73,71,71,69,68,62,55,45,36,28,19,12,5,2,0,2,
29,75,74,73,71,71,69,68,62,55,45,36,28,19,12,5,2,0,2,
36,28,74,73,71,71,69,68,62,55,45,36,28,19,12,5,2,0,2,
98,35,54,23,40,20,11,73,50,55,45,36,28,19,12,5,2,0,2,
87,98,68,34,23,71,69,68,62,55,45,36,28,19,12,5,2,0,2,
107,13,79,40,96,49,69,68,62,55,45,36,28,19,12,5,2,0,2,
39,75,74,73,71,71,69,68,62,55,45,36,28,19,12,5,2,0,2,
48,80,34,15,71,71,69,68,62,55,45,36,28,19,12,5,2,0,2,
42,75,74,73,71,71,69,68,62,55,45,36,28,19,12,5,2,0,2,
107,53,82,96,54,28,69,68,62,55,45,36,28,19,12,5,2,0,2,
24,87,104,78,22,40,28,80,39,46,45,36,28,19,12,5,2,0,2,
53,41,74,73,71,71,69,68,62,55,45,36,28,19,12,5,2,0,2,
71,75,74,73,71,71,69,68,62,55,45,36,28,19,12,5,2,0,2,
30,75,74,73,71,71,69,68,62,55,45,36,28,19,12,5,2,0,2,
48,98,74,73,71,71,69,68,62,55,45,36,28,19,12,5,2,0,2,
56,98,74,73,71,71,69,68,62,55,45,36,28,19,12,5,2,0,2,
22,23,27,73,71,71,69,68,62,55,45,36,28,19,12,5,2,0,2,
64,75,74,73,71,71,69,68,62,55,45,36,28,19,12,5,2,0,2,
36,15,62,73,71,71,69,68,62,55,45,36,28,19,12,5,2,0,2,
95,98,69,95,65,10,43,32,62,55,45,36,28,19,12,5,2,0,2,
71,35,85,73,71,71,69,68,62,55,45,36,28,19,12,5,2,0,2,
107,95,66,14,34,82,47,68,62,55,45,36,28,19,12,5,2,0,2,
45,98,22,78,21,40,69,68,62,55,45,36,28,19,12,5,2,0,2,
107,95,37,57,71,71,69,68,62,55,45,36,28,19,12,5,2,0,2,
14,83,96,67,77,49,69,68,62,55,45,36,28,19,12,5,2,0,2,
80,75,74,73,71,71,69,68,62,55,45,36,28,19,12,5,2,0,2,
71,80,34,40,71,71,69,68,62,55,45,36,28,19,12,5,2,0,2,
36,38,62,73,71,71,69,68,62,55,45,36,28,19,12,5,2,0,2,
71,42,47,73,71,71,69,68,62,55,45,36,28,19,12,5,2,0,2,
14,53,97,34,40,71,69,68,62,55,45,36,28,19,12,5,2,0,2,
97,67,68,35,71,71,69,68,62,55,45,36,28,19,12,5,2,0,2,
24,75,74,73,71,71,69,68,62,55,45,36,28,19,12,5,2,0,2,
58,75,74,73,71,71,69,68,62,55,45,36,28,19,12,5,2,0,2,
107,87,69,34,10,71,69,68,62,55,45,36,28,19,12,5,2,0,2,
14,55,46,104,15,21,47,92,58,55,45,36,28,19,12,5,2,0,2,
50,70,78,35,71,71,69,68,62,55,45,36,28,19,12,5,2,0,2,
70,15,51,73,71,71,69,68,62,55,45,36,28,19,12,5,2,0,2,
71,0,28,19,82,101,47,68,62,55,45,36,28,19,12,5,2,0,2,
107,44,69,67,34,15,13,22,37,34,29,36,28,19,12,5,2,0,2,
58,70,112,113,59,71,69,68,62,55,45,36,28,19,12,5,2,0,2,
105,98,66,21,34,71,69,68,62,55,45,36,28,19,12,5,2,0,2,
14,70,34,50,77,71,69,68,62,55,45,36,28,19,12,5,2,0,2,
16,52,74,73,71,71,69,68,62,55,45,36,28,19,12,5,2,0,2,
24,57,114,73,71,71,69,68,62,55,45,36,28,19,12,5,2,0,2,
54,98,69,0,86,72,46,73,62,55,45,36,28,19,12,5,2,0,2,
71,109,34,73,71,71,69,68,62,55,45,36,28,19,12,5,2,0,2,
86,75,74,73,71,71,69,68,62,55,45,36,28,19,12,5,2,0,2,
36,34,74,73,71,71,69,68,62,55,45,36,28,19,12,5,2,0,2,
67,75,74,73,71,71,69,68,62,55,45,36,28,19,12,5,2,0,2,
70,11,76,90,2,71,69,68,62,55,45,36,28,19,12,5,2,0,2,
48,97,0,34,40,71,69,68,62,55,45,36,28,19,12,5,2,0,2,
48,75,74,73,71,71,69,68,62,55,45,36,28,19,12,5,2,0,2,
97,14,93,73,71,71,69,68,62,55,45,36,28,19,12,5,2,0,2,
58,113,82,34,71,71,69,68,62,55,45,36,28,19,12,5,2,0,2,
71,114,87,29,23,42,57,68,62,55,45,36,28,19,12,5,2,0,2,
50,14,22,40,28,71,69,68,62,55,45,36,28,19,12,5,2,0,2,
98,97,68,25,29,2,94,68,62,55,45,36,28,19,12,5,2,0,2,
36,41,45,28,20,31,47,68,62,55,45,36,28,19,12,5,2,0,2,
107,106,69,34,8,71,69,68,62,55,45,36,28,19,12,5,2,0,2,
70,104,62,50,71,71,69,68,62,55,45,36,28,19,12,5,2,0,2,
71,97,0,19,49,71,69,68,62,55,45,36,28,19,12,5,2,0,2,
24,62,74,73,71,71,69,68,62,55,45,36,28,19,12,5,2,0,2,
107,57,22,73,71,71,69,68,62,55,45,36,28,19,12,5,2,0,2,
36,41,51,73,71,71,69,68,62,55,45,36,28,19,12,5,2,0,2,
71,15,22,102,71,71,69,68,62,55,45,36,28,19,12,5,2,0,2,
36,75,74,73,71,71,69,68,62,55,45,36,28,19,12,5,2,0,2,
24,83,97,68,107,20,68,68,62,55,45,36,28,19,12,5,2,0,2,
48,83,69,23,104,71,69,68,62,55,45,36,28,19,12,5,2,0,2,
14,108,97,67,107,74,94,48,62,55,45,36,28,19,12,5,2,0,2,
14,98,69,95,41,40,56,56,62,55,45,36,28,19,12,5,2,0,2,
15,51,45,61,71,71,69,68,62,55,45,36,28,19,12,5,2,0,2,
36,63,74,73,71,71,69,68,62,55,45,36,28,19,12,5,2,0,2,
29,75,74,73,71,71,69,68,62,55,45,36,28,19,12,5,2,0,2,
70,37,74,73,71,71,69,68,62,55,45,36,28,19,12,5,2,0,2,
79,37,74,73,71,71,69,68,62,55,45,36,28,19,12,5,2,0,2,
36,28,74,73,71,71,69,68,62,55,45,36,28,19,12,5,2,0,2,
36,75,74,73,71,71,69,68,62,55,45,36,28,19,12,5,2,0,2,
37,35,74,73,71,71,69,68,62,55,45,36,28,19,12,5,2,0,2,
36,75,74,73,71,71,69,68,62,55,45,36,28,19,12,5,2,0,2,
36,52,74,73,71,71,69,68,62,55,45,36,28,19,12,5,2,0,2,
39,75,74,73,71,71,69,68,62,55,45,36,28,19,12,5,2,0,2,
95,97,68,0,34,74,23,68,62,55,45,36,28,19,12,5,2,0,2,
24,41,74,73,71,71,69,68,62,55,45,36,28,19,12,5,2,0,2,
16,75,74,73,71,71,69,68,62,55,45,36,28,19,12,5,2,0,2,
80,35,14,50,102,71,69,68,62,55,45,36,28,19,12,5,2,0,2,
58,106,52,34,29,71,69,68,62,55,45,36,28,19,12,5,2,0,2,
27,35,22,61,71,71,69,68,62,55,45,36,28,19,12,5,2,0,2,
48,26,34,40,71,71,69,68,62,55,45,36,28,19,12,5,2,0,2,
113,28,106,73,71,71,69,68,62,55,45,36,28,19,12,5,2,0,2,
71,69,37,20,55,42,69,68,62,55,45,36,28,19,12,5,2,0,2,
56,57,97,68,23,76,33,68,62,55,45,36,28,19,12,5,2,0,2,
83,70,37,91,82,101,69,68,62,55,45,36,28,19,12,5,2,0,2,
107,81,97,65,14,71,69,68,62,55,45,36,28,19,12,5,2,0,2,
58,35,37,73,71,71,69,68,62,55,45,36,28,19,12,5,2,0,2,
58,75,74,73,71,71,69,68,62,55,45,36,28,19,12,5,2,0,2,
14,38,92,73,71,71,69,68,62,55,45,36,28,19,12,5,2,0,2,
24,83,104,102,71,71,69,68,62,55,45,36,28,19,12,5,2,0,2,
29,75,74,73,71,71,69,68,62,55,45,36,28,19,12,5,2,0,2,
14,53,97,68,37,64,69,68,62,55,45,36,28,19,12,5,2,0,2,
48,70,96,67,76,71,69,68,62,55,45,36,28,19,12,5,2,0,2,
107,35,40,2,59,106,69,68,62,55,45,36,28,19,12,5,2,0,2,
14,47,53,73,71,71,69,68,62,55,45,36,28,19,12,5,2,0,2,
58,47,52,67,71,71,69,68,62,55,45,36,28,19,12,5,2,0,2,
48,15,60,63,71,71,69,68,62,55,45,36,28,19,12,5,2,0,2,
70,75,74,73,71,71,69,68,62,55,45,36,28,19,12,5,2,0,2,
107,35,6,73,71,71,69,68,62,55,45,36,28,19,12,5,2,0,2,
39,75,74,73,71,71,69,68,62,55,45,36,28,19,12,5,2,0,2,
81,41,74,73,71,71,69,68,62,55,45,36,28,19,12,5,2,0,2,
37,35,74,73,71,71,69,68,62,55,45,36,28,19,12,5,2,0,2,
97,38,70,73,71,71,69,68,62,55,45,36,28,19,12,5,2,0,2,
74,21,115,73,71,71,69,68,62,55,45,36,28,19,12,5,2,0,2,
14,35,40,28,49,71,69,68,62,55,45,36,28,19,12,5,2,0,2,
98,75,74,73,71,71,69,68,62,55,45,36,28,19,12,5,2,0,2,
3,36,22,73,71,71,69,68,62,55,45,36,28,19,12,5,2,0,2,
29,75,74,73,71,71,69,68,62,55,45,36,28,19,12,5,2,0,2,
53,75,74,73,71,71,69,68,62,55,45,36,28,19,12,5,2,0,2,
111,98,69,78,71,71,69,68,62,55,45,36,28,19,12,5,2,0,2,
50,47,34,52,37,59,69,68,62,55,45,36,28,19,12,5,2,0,2,
50,57,69,79,23,37,94,68,62,55,45,36,28,19,12,5,2,0,2,
24,98,113,39,86,44,69,68,62,55,45,36,28,19,12,5,2,0,2,
13,78,74,73,71,71,69,68,62,55,45,36,28,19,12,5,2,0,2,
36,41,36,73,71,71,69,68,62,55,45,36,28,19,12,5,2,0,2,
71,75,74,73,71,71,69,68,62,55,45,36,28,19,12,5,2,0,2,
50,53,69,78,71,71,69,68,62,55,45,36,28,19,12,5,2,0,2,
36,63,74,73,71,71,69,68,62,55,45,36,28,19,12,5,2,0,2,
81,98,95,83,104,71,69,68,62,55,45,36,28,19,12,5,2,0,2,
107,95,78,21,34,38,62,42,62,55,45,36,28,19,12,5,2,0,2,
85,53,113,67,97,83,67,40,35,55,45,36,28,19,12,5,2,0,2,
83,98,60,73,71,71,69,68,62,55,45,36,28,19,12,5,2,0,2,
48,70,34,73,71,71,69,68,62,55,45,36,28,19,12,5,2,0,2,
98,21,102,79,46,71,69,68,62,55,45,36,28,19,12,5,2,0,2,
45,108,56,96,66,67,69,68,62,55,45,36,28,19,12,5,2,0,2,
98,70,28,37,71,71,69,68,62,55,45,36,28,19,12,5,2,0,2,
97,75,74,73,71,71,69,68,62,55,45,36,28,19,12,5,2,0,2,
14,57,97,73,71,71,69,68,62,55,45,36,28,19,12,5,2,0,2,
29,93,100,73,71,71,69,68,62,55,45,36,28,19,12,5,2,0,2,
45,23,94,110,80,66,87,62,72,55,45,36,28,19,12,5,2,0,2,
113,70,3,67,14,29,23,32,62,55,45,36,28,19,12,5,2,0,2,
56,35,40,36,71,71,69,68,62,55,45,36,28,19,12,5,2,0,2,
71,3,74,73,71,71,69,68,62,55,45,36,28,19,12,5,2,0,2,
29,75,74,73,71,71,69,68,62,55,45,36,28,19,12,5,2,0,2,
24,14,34,50,31,62,69,68,62,55,45,36,28,19,12,5,2,0,2,
36,74,62,73,71,71,69,68,62,55,45,36,28,19,12,5,2,0,2,
1,23,74,73,71,71,69,68,62,55,45,36,28,19,12,5,2,0,2,
54,98,40,50,71,71,69,68,62,55,45,36,28,19,12,5,2,0,2,
16,75,74,73,71,71,69,68,62,55,45,36,28,19,12,5,2,0,2,
107,87,69,79,34,103,29,24,88,55,45,36,28,19,12,5,2,0,2,
24,81,69,78,5,71,69,68,62,55,45,36,28,19,12,5,2,0,2,
52,54,74,73,71,71,69,68,62,55,45,36,28,19,12,5,2,0,2,
95,47,80,67,34,29,23,40,62,55,45,36,28,19,12,5,2,0,2,
54,70,68,34,71,71,69,68,62,55,45,36,28,19,12,5,2,0,2,
39,75,74,73,71,71,69,68,62,55,45,36,28,19,12,5,2,0,2,
107,28,74,73,71,71,69,68,62,55,45,36,28,19,12,5,2,0,2,
54,70,22,50,71,71,69,68,62,55,45,36,28,19,12,5,2,0,2,
111,98,78,14,23,40,94,56,62,55,45,36,28,19,12,5,2,0,2,
87,75,74,73,71,71,69,68,62,55,45,36,28,19,12,5,2,0,2,
48,70,34,52,29,44,31,56,62,55,45,36,28,19,12,5,2,0,2,
107,49,35,106,11,71,69,68,62,55,45,36,28,19,12,5,2,0,2,
107,13,75,29,36,71,69,68,62,55,45,36,28,19,12,5,2,0,2,
42,63,74,73,71,71,69,68,62,55,45,36,28,19,12,5,2,0,2,
74,75,74,73,71,71,69,68,62,55,45,36,28,19,12,5,2,0,2,
58,70,89,111,15,49,69,68,62,55,45,36,28,19,12,5,2,0,2,
71,15,22,61,16,71,69,68,62,55,45,36,28,19,12,5,2,0,2,
50,70,22,95,65,75,55,22,62,55,45,36,28,19,12,5,2,0,2,
71,101,74,73,71,71,69,68,62,55,45,36,28,19,12,5,2,0,2,
39,75,74,73,71,71,69,68,62,55,45,36,28,19,12,5,2,0,2,
50,81,13,111,29,71,69,68,62,55,45,36,28,19,12,5,2,0,2,
54,71,74,73,71,71,69,68,62,55,45,36,28,19,12,5,2,0,2,
29,75,74,73,71,71,69,68,62,55,45,36,28,19,12,5,2,0,2,
54,3,68,21,84,71,69,68,62,55,45,36,28,19,12,5,2,0,2,
48,97,34,61,71,71,69,68,62,55,45,36,28,19,12,5,2,0,2,
58,53,97,68,23,7,40,73,70,37,62,36,28,19,12,5,2,0,2,
95,81,69,34,15,74,29,92,51,55,45,36,28,19,12,5,2,0,2,
56,57,46,104,93,75,7,93,28,37,30,34,28,19,12,5,2,0,2,
22,26,34,73,71,71,69,68,62,55,45,36,28,19,12,5,2,0,2,
95,105,69,23,37,67,69,68,62,55,45,36,28,19,12,5,2,0,2,
38,75,74,73,71,71,69,68,62,55,45,36,28,19,12,5,2,0,2,
56,98,69,35,34,29,74,42,51,55,45,36,28,19,12,5,2,0,2,
95,47,105,73,71,71,69,68,62,55,45,36,28,19,12,5,2,0,2,
107,57,46,51,108,66,81,68,62,55,45,36,28,19,12,5,2,0,2,
95,70,74,73,71,71,69,68,62,55,45,36,28,19,12,5,2,0,2,
107,53,97,95,37,105,69,68,62,55,45,36,28,19,12,5,2,0,2,
95,83,69,95,65,34,79,7,26,21,45,36,28,19,12,5,2,0,2,
14,80,74,73,71,71,69,68,62,55,45,36,28,19,12,5,2,0,2,
64,75,74,73,71,71,69,68,62,55,45,36,28,19,12,5,2,0,2,
71,69,74,73,71,71,69,68,62,55,45,36,28,19,12,5,2,0,2,
70,75,74,73,71,71,69,68,62,55,45,36,28,19,12,5,2,0,2,
24,75,74,73,71,71,69,68,62,55,45,36,28,19,12,5,2,0,2,
111,70,78,79,71,71,69,68,62,55,45,36,28,19,12,5,2,0,2,
113,70,34,15,71,71,69,68,62,55,45,36,28,19,12,5,2,0,2,
107,41,74,73,71,71,69,68,62,55,45,36,28,19,12,5,2,0,2,
95,98,113,68,23,75,55,22,44,30,55,47,28,19,12,5,2,0,2,
71,69,89,50,28,42,69,68,62,55,45,36,28,19,12,5,2,0,2,
98,79,74,73,71,71,69,68,62,55,45,36,28,19,12,5,2,0,2,
58,98,74,73,71,71,69,68,62,55,45,36,28,19,12,5,2,0,2,
98,70,96,88,77,21,66,56,62,55,45,36,28,19,12,5,2,0,2,
48,113,52,68,23,65,73,1,38,79,29,36,28,19,12,5,2,0,2,
53,75,74,73,71,71,69,68,62,55,45,36,28,19,12,5,2,0,2,
14,49,97,75,34,51,23,91,51,55,45,36,28,19,12,5,2,0,2,
56,53,78,35,21,11,97,68,62,55,45,36,28,19,12,5,2,0,2,
111,70,78,29,44,49,69,68,62,55,45,36,28,19,12,5,2,0,2,
108,20,74,73,71,71,69,68,62,55,45,36,28,19,12,5,2,0,2,
79,75,74,73,71,71,69,68,62,55,45,36,28,19,12,5,2,0,2,
58,53,37,79,49,71,69,68,62,55,45,36,28,19,12,5,2,0,2,
58,47,52,103,93,66,63,41,32,78,16,16,21,10,12,5,2,0,2,
113,17,74,73,71,71,69,68,62,55,45,36,28,19,12,5,2,0,2,
22,75,74,73,71,71,69,68,62,55,45,36,28,19,12,5,2,0,2,
107,13,56,51,108,66,3,62,0,53,24,18,28,19,12,5,2,0,2,
111,90,1,70,71,71,69,68,62,55,45,36,28,19,12,5,2,0,2,
24,41,100,42,71,71,69,68,62,55,45,36,28,19,12,5,2,0,2,
14,23,94,110,50,89,34,0,62,55,45,36,28,19,12,5,2,0,2,
71,14,79,40,44,101,57,68,62,55,45,36,28,19,12,5,2,0,2,
74,35,74,73,71,71,69,68,62,55,45,36,28,19,12,5,2,0,2,
107,95,46,34,71,71,69,68,62,55,45,36,28,19,12,5,2,0,2,
14,35,114,73,71,71,69,68,62,55,45,36,28,19,12,5,2,0,2,
14,44,94,45,106,104,64,72,0,9,14,17,28,19,12,5,2,0,2,
58,53,69,21,71,71,69,68,62,55,45,36,28,19,12,5,2,0,2,
47,75,74,73,71,71,69,68,62,55,45,36,28,19,12,5,2,0,2,
22,104,74,73,71,71,69,68,62,55,45,36,28,19,12,5,2,0,2,
111,79,74,73,71,71,69,68,62,55,45,36,28,19,12,5,2,0,2,
70,36,51,73,71,71,69,68,62,55,45,36,28,19,12,5,2,0,2,
50,57,74,73,71,71,69,68,62,55,45,36,28,19,12,5,2,0,2,
39,52,74,73,71,71,69,68,62,55,45,36,28,19,12,5,2,0,2,
97,67,68,0,49,71,69,68,62,55,45,36,28,19,12,5,2,0,2,
58,84,27,73,71,71,69,68,62,55,45,36,28,19,12,5,2,0,2,
50,113,78,35,57,74,39,73,51,55,45,36,28,19,12,5,2,0,2,
59,75,74,73,71,71,69,68,62,55,45,36,28,19,12,5,2,0,2,
81,70,44,34,54,44,69,68,62,55,45,36,28,19,12,5,2,0,2,
10,117,74,73,71,71,69,68,62,55,45,36,28,19,12,5,2,0,2,
54,83,68,34,49,23,97,68,62,55,45,36,28,19,12,5,2,0,2,
24,87,13,40,28,59,69,68,62,55,45,36,28,19,12,5,2,0,2,
24,98,11,73,71,71,69,68,62,55,45,36,28,19,12,5,2,0,2,
29,75,74,73,71,71,69,68,62,55,45,36,28,19,12,5,2,0,2,
98,70,107,34,107,42,69,68,62,55,45,36,28,19,12,5,2,0,2,
24,49,69,88,107,13,36,67,51,55,45,36,28,19,12,5,2,0,2,
98,20,74,73,71,71,69,68,62,55,45,36,28,19,12,5,2,0,2,
48,70,74,73,71,71,69,68,62,55,45,36,28,19,12,5,2,0,2,
71,9,62,73,71,71,69,68,62,55,45,36,28,19,12,5,2,0,2,
58,87,111,15,99,71,69,68,62,55,45,36,28,19,12,5,2,0,2,
14,81,34,40,55,71,69,68,62,55,45,36,28,19,12,5,2,0,2,
71,35,79,73,71,71,69,68,62,55,45,36,28,19,12,5,2,0,2,
36,41,74,73,71,71,69,68,62,55,45,36,28,19,12,5,2,0,2,
95,47,105,96,71,71,69,68,62,55,45,36,28,19,12,5,2,0,2,
71,0,79,23,40,49,69,68,62,55,45,36,28,19,12,5,2,0,2,
16,41,37,73,71,71,69,68,62,55,45,36,28,19,12,5,2,0,2,
48,98,69,67,7,41,26,26,72,55,45,36,28,19,12,5,2,0,2,
0,15,62,73,71,71,69,68,62,55,45,36,28,19,12,5,2,0,2,
42,75,74,73,71,71,69,68,62,55,45,36,28,19,12,5,2,0,2,
60,75,74,73,71,71,69,68,62,55,45,36,28,19,12,5,2,0,2,
71,97,20,59,49,23,20,56,62,55,45,36,28,19,12,5,2,0,2,
54,79,74,73,71,71,69,68,62,55,45,36,28,19,12,5,2,0,2,
42,28,51,73,71,71,69,68,62,55,45,36,28,19,12,5,2,0,2,
97,8,28,23,28,20,82,68,62,55,45,36,28,19,12,5,2,0,2,
24,41,45,37,42,71,69,68,62,55,45,36,28,19,12,5,2,0,2,
113,71,74,73,71,71,69,68,62,55,45,36,28,19,12,5,2,0,2,
48,53,89,71,23,60,69,68,62,55,45,36,28,19,12,5,2,0,2,
45,57,80,67,76,76,52,16,22,55,45,36,28,19,12,5,2,0,2,
50,95,13,111,40,37,28,32,62,55,45,36,28,19,12,5,2,0,2,
37,35,40,20,9,71,69,68,62,55,45,36,28,19,12,5,2,0,2,
14,35,40,73,71,71,69,68,62,55,45,36,28,19,12,5,2,0,2,
14,95,69,67,34,23,39,42,62,55,45,36,28,19,12,5,2,0,2,
54,70,22,67,21,72,47,68,62,55,45,36,28,19,12,5,2,0,2,
71,21,74,73,71,71,69,68,62,55,45,36,28,19,12,5,2,0,2,
107,53,97,67,34,15,69,68,62,55,45,36,28,19,12,5,2,0,2,
42,52,74,73,71,71,69,68,62,55,45,36,28,19,12,5,2,0,2,
42,38,74,73,71,71,69,68,62,55,45,36,28,19,12,5,2,0,2,
107,99,74,73,71,71,69,68,62,55,45,36,28,19,12,5,2,0,2,
111,70,78,17,82,59,69,68,62,55,45,36,28,19,12,5,2,0,2,
29,75,74,73,71,71,69,68,62,55,45,36,28,19,12,5,2,0,2,
107,49,57,48,40,71,69,68,62,55,45,36,28,19,12,5,2,0,2,
107,87,69,23,92,57,79,71,20,2,45,36,28,19,12,5,2,0,2,
107,35,74,73,71,71,69,68,62,55,45,36,28,19,12,5,2,0,2,
64,75,74,73,71,71,69,68,62,55,45,36,28,19,12,5,2,0,2,
76,63,74,73,71,71,69,68,62,55,45,36,28,19,12,5,2,0,2,
48,63,74,73,71,71,69,68,62,55,45,36,28,19,12,5,2,0,2,
58,81,111,68,65,34,57,64,62,55,45,36,28,19,12,5,2,0,2,
114,71,74,73,71,71,69,68,62,55,45,36,28,19,12,5,2,0,2,
92,91,74,73,71,71,69,68,62,55,45,36,28,19,12,5,2,0,2,
95,43,51,73,71,71,69,68,62,55,45,36,28,19,12,5,2,0,2,
83,105,37,73,71,71,69,68,62,55,45,36,28,19,12,5,2,0,2,
71,15,85,105,71,71,69,68,62,55,45,36,28,19,12,5,2,0,2,
17,75,74,73,71,71,69,68,62,55,45,36,28,19,12,5,2,0,2,
87,75,74,73,71,71,69,68,62,55,45,36,28,19,12,5,2,0,2,
98,70,57,99,71,71,69,68,62,55,45,36,28,19,12,5,2,0,2,
71,35,51,73,71,71,69,68,62,55,45,36,28,19,12,5,2,0,2,
50,47,80,41,40,42,47,68,62,55,45,36,28,19,12,5,2,0,2,
48,81,111,96,66,23,3,62,65,53,8,36,28,19,12,5,2,0,2,
24,49,94,96,76,54,91,64,62,55,45,36,28,19,12,5,2,0,2,
98,101,74,73,71,71,69,68,62,55,45,36,28,19,12,5,2,0,2,
14,23,73,73,71,71,69,68,62,55,45,36,28,19,12,5,2,0,2,
71,79,38,73,71,71,69,68,62,55,45,36,28,19,12,5,2,0,2,
36,52,74,73,71,71,69,68,62,55,45,36,28,19,12,5,2,0,2,
103,75,74,73,71,71,69,68,62,55,45,36,28,19,12,5,2,0,2,
74,63,74,73,71,71,69,68,62,55,45,36,28,19,12,5,2,0,2,
97,79,79,59,20,59,69,68,62,55,45,36,28,19,12,5,2,0,2,
71,109,62,73,71,71,69,68,62,55,45,36,28,19,12,5,2,0,2,
83,70,3,79,34,54,47,24,62,55,45,36,28,19,12,5,2,0,2,
85,13,0,56,44,71,69,68,62,55,45,36,28,19,12,5,2,0,2,
12,27,30,73,71,71,69,68,62,55,45,36,28,19,12,5,2,0,2,
48,53,97,79,54,103,45,40,41,47,45,36,28,19,12,5,2,0,2,
98,70,68,73,71,71,69,68,62,55,45,36,28,19,12,5,2,0,2,
80,75,74,73,71,71,69,68,62,55,45,36,28,19,12,5,2,0,2,
74,75,74,73,71,71,69,68,62,55,45,36,28,19,12,5,2,0,2,
48,78,18,73,71,71,69,68,62,55,45,36,28,19,12,5,2,0,2,
107,95,69,67,0,94,15,44,62,55,45,36,28,19,12,5,2,0,2,
24,88,33,54,110,71,69,68,62,55,45,36,28,19,12,5,2,0,2,
98,67,75,57,71,71,69,68,62,55,45,36,28,19,12,5,2,0,2,
48,15,27,79,71,71,69,68,62,55,45,36,28,19,12,5,2,0,2,
15,11,40,113,49,71,69,68,62,55,45,36,28,19,12,5,2,0,2,
58,75,74,73,71,71,69,68,62,55,45,36,28,19,12,5,2,0,2,
97,69,25,21,47,71,69,68,62,55,45,36,28,19,12,5,2,0,2,
95,98,69,3,65,83,43,37,48,55,45,36,28,19,12,5,2,0,2,
70,114,37,20,71,71,69,68,62,55,45,36,28,19,12,5,2,0,2,
39,82,73,73,71,71,69,68,62,55,45,36,28,19,12,5,2,0,2,
81,75,74,73,71,71,69,68,62,55,45,36,28,19,12,5,2,0,2,
50,98,40,73,71,71,69,68,62,55,45,36,28,19,12,5,2,0,2,
14,95,111,96,66,65,73,22,72,60,8,36,28,19,12,5,2,0,2,
107,23,48,45,50,90,63,15,5,78,45,36,28,19,12,5,2,0,2,
107,83,22,43,34,49,36,68,62,55,45,36,28,19,12,5,2,0,2,
105,53,3,67,77,49,69,68,62,55,45,36,28,19,12,5,2,0,2,
107,70,51,84,71,71,69,68,62,55,45,36,28,19,12,5,2,0,2,
71,63,74,73,71,71,69,68,62,55,45,36,28,19,12,5,2,0,2,
80,104,15,73,71,71,69,68,62,55,45,36,28,19,12,5,2,0,2,
113,3,5,77,40,11,74,98,44,55,45,36,28,19,12,5,2,0,2,
95,98,69,95,65,75,21,16,13,59,45,36,28,19,12,5,2,0,2,
22,29,102,73,71,71,69,68,62,55,45,36,28,19,12,5,2,0,2,
14,97,107,79,9,64,78,3,54,51,31,36,28,19,12,5,2,0,2,
95,83,74,73,71,71,69,68,62,55,45,36,28,19,12,5,2,0,2,
98,79,8,73,71,71,69,68,62,55,45,36,28,19,12,5,2,0,2,
74,75,74,73,71,71,69,68,62,55,45,36,28,19,12,5,2,0,2,
50,57,72,34,59,71,69,68,62,55,45,36,28,19,12,5,2,0,2,
50,47,97,67,51,57,29,45,62,55,45,36,28,19,12,5,2,0,2,
83,80,40,102,71,71,69,68,62,55,45,36,28,19,12,5,2,0,2,
48,106,80,51,100,65,37,61,58,37,45,36,28,19,12,5,2,0,2,
79,21,22,28,49,71,69,68,62,55,45,36,28,19,12,5,2,0,2,
111,53,97,23,41,76,33,44,73,73,45,36,28,19,12,5,2,0,2,
36,31,74,73,71,71,69,68,62,55,45,36,28,19,12,5,2,0,2,
74,31,74,73,71,71,69,68,62,55,45,36,28,19,12,5,2,0,2,
53,46,109,73,71,71,69,68,62,55,45,36,28,19,12,5,2,0,2,
71,23,87,20,71,71,69,68,62,55,45,36,28,19,12,5,2,0,2,
71,75,74,73,71,71,69,68,62,55,45,36,28,19,12,5,2,0,2,
95,113,66,67,71,71,69,68,62,55,45,36,28,19,12,5,2,0,2,
58,81,52,82,93,32,7,1,38,60,24,36,28,19,12,5,2,0,2,
50,95,80,51,66,67,69,68,62,55,45,36,28,19,12,5,2,0,2,
71,88,74,73,71,71,69,68,62,55,45,36,28,19,12,5,2,0,2,
80,75,74,73,71,71,69,68,62,55,45,36,28,19,12,5,2,0,2,
71,58,74,73,71,71,69,68,62,55,45,36,28,19,12,5,2,0,2,
14,53,79,89,71,71,69,68,62,55,45,36,28,19,12,5,2,0,2,
81,96,40,11,71,71,69,68,62,55,45,36,28,19,12,5,2,0,2,
112,75,74,73,71,71,69,68,62,55,45,36,28,19,12,5,2,0,2,
54,98,20,86,75,29,53,64,62,55,45,36,28,19,12,5,2,0,2,
15,23,74,73,71,71,69,68,62,55,45,36,28,19,12,5,2,0,2,
83,75,74,73,71,71,69,68,62,55,45,36,28,19,12,5,2,0,2,
58,23,19,113,49,71,69,68,62,55,45,36,28,19,12,5,2,0,2,
50,70,34,37,71,71,69,68,62,55,45,36,28,19,12,5,2,0,2,
29,116,61,50,71,71,69,68,62,55,45,36,28,19,12,5,2,0,2,
70,29,74,73,71,71,69,68,62,55,45,36,28,19,12,5,2,0,2,
70,79,60,29,21,38,19,40,41,60,61,19,23,19,12,5,2,0,2,
105,97,3,67,109,36,57,48,62,55,45,36,28,19,12,5,2,0,2,
56,23,52,68,75,71,69,68,62,55,45,36,28,19,12,5,2,0,2,
53,20,37,73,71,71,69,68,62,55,45,36,28,19,12,5,2,0,2,
24,75,74,73,71,71,69,68,62,55,45,36,28,19,12,5,2,0,2,
39,82,74,73,71,71,69,68,62,55,45,36,28,19,12,5,2,0,2,
14,70,78,86,1,44,69,68,62,55,45,36,28,19,12,5,2,0,2,
53,75,74,73,71,71,69,68,62,55,45,36,28,19,12,5,2,0,2,
50,105,97,67,77,36,97,68,62,55,45,36,28,19,12,5,2,0,2,
107,98,101,99,71,71,69,68,62,55,45,36,28,19,12,5,2,0,2,
74,75,74,73,71,71,69,68,62,55,45,36,28,19,12,5,2,0,2,
54,98,25,29,28,71,69,68,62,55,45,36,28,19,12,5,2,0,2,
14,47,80,96,43,100,74,51,48,45,45,36,28,19,12,5,2,0,2,
54,75,74,73,71,71,69,68,62,55,45,36,28,19,12,5,2,0,2,
51,75,74,73,71,71,69,68,62,55,45,36,28,19,12,5,2,0,2,
48,70,57,111,20,37,69,68,62,55,45,36,28,19,12,5,2,0,2,
81,69,13,7,34,44,56,83,51,37,45,36,28,19,12,5,2,0,2,
71,15,74,73,71,71,69,68,62,55,45,36,28,19,12,5,2,0,2,
107,70,68,79,107,29,43,29,44,55,45,36,28,19,12,5,2,0,2,
3,23,40,73,71,71,69,68,62,55,45,36,28,19,12,5,2,0,2,
53,75,74,73,71,71,69,68,62,55,45,36,28,19,12,5,2,0,2,
24,35,11,73,71,71,69,68,62,55,45,36,28,19,12,5,2,0,2,
50,73,40,9,71,71,69,68,62,55,45,36,28,19,12,5,2,0,2,
71,35,8,94,37,71,69,68,62,55,45,36,28,19,12,5,2,0,2,
112,75,74,73,71,71,69,68,62,55,45,36,28,19,12,5,2,0,2,
76,28,73,73,71,71,69,68,62,55,45,36,28,19,12,5,2,0,2,
42,20,74,73,71,71,69,68,62,55,45,36,28,19,12,5,2,0,2,
71,90,74,73,71,71,69,68,62,55,45,36,28,19,12,5,2,0,2,
79,75,74,73,71,71,69,68,62,55,45,36,28,19,12,5,2,0,2,
107,106,52,95,65,14,52,16,59,6,54,36,28,19,12,5,2,0,2,
81,98,69,23,72,59,69,68,62,55,45,36,28,19,12,5,2,0,2,
14,81,22,95,65,75,34,15,0,33,24,3,31,19,12,5,2,0,2,
95,58,81,36,49,71,69,68,62,55,45,36,28,19,12,5,2,0,2,
45,23,68,41,69,76,20,44,62,55,45,36,28,19,12,5,2,0,2,
101,75,74,73,71,71,69,68,62,55,45,36,28,19,12,5,2,0,2,
58,75,74,73,71,71,69,68,62,55,45,36,28,19,12,5,2,0,2,
58,47,105,80,50,43,33,51,14,64,12,18,7,19,12,5,2,0,2,
98,70,68,100,19,37,31,68,62,55,45,36,28,19,12,5,2,0,2,
107,13,43,96,77,34,15,32,34,35,45,36,28,19,12,5,2,0,2,
35,75,74,73,71,71,69,68,62,55,45,36,28,19,12,5,2,0,2,
14,98,69,0,54,38,17,58,62,55,45,36,28,19,12,5,2,0,2,
24,41,45,31,96,58,69,68,62,55,45,36,28,19,12,5,2,0,2,
102,75,74,73,71,71,69,68,62,55,45,36,28,19,12,5,2,0,2,
24,41,74,73,71,71,69,68,62,55,45,36,28,19,12,5,2,0,2,
24,41,100,73,71,71,69,68,62,55,45,36,28,19,12,5,2,0,2,
107,47,3,15,57,29,21,25,53,55,45,36,28,19,12,5,2,0,2,
79,36,92,73,71,71,69,68,62,55,45,36,28,19,12,5,2,0,2,
107,95,74,73,71,71,69,68,62,55,45,36,28,19,12,5,2,0,2,
24,98,19,113,71,71,69,68,62,55,45,36,28,19,12,5,2,0,2,
95,70,22,3,14,106,47,68,62,55,45,36,28,19,12,5,2,0,2,
74,52,10,73,71,71,69,68,62,55,45,36,28,19,12,5,2,0,2,
114,75,74,73,71,71,69,68,62,55,45,36,28,19,12,5,2,0,2,
107,105,68,14,5,83,29,24,37,41,41,38,27,19,12,5,2,0,2,
50,75,74,73,71,71,69,68,62,55,45,36,28,19,12,5,2,0,2,
15,12,10,79,71,71,69,68,62,55,45,36,28,19,12,5,2,0,2,
15,80,112,50,40,28,84,56,62,55,45,36,28,19,12,5,2,0,2,
95,23,13,29,37,71,69,68,62,55,45,36,28,19,12,5,2,0,2,
14,87,46,82,93,23,63,51,86,22,12,36,28,19,12,5,2,0,2,
107,53,97,79,34,15,22,75,22,55,45,36,28,19,12,5,2,0,2,
95,69,13,21,87,62,47,68,62,55,45,36,28,19,12,5,2,0,2,
45,70,44,56,51,23,39,44,77,71,31,36,28,19,12,5,2,0,2,
24,28,74,73,71,71,69,68,62,55,45,36,28,19,12,5,2,0,2,
99,62,74,73,71,71,69,68,62,55,45,36,28,19,12,5,2,0,2,
48,106,97,21,40,37,69,68,62,55,45,36,28,19,12,5,2,0,2,
107,13,13,106,48,76,33,16,6,37,45,36,28,19,12,5,2,0,2,
87,95,113,34,13,105,69,68,62,55,45,36,28,19,12,5,2,0,2,
42,62,74,73,71,71,69,68,62,55,45,36,28,19,12,5,2,0,2,
14,53,34,23,20,106,69,68,62,55,45,36,28,19,12,5,2,0,2,
75,75,74,73,71,71,69,68,62,55,45,36,28,19,12,5,2,0,2,
15,72,74,73,71,71,69,68,62,55,45,36,28,19,12,5,2,0,2,
112,75,74,73,71,71,69,68,62,55,45,36,28,19,12,5,2,0,2,
55,75,74,73,71,71,69,68,62,55,45,36,28,19,12,5,2,0,2,
71,41,19,50,71,71,69,68,62,55,45,36,28,19,12,5,2,0,2,
20,91,51,73,71,71,69,68,62,55,45,36,28,19,12,5,2,0,2,
95,98,22,40,37,28,11,73,55,55,45,36,28,19,12,5,2,0,2,
56,98,113,21,29,23,53,68,62,55,45,36,28,19,12,5,2,0,2,
36,75,74,73,71,71,69,68,62,55,45,36,28,19,12,5,2,0,2,
54,79,11,44,55,71,69,68,62,55,45,36,28,19,12,5,2,0,2,
48,98,69,95,76,37,69,68,62,55,45,36,28,19,12,5,2,0,2,
112,78,20,40,37,71,69,68,62,55,45,36,28,19,12,5,2,0,2,
53,75,74,73,71,71,69,68,62,55,45,36,28,19,12,5,2,0,2,
81,114,37,20,71,71,69,68,62,55,45,36,28,19,12,5,2,0,2,
45,47,20,43,54,58,69,68,62,55,45,36,28,19,12,5,2,0,2,
54,75,74,73,71,71,69,68,62,55,45,36,28,19,12,5,2,0,2,
74,20,27,42,49,71,69,68,62,55,45,36,28,19,12,5,2,0,2,
48,98,22,37,42,71,69,68,62,55,45,36,28,19,12,5,2,0,2,
85,98,40,44,71,71,69,68,62,55,45,36,28,19,12,5,2,0,2,
3,75,74,73,71,71,69,68,62,55,45,36,28,19,12,5,2,0,2,
92,75,74,73,71,71,69,68,62,55,45,36,28,19,12,5,2,0,2,
98,69,77,92,71,71,69,68,62,55,45,36,28,19,12,5,2,0,2,
21,75,74,73,71,71,69,68,62,55,45,36,28,19,12,5,2,0,2,
98,75,74,73,71,71,69,68,62,55,45,36,28,19,12,5,2,0,2,
21,75,74,73,71,71,69,68,62,55,45,36,28,19,12,5,2,0,2,
3,69,13,40,28,71,69,68,62,55,45,36,28,19,12,5,2,0,2,
107,47,20,34,44,18,57,68,62,55,45,36,28,19,12,5,2,0,2,
14,95,105,67,35,0,21,24,37,5,45,36,28,19,12,5,2,0,2,
14,69,14,29,40,37,102,68,62,55,45,36,28,19,12,5,2,0,2,
105,98,22,67,76,103,15,44,69,55,45,36,28,19,12,5,2,0,2,
45,87,82,96,43,83,74,34,47,37,45,36,28,19,12,5,2,0,2,
70,63,74,73,71,71,69,68,62,55,45,36,28,19,12,5,2,0,2,
95,81,96,23,11,71,69,68,62,55,45,36,28,19,12,5,2,0,2,
98,21,74,73,71,71,69,68,62,55,45,36,28,19,12,5,2,0,2,
50,109,75,50,71,71,69,68,62,55,45,36,28,19,12,5,2,0,2,
45,81,25,71,95,54,72,68,62,55,45,36,28,19,12,5,2,0,2,
16,75,74,73,71,71,69,68,62,55,45,36,28,19,12,5,2,0,2,
95,23,73,16,71,71,69,68,62,55,45,36,28,19,12,5,2,0,2,
17,75,74,73,71,71,69,68,62,55,45,36,28,19,12,5,2,0,2,
3,58,74,73,71,71,69,68,62,55,45,36,28,19,12,5,2,0,2,
95,47,105,31,71,71,69,68,62,55,45,36,28,19,12,5,2,0,2,
42,75,74,73,71,71,69,68,62,55,45,36,28,19,12,5,2,0,2,
101,75,74,73,71,71,69,68,62,55,45,36,28,19,12,5,2,0,2,
54,0,40,37,71,71,69,68,62,55,45,36,28,19,12,5,2,0,2,
50,98,74,73,71,71,69,68,62,55,45,36,28,19,12,5,2,0,2,
107,70,13,44,71,71,69,68,62,55,45,36,28,19,12,5,2,0,2,
48,98,40,60,49,71,69,68,62,55,45,36,28,19,12,5,2,0,2,
14,55,97,111,33,23,28,82,44,55,45,36,28,19,12,5,2,0,2,
50,47,97,3,65,8,55,77,44,17,28,20,8,12,12,5,2,0,2,
14,95,105,5,107,49,69,68,62,55,45,36,28,19,12,5,2,0,2,
81,80,74,73,71,71,69,68,62,55,45,36,28,19,12,5,2,0,2,
81,15,58,50,71,71,69,68,62,55,45,36,28,19,12,5,2,0,2,
98,69,44,58,23,4,69,68,62,55,45,36,28,19,12,5,2,0,2,
72,75,74,73,71,71,69,68,62,55,45,36,28,19,12,5,2,0,2,
24,71,74,73,71,71,69,68,62,55,45,36,28,19,12,5,2,0,2,
15,41,90,42,71,71,69,68,62,55,45,36,28,19,12,5,2,0,2,
24,41,100,113,58,71,69,68,62,55,45,36,28,19,12,5,2,0,2,
36,34,27,73,71,71,69,68,62,55,45,36,28,19,12,5,2,0,2,
114,75,74,73,71,71,69,68,62,55,45,36,28,19,12,5,2,0,2,
58,98,66,67,76,21,52,44,35,60,45,36,28,19,12,5,2,0,2,
48,88,22,73,71,71,69,68,62,55,45,36,28,19,12,5,2,0,2,
58,53,97,23,65,34,55,68,62,55,45,36,28,19,12,5,2,0,2,
36,20,74,73,71,71,69,68,62,55,45,36,28,19,12,5,2,0,2,
111,53,78,8,37,71,69,68,62,55,45,36,28,19,12,5,2,0,2,
14,87,69,34,75,17,51,91,62,55,45,36,28,19,12,5,2,0,2,
24,49,56,68,92,75,69,68,62,55,45,36,28,19,12,5,2,0,2,
14,95,69,21,43,83,33,16,41,71,45,36,28,19,12,5,2,0,2,
53,75,74,73,71,71,69,68,62,55,45,36,28,19,12,5,2,0,2,
29,75,74,73,71,71,69,68,62,55,45,36,28,19,12,5,2,0,2,
42,28,74,73,71,71,69,68,62,55,45,36,28,19,12,5,2,0,2,
70,14,34,73,71,71,69,68,62,55,45,36,28,19,12,5,2,0,2,
36,74,62,73,71,71,69,68,62,55,45,36,28,19,12,5,2,0,2,
36,52,74,73,71,71,69,68,62,55,45,36,28,19,12,5,2,0,2,
71,114,74,73,71,71,69,68,62,55,45,36,28,19,12,5,2,0,2,
95,47,80,68,107,15,69,68,62,55,45,36,28,19,12,5,2,0,2,
112,80,74,73,71,71,69,68,62,55,45,36,28,19,12,5,2,0,2,
48,98,78,14,86,74,29,44,17,55,45,36,28,19,12,5,2,0,2,
53,75,74,73,71,71,69,68,62,55,45,36,28,19,12,5,2,0,2,
45,35,37,99,71,71,69,68,62,55,45,36,28,19,12,5,2,0,2,
98,97,68,17,23,71,69,68,62,55,45,36,28,19,12,5,2,0,2,
14,70,96,65,76,71,69,68,62,55,45,36,28,19,12,5,2,0,2,
50,70,28,40,28,59,69,68,62,55,45,36,28,19,12,5,2,0,2,
95,69,78,40,71,71,69,68,62,55,45,36,28,19,12,5,2,0,2,
48,70,79,15,99,71,69,68,62,55,45,36,28,19,12,5,2,0,2,
98,69,20,73,71,71,69,68,62,55,45,36,28,19,12,5,2,0,2,
50,70,20,40,31,76,69,68,62,55,45,36,28,19,12,5,2,0,2,
54,70,68,34,67,71,69,68,62,55,45,36,28,19,12,5,2,0,2,
95,9,51,73,71,71,69,68,62,55,45,36,28,19,12,5,2,0,2,
47,75,74,73,71,71,69,68,62,55,45,36,28,19,12,5,2,0,2,
58,47,69,71,19,71,69,68,62,55,45,36,28,19,12,5,2,0,2,
107,106,97,67,26,34,52,16,44,30,6,44,28,19,12,5,2,0,2,
58,87,97,34,107,23,39,37,27,55,45,36,28,19,12,5,2,0,2,
53,75,74,73,71,71,69,68,62,55,45,36,28,19,12,5,2,0,2,
50,53,97,21,38,19,53,12,44,55,45,36,28,19,12,5,2,0,2,
41,23,19,37,71,71,69,68,62,55,45,36,28,19,12,5,2,0,2,
24,38,73,61,71,71,69,68,62,55,45,36,28,19,12,5,2,0,2,
14,55,22,79,19,71,69,68,62,55,45,36,28,19,12,5,2,0,2,
39,71,74,73,71,71,69,68,62,55,45,36,28,19,12,5,2,0,2,
24,49,80,96,77,34,15,40,34,55,45,36,28,19,12,5,2,0,2,
85,98,69,78,29,19,39,52,62,55,45,36,28,19,12,5,2,0,2,
54,70,68,98,71,71,69,68,62,55,45,36,28,19,12,5,2,0,2,
80,68,51,73,71,71,69,68,62,55,45,36,28,19,12,5,2,0,2,
80,37,67,50,71,71,69,68,62,55,45,36,28,19,12,5,2,0,2,
24,41,74,73,71,71,69,68,62,55,45,36,28,19,12,5,2,0,2,
65,75,74,73,71,71,69,68,62,55,45,36,28,19,12,5,2,0,2,
98,35,22,44,28,49,69,68,62,55,45,36,28,19,12,5,2,0,2,
71,75,74,73,71,71,69,68,62,55,45,36,28,19,12,5,2,0,2,
14,55,48,68,23,75,81,47,47,78,8,23,28,19,12,5,2,0,2,
14,5,34,28,49,71,69,68,62,55,45,36,28,19,12,5,2,0,2,
48,0,79,94,71,71,69,68,62,55,45,36,28,19,12,5,2,0,2,
107,57,46,104,23,65,27,32,51,55,45,36,28,19,12,5,2,0,2,
100,71,74,73,71,71,69,68,62,55,45,36,28,19,12,5,2,0,2,
107,13,113,40,71,71,69,68,62,55,45,36,28,19,12,5,2,0,2,
107,98,95,73,71,71,69,68,62,55,45,36,28,19,12,5,2,0,2,
24,47,105,51,100,90,3,62,65,26,65,5,18,19,12,5,2,0,2,
48,106,97,68,42,101,102,68,62,55,45,36,28,19,12,5,2,0,2,
39,75,74,73,71,71,69,68,62,55,45,36,28,19,12,5,2,0,2,
95,81,34,15,49,40,69,68,62,55,45,36,28,19,12,5,2,0,2,
24,113,5,88,55,59,69,68,62,55,45,36,28,19,12,5,2,0,2,
50,75,74,73,71,71,69,68,62,55,45,36,28,19,12,5,2,0,2,
36,75,74,73,71,71,69,68,62,55,45,36,28,19,12,5,2,0,2,
24,75,74,73,71,71,69,68,62,55,45,36,28,19,12,5,2,0,2,
14,47,69,67,43,15,29,75,44,70,40,36,28,19,12,5,2,0,2,
100,23,40,73,71,71,69,68,62,55,45,36,28,19,12,5,2,0,2,
48,3,110,44,71,71,69,68,62,55,45,36,28,19,12,5,2,0,2,
39,75,74,73,71,71,69,68,62,55,45,36,28,19,12,5,2,0,2,
39,75,74,73,71,71,69,68,62,55,45,36,28,19,12,5,2,0,2,
36,114,74,73,71,71,69,68,62,55,45,36,28,19,12,5,2,0,2,
95,47,69,50,71,71,69,68,62,55,45,36,28,19,12,5,2,0,2,
70,56,74,73,71,71,69,68,62,55,45,36,28,19,12,5,2,0,2,
42,56,74,73,71,71,69,68,62,55,45,36,28,19,12,5,2,0,2,
29,75,74,73,71,71,69,68,62,55,45,36,28,19,12,5,2,0,2,
14,98,69,73,71,71,69,68,62,55,45,36,28,19,12,5,2,0,2,
50,53,69,95,76,34,52,46,37,0,45,36,28,19,12,5,2,0,2,
84,75,74,73,71,71,69,68,62,55,45,36,28,19,12,5,2,0,2,
107,13,46,68,65,15,21,24,37,34,45,36,28,19,12,5,2,0,2,
78,94,62,73,71,71,69,68,62,55,45,36,28,19,12,5,2,0,2,
24,87,97,34,49,71,69,68,62,55,45,36,28,19,12,5,2,0,2,
58,80,34,59,58,71,69,68,62,55,45,36,28,19,12,5,2,0,2,
3,14,22,40,28,93,51,48,62,55,45,36,28,19,12,5,2,0,2,
50,95,97,79,29,28,69,68,62,55,45,36,28,19,12,5,2,0,2,
97,79,60,38,59,71,69,68,62,55,45,36,28,19,12,5,2,0,2,
24,74,74,73,71,71,69,68,62,55,45,36,28,19,12,5,2,0,2,
79,75,74,73,71,71,69,68,62,55,45,36,28,19,12,5,2,0,2,
79,36,45,79,71,71,69,68,62,55,45,36,28,19,12,5,2,0,2,
80,75,74,73,71,71,69,68,62,55,45,36,28,19,12,5,2,0,2,
71,90,114,73,71,71,69,68,62,55,45,36,28,19,12,5,2,0,2,
50,57,69,95,34,15,69,68,62,55,45,36,28,19,12,5,2,0,2,
36,10,74,73,71,71,69,68,62,55,45,36,28,19,12,5,2,0,2,
95,98,69,67,41,94,33,54,18,55,45,36,28,19,12,5,2,0,2,
95,69,112,86,71,71,69,68,62,55,45,36,28,19,12,5,2,0,2,
42,80,114,61,49,71,69,68,62,55,45,36,28,19,12,5,2,0,2,
22,35,74,73,71,71,69,68,62,55,45,36,28,19,12,5,2,0,2,
42,75,74,73,71,71,69,68,62,55,45,36,28,19,12,5,2,0,2,
76,75,74,73,71,71,69,68,62,55,45,36,28,19,12,5,2,0,2,
14,55,22,51,93,66,12,52,62,55,45,36,28,19,12,5,2,0,2,
58,113,97,56,49,71,69,68,62,55,45,36,28,19,12,5,2,0,2,
45,70,41,106,34,81,22,38,43,28,52,36,28,19,12,5,2,0,2,
104,98,69,23,54,29,20,91,44,55,45,36,28,19,12,5,2,0,2,
81,53,74,73,71,71,69,68,62,55,45,36,28,19,12,5,2,0,2,
48,106,69,99,77,71,69,68,62,55,45,36,28,19,12,5,2,0,2,
107,55,46,110,93,66,73,73,28,42,13,9,21,19,12,5,2,0,2,
83,98,34,12,77,36,47,68,62,55,45,36,28,19,12,5,2,0,2,
95,98,7,34,15,28,57,68,62,55,45,36,28,19,12,5,2,0,2,
87,15,40,28,82,53,94,48,62,55,45,36,28,19,12,5,2,0,2,
14,49,74,73,71,71,69,68,62,55,45,36,28,19,12,5,2,0,2,
54,98,68,73,71,71,69,68,62,55,45,36,28,19,12,5,2,0,2,
78,91,62,73,71,71,69,68,62,55,45,36,28,19,12,5,2,0,2,
29,75,74,73,71,71,69,68,62,55,45,36,28,19,12,5,2,0,2,
64,75,74,73,71,71,69,68,62,55,45,36,28,19,12,5,2,0,2,
105,53,97,68,96,18,69,68,62,55,45,36,28,19,12,5,2,0,2,
53,75,74,73,71,71,69,68,62,55,45,36,28,19,12,5,2,0,2,
75,116,74,73,71,71,69,68,62,55,45,36,28,19,12,5,2,0,2,
83,12,1,36,71,71,69,68,62,55,45,36,28,19,12,5,2,0,2,
107,113,97,68,7,76,33,96,14,37,45,36,28,19,12,5,2,0,2,
56,57,46,104,106,90,64,51,86,15,50,36,28,19,12,5,2,0,2,
71,34,40,37,99,99,69,68,62,55,45,36,28,19,12,5,2,0,2,
3,111,74,73,71,71,69,68,62,55,45,36,28,19,12,5,2,0,2,
87,39,110,73,71,71,69,68,62,55,45,36,28,19,12,5,2,0,2,
101,43,109,73,71,71,69,68,62,55,45,36,28,19,12,5,2,0,2,
24,46,37,73,71,71,69,68,62,55,45,36,28,19,12,5,2,0,2,
37,15,30,46,71,71,69,68,62,55,45,36,28,19,12,5,2,0,2,
71,69,107,21,49,23,43,37,48,55,45,36,28,19,12,5,2,0,2,
95,106,80,96,3,63,63,73,49,59,14,27,32,24,12,5,2,0,2,
48,70,41,34,19,23,82,68,62,55,45,36,28,19,12,5,2,0,2,
20,41,74,73,71,71,69,68,62,55,45,36,28,19,12,5,2,0,2,
71,36,14,40,71,71,69,68,62,55,45,36,28,19,12,5,2,0,2,
42,46,74,73,71,71,69,68,62,55,45,36,28,19,12,5,2,0,2,
14,69,58,73,71,71,69,68,62,55,45,36,28,19,12,5,2,0,2,
54,70,22,67,76,7,21,73,86,58,13,20,16,16,12,5,2,0,2,
111,98,66,67,40,59,69,68,62,55,45,36,28,19,12,5,2,0,2,
98,75,74,73,71,71,69,68,62,55,45,36,28,19,12,5,2,0,2,
14,106,52,37,71,71,69,68,62,55,45,36,28,19,12,5,2,0,2,
37,23,19,73,71,71,69,68,62,55,45,36,28,19,12,5,2,0,2,
24,53,8,13,49,71,69,68,62,55,45,36,28,19,12,5,2,0,2,
71,69,79,73,71,71,69,68,62,55,45,36,28,19,12,5,2,0,2,
14,42,34,48,27,71,69,68,62,55,45,36,28,19,12,5,2,0,2,
71,114,74,73,71,71,69,68,62,55,45,36,28,19,12,5,2,0,2,
54,83,69,23,104,71,69,68,62,55,45,36,28,19,12,5,2,0,2,
95,100,74,73,71,71,69,68,62,55,45,36,28,19,12,5,2,0,2,
74,59,10,73,71,71,69,68,62,55,45,36,28,19,12,5,2,0,2,
54,46,30,69,71,71,69,68,62,55,45,36,28,19,12,5,2,0,2,
45,47,80,82,93,65,73,8,0,65,34,3,19,20,1,2,1,1,1,
53,75,74,73,71,71,69,68,62,55,45,36,28,19,12,5,2,0,2,
95,109,27,72,55,71,69,68,62,55,45,36,28,19,12,5,2,0,2,
72,75,74,73,71,71,69,68,62,55,45,36,28,19,12,5,2,0,2,
98,80,74,73,71,71,69,68,62,55,45,36,28,19,12,5,2,0,2,
71,58,14,73,71,71,69,68,62,55,45,36,28,19,12,5,2,0,2,
96,78,6,79,71,71,69,68,62,55,45,36,28,19,12,5,2,0,2,
24,98,69,79,15,28,69,68,62,55,45,36,28,19,12,5,2,0,2,
24,69,26,73,71,71,69,68,62,55,45,36,28,19,12,5,2,0,2,
45,3,107,49,54,102,39,32,34,73,38,23,30,15,14,0,1,2,0,
71,67,40,99,49,71,69,68,62,55,45,36,28,19,12,5,2,0,2,
95,20,81,62,71,71,69,68,62,55,45,36,28,19,12,5,2,0,2,
29,75,74,73,71,71,69,68,62,55,45,36,28,19,12,5,2,0,2,
107,115,112,29,11,71,69,68,62,55,45,36,28,19,12,5,2,0,2,
24,47,61,50,71,71,69,68,62,55,45,36,28,19,12,5,2,0,2,
107,38,74,73,71,71,69,68,62,55,45,36,28,19,12,5,2,0,2,
39,75,74,73,71,71,69,68,62,55,45,36,28,19,12,5,2,0,2,
98,21,51,108,71,71,69,68,62,55,45,36,28,19,12,5,2,0,2,
100,75,74,73,71,71,69,68,62,55,45,36,28,19,12,5,2,0,2,
24,70,74,73,71,71,69,68,62,55,45,36,28,19,12,5,2,0,2,
29,75,74,73,71,71,69,68,62,55,45,36,28,19,12,5,2,0,2,
70,80,74,73,71,71,69,68,62,55,45,36,28,19,12,5,2,0,2,
108,1,40,73,71,71,69,68,62,55,45,36,28,19,12,5,2,0,2,
24,10,79,73,71,71,69,68,62,55,45,36,28,19,12,5,2,0,2,
70,15,53,40,49,71,69,68,62,55,45,36,28,19,12,5,2,0,2,
95,70,7,28,71,71,69,68,62,55,45,36,28,19,12,5,2,0,2,
56,69,74,73,71,71,69,68,62,55,45,36,28,19,12,5,2,0,2,
54,23,89,57,71,71,69,68,62,55,45,36,28,19,12,5,2,0,2,
107,13,69,23,3,15,43,68,62,55,45,36,28,19,12,5,2,0,2,
70,21,71,73,71,71,69,68,62,55,45,36,28,19,12,5,2,0,2,
54,98,57,90,71,71,69,68,62,55,45,36,28,19,12,5,2,0,2,
70,35,14,40,71,71,69,68,62,55,45,36,28,19,12,5,2,0,2,
78,75,74,73,71,71,69,68,62,55,45,36,28,19,12,5,2,0,2,
95,106,80,110,7,34,72,48,62,55,45,36,28,19,12,5,2,0,2,
58,53,69,65,65,35,21,95,37,60,45,36,28,19,12,5,2,0,2,
3,20,74,73,71,71,69,68,62,55,45,36,28,19,12,5,2,0,2,
97,77,51,73,71,71,69,68,62,55,45,36,28,19,12,5,2,0,2,
24,75,74,73,71,71,69,68,62,55,45,36,28,19,12,5,2,0,2,
14,80,51,40,71,71,69,68,62,55,45,36,28,19,12,5,2,0,2,
104,75,74,73,71,71,69,68,62,55,45,36,28,19,12,5,2,0,2,
28,41,45,37,71,71,69,68,62,55,45,36,28,19,12,5,2,0,2,
113,70,14,23,40,20,91,36,81,51,31,36,28,19,12,5,2,0,2,
107,49,36,73,71,71,69,68,62,55,45,36,28,19,12,5,2,0,2,
85,57,46,26,34,11,74,97,44,55,45,36,28,19,12,5,2,0,2,
78,75,74,73,71,71,69,68,62,55,45,36,28,19,12,5,2,0,2,
97,75,74,73,71,71,69,68,62,55,45,36,28,19,12,5,2,0,2,
104,71,74,73,71,71,69,68,62,55,45,36,28,19,12,5,2,0,2,
71,21,74,73,71,71,69,68,62,55,45,36,28,19,12,5,2,0,2,
14,10,74,73,71,71,69,68,62,55,45,36,28,19,12,5,2,0,2,
42,75,74,73,71,71,69,68,62,55,45,36,28,19,12,5,2,0,2,
71,23,40,28,71,71,69,68,62,55,45,36,28,19,12,5,2,0,2,
22,75,74,73,71,71,69,68,62,55,45,36,28,19,12,5,2,0,2,
22,111,74,73,71,71,69,68,62,55,45,36,28,19,12,5,2,0,2,
98,20,30,79,58,49,69,68,62,55,45,36,28,19,12,5,2,0,2,
79,75,74,73,71,71,69,68,62,55,45,36,28,19,12,5,2,0,2,
70,75,74,73,71,71,69,68,62,55,45,36,28,19,12,5,2,0,2,
50,57,97,67,49,71,69,68,62,55,45,36,28,19,12,5,2,0,2,
71,41,74,73,71,71,69,68,62,55,45,36,28,19,12,5,2,0,2,
29,75,74,73,71,71,69,68,62,55,45,36,28,19,12,5,2,0,2,
56,87,29,50,71,71,69,68,62,55,45,36,28,19,12,5,2,0,2,
42,75,74,73,71,71,69,68,62,55,45,36,28,19,12,5,2,0,2,
39,75,74,73,71,71,69,68,62,55,45,36,28,19,12,5,2,0,2,
71,69,74,73,71,71,69,68,62,55,45,36,28,19,12,5,2,0,2,
24,70,74,73,71,71,69,68,62,55,45,36,28,19,12,5,2,0,2,
105,75,74,73,71,71,69,68,62,55,45,36,28,19,12,5,2,0,2,
50,14,34,29,71,71,69,68,62,55,45,36,28,19,12,5,2,0,2,
78,75,74,73,71,71,69,68,62,55,45,36,28,19,12,5,2,0,2,
71,52,74,73,71,71,69,68,62,55,45,36,28,19,12,5,2,0,2,
105,53,69,34,15,49,74,68,62,55,45,36,28,19,12,5,2,0,2,
54,52,85,73,71,71,69,68,62,55,45,36,28,19,12,5,2,0,2,
45,70,96,3,71,71,69,68,62,55,45,36,28,19,12,5,2,0,2,
74,41,37,46,71,71,69,68,62,55,45,36,28,19,12,5,2,0,2,
14,70,112,40,71,71,69,68,62,55,45,36,28,19,12,5,2,0,2,
86,75,74,73,71,71,69,68,62,55,45,36,28,19,12,5,2,0,2,
78,89,63,73,71,71,69,68,62,55,45,36,28,19,12,5,2,0,2,
48,106,80,71,95,34,15,40,19,41,22,42,13,7,0,5,2,0,2,
17,75,74,73,71,71,69,68,62,55,45,36,28,19,12,5,2,0,2,
15,52,74,73,71,71,69,68,62,55,45,36,28,19,12,5,2,0,2,
56,38,51,73,71,71,69,68,62,55,45,36,28,19,12,5,2,0,2,
34,47,105,80,66,89,73,79,36,55,45,36,28,19,12,5,2,0,2,
58,53,97,40,37,96,69,68,62,55,45,36,28,19,12,5,2,0,2,
50,114,22,44,71,71,69,68,62,55,45,36,28,19,12,5,2,0,2,
68,52,74,73,71,71,69,68,62,55,45,36,28,19,12,5,2,0,2,
112,116,51,73,71,71,69,68,62,55,45,36,28,19,12,5,2,0,2,
104,97,8,13,28,59,69,68,62,55,45,36,28,19,12,5,2,0,2,
64,75,74,73,71,71,69,68,62,55,45,36,28,19,12,5,2,0,2,
16,21,37,31,49,71,69,68,62,55,45,36,28,19,12,5,2,0,2,
37,41,79,73,71,71,69,68,62,55,45,36,28,19,12,5,2,0,2,
15,75,74,73,71,71,69,68,62,55,45,36,28,19,12,5,2,0,2,
22,88,76,109,49,40,74,68,62,55,45,36,28,19,12,5,2,0,2,
36,82,73,73,71,71,69,68,62,55,45,36,28,19,12,5,2,0,2,
36,75,74,73,71,71,69,68,62,55,45,36,28,19,12,5,2,0,2,
36,23,74,73,71,71,69,68,62,55,45,36,28,19,12,5,2,0,2,
14,70,112,15,71,71,69,68,62,55,45,36,28,19,12,5,2,0,2,
43,35,40,50,71,71,69,68,62,55,45,36,28,19,12,5,2,0,2,
29,75,74,73,71,71,69,68,62,55,45,36,28,19,12,5,2,0,2,
29,75,74,73,71,71,69,68,62,55,45,36,28,19,12,5,2,0,2,
95,47,111,67,21,103,50,68,62,55,45,36,28,19,12,5,2,0,2,
70,75,74,73,71,71,69,68,62,55,45,36,28,19,12,5,2,0,2,
70,36,34,44,67,71,69,68,62,55,45,36,28,19,12,5,2,0,2,
60,75,74,73,71,71,69,68,62,55,45,36,28,19,12,5,2,0,2,
48,90,74,73,71,71,69,68,62,55,45,36,28,19,12,5,2,0,2,
95,98,69,23,86,34,99,44,2,55,45,36,28,19,12,5,2,0,2,
36,75,74,73,71,71,69,68,62,55,45,36,28,19,12,5,2,0,2,
79,59,74,73,71,71,69,68,62,55,45,36,28,19,12,5,2,0,2,
95,70,66,78,71,71,69,68,62,55,45,36,28,19,12,5,2,0,2,
68,75,74,73,71,71,69,68,62,55,45,36,28,19,12,5,2,0,2,
98,70,21,23,37,71,69,68,62,55,45,36,28,19,12,5,2,0,2,
29,75,74,73,71,71,69,68,62,55,45,36,28,19,12,5,2,0,2,
42,46,74,73,71,71,69,68,62,55,45,36,28,19,12,5,2,0,2,
48,70,74,73,71,71,69,68,62,55,45,36,28,19,12,5,2,0,2,
53,41,37,91,71,71,69,68,62,55,45,36,28,19,12,5,2,0,2,
45,98,69,88,71,71,69,68,62,55,45,36,28,19,12,5,2,0,2,
79,75,74,73,71,71,69,68,62,55,45,36,28,19,12,5,2,0,2,
95,47,69,34,23,31,57,68,62,55,45,36,28,19,12,5,2,0,2,
3,46,62,73,71,71,69,68,62,55,45,36,28,19,12,5,2,0,2,
71,35,74,73,71,71,69,68,62,55,45,36,28,19,12,5,2,0,2,
29,75,74,73,71,71,69,68,62,55,45,36,28,19,12,5,2,0,2,
36,41,74,73,71,71,69,68,62,55,45,36,28,19,12,5,2,0,2,
56,98,34,44,60,71,69,68,62,55,45,36,28,19,12,5,2,0,2,
14,35,74,73,71,71,69,68,62,55,45,36,28,19,12,5,2,0,2,
98,78,28,108,71,71,69,68,62,55,45,36,28,19,12,5,2,0,2,
48,98,10,42,71,71,69,68,62,55,45,36,28,19,12,5,2,0,2,
95,52,74,73,71,71,69,68,62,55,45,36,28,19,12,5,2,0,2,
48,53,69,67,76,76,33,30,22,55,45,36,28,19,12,5,2,0,2,
31,75,74,73,71,71,69,68,62,55,45,36,28,19,12,5,2,0,2,
14,40,34,50,71,71,69,68,62,55,45,36,28,19,12,5,2,0,2,
58,98,28,105,71,71,69,68,62,55,45,36,28,19,12,5,2,0,2,
29,59,51,73,71,71,69,68,62,55,45,36,28,19,12,5,2,0,2,
29,75,74,73,71,71,69,68,62,55,45,36,28,19,12,5,2,0,2,
36,41,10,50,71,71,69,68,62,55,45,36,28,19,12,5,2,0,2,
71,36,22,61,71,71,69,68,62,55,45,36,28,19,12,5,2,0,2,
54,114,70,73,71,71,69,68,62,55,45,36,28,19,12,5,2,0,2,
70,75,74,73,71,71,69,68,62,55,45,36,28,19,12,5,2,0,2,
83,52,74,73,71,71,69,68,62,55,45,36,28,19,12,5,2,0,2,
87,95,46,34,84,49,69,68,62,55,45,36,28,19,12,5,2,0,2,
44,111,74,73,71,71,69,68,62,55,45,36,28,19,12,5,2,0,2,
24,98,69,95,14,34,57,68,62,55,45,36,28,19,12,5,2,0,2,
56,70,99,29,40,80,69,68,62,55,45,36,28,19,12,5,2,0,2,
36,75,74,73,71,71,69,68,62,55,45,36,28,19,12,5,2,0,2,
24,69,34,76,40,71,69,68,62,55,45,36,28,19,12,5,2,0,2,
36,75,74,73,71,71,69,68,62,55,45,36,28,19,12,5,2,0,2,
98,35,74,73,71,71,69,68,62,55,45,36,28,19,12,5,2,0,2,
107,70,74,73,71,71,69,68,62,55,45,36,28,19,12,5,2,0,2,
64,75,74,73,71,71,69,68,62,55,45,36,28,19,12,5,2,0,2,
83,23,8,77,42,59,69,68,62,55,45,36,28,19,12,5,2,0,2,
71,97,72,83,33,59,69,68,62,55,45,36,28,19,12,5,2,0,2,
70,90,110,23,59,71,69,68,62,55,45,36,28,19,12,5,2,0,2,
79,117,74,73,71,71,69,68,62,55,45,36,28,19,12,5,2,0,2,
90,114,74,73,71,71,69,68,62,55,45,36,28,19,12,5,2,0,2,
95,70,79,27,20,80,69,68,62,55,45,36,28,19,12,5,2,0,2,
83,69,77,73,71,71,69,68,62,55,45,36,28,19,12,5,2,0,2,
14,67,34,40,71,71,69,68,62,55,45,36,28,19,12,5,2,0,2,
98,23,14,42,104,71,69,68,62,55,45,36,28,19,12,5,2,0,2,
107,114,20,73,71,71,69,68,62,55,45,36,28,19,12,5,2,0,2,
80,35,19,73,71,71,69,68,62,55,45,36,28,19,12,5,2,0,2,
36,34,40,73,71,71,69,68,62,55,45,36,28,19,12,5,2,0,2,
39,75,74,73,71,71,69,68,62,55,45,36,28,19,12,5,2,0,2,
11,75,74,73,71,71,69,68,62,55,45,36,28,19,12,5,2,0,2,
41,52,42,73,71,71,69,68,62,55,45,36,28,19,12,5,2,0,2,
29,75,74,73,71,71,69,68,62,55,45,36,28,19,12,5,2,0,2,
56,83,97,99,104,71,69,68,62,55,45,36,28,19,12,5,2,0,2,
71,90,45,31,71,71,69,68,62,55,45,36,28,19,12,5,2,0,2,
34,57,105,112,66,15,29,68,62,55,45,36,28,19,12,5,2,0,2,
107,53,34,13,21,6,19,42,62,55,45,36,28,19,12,5,2,0,2,
24,70,34,59,12,13,21,68,62,55,45,36,28,19,12,5,2,0,2,
107,44,94,96,71,71,69,68,62,55,45,36,28,19,12,5,2,0,2,
105,69,0,73,71,71,69,68,62,55,45,36,28,19,12,5,2,0,2,
54,98,69,34,23,101,57,68,62,55,45,36,28,19,12,5,2,0,2,
105,98,74,73,71,71,69,68,62,55,45,36,28,19,12,5,2,0,2,
50,87,97,68,76,100,37,48,62,55,45,36,28,19,12,5,2,0,2,
98,79,39,12,71,71,69,68,62,55,45,36,28,19,12,5,2,0,2,
16,31,51,73,71,71,69,68,62,55,45,36,28,19,12,5,2,0,2,
14,106,78,84,90,71,69,68,62,55,45,36,28,19,12,5,2,0,2,
46,74,62,73,71,71,69,68,62,55,45,36,28,19,12,5,2,0,2,
44,75,74,73,71,71,69,68,62,55,45,36,28,19,12,5,2,0,2,
56,70,78,77,17,31,41,68,62,55,45,36,28,19,12,5,2,0,2,
16,75,74,73,71,71,69,68,62,55,45,36,28,19,12,5,2,0,2,
14,53,97,68,3,40,11,48,62,55,45,36,28,19,12,5,2,0,2,
105,53,69,71,37,80,69,68,62,55,45,36,28,19,12,5,2,0,2,
90,75,74,73,71,71,69,68,62,55,45,36,28,19,12,5,2,0,2,
95,47,51,73,71,71,69,68,62,55,45,36,28,19,12,5,2,0,2,
98,69,78,40,37,55,69,68,62,55,45,36,28,19,12,5,2,0,2,
107,51,19,99,49,71,69,68,62,55,45,36,28,19,12,5,2,0,2,
14,75,74,73,71,71,69,68,62,55,45,36,28,19,12,5,2,0,2,
58,98,68,35,34,57,29,20,22,34,45,36,28,19,12,5,2,0,2,
87,98,78,15,42,71,69,68,62,55,45,36,28,19,12,5,2,0,2,
70,29,20,23,37,70,31,68,62,55,45,36,28,19,12,5,2,0,2,
37,75,74,73,71,71,69,68,62,55,45,36,28,19,12,5,2,0,2,
71,75,74,73,71,71,69,68,62,55,45,36,28,19,12,5,2,0,2,
36,75,74,73,71,71,69,68,62,55,45,36,28,19,12,5,2,0,2,
48,23,100,73,71,71,69,68,62,55,45,36,28,19,12,5,2,0,2,
71,69,78,7,58,71,69,68,62,55,45,36,28,19,12,5,2,0,2,
42,75,74,73,71,71,69,68,62,55,45,36,28,19,12,5,2,0,2,
107,69,35,111,109,58,69,68,62,55,45,36,28,19,12,5,2,0,2,
14,32,20,28,71,71,69,68,62,55,45,36,28,19,12,5,2,0,2,
44,75,74,73,71,71,69,68,62,55,45,36,28,19,12,5,2,0,2,
70,75,74,73,71,71,69,68,62,55,45,36,28,19,12,5,2,0,2,
104,78,26,73,71,71,69,68,62,55,45,36,28,19,12,5,2,0,2,
14,14,74,73,71,71,69,68,62,55,45,36,28,19,12,5,2,0,2,
70,80,74,73,71,71,69,68,62,55,45,36,28,19,12,5,2,0,2,
50,98,74,73,71,71,69,68,62,55,45,36,28,19,12,5,2,0,2,
97,6,27,73,71,71,69,68,62,55,45,36,28,19,12,5,2,0,2,
107,13,111,68,65,103,15,30,41,6,29,25,28,19,12,5,2,0,2,
107,109,53,50,71,71,69,68,62,55,45,36,28,19,12,5,2,0,2,
97,45,34,15,17,44,69,68,62,55,45,36,28,19,12,5,2,0,2,
34,13,14,44,102,71,69,68,62,55,45,36,28,19,12,5,2,0,2,
50,34,18,73,71,71,69,68,62,55,45,36,28,19,12,5,2,0,2,
38,75,74,73,71,71,69,68,62,55,45,36,28,19,12,5,2,0,2,
74,75,74,73,71,71,69,68,62,55,45,36,28,19,12,5,2,0,2,
38,75,74,73,71,71,69,68,62,55,45,36,28,19,12,5,2,0,2,
70,52,74,73,71,71,69,68,62,55,45,36,28,19,12,5,2,0,2,
90,52,74,73,71,71,69,68,62,55,45,36,28,19,12,5,2,0,2,
36,28,51,73,71,71,69,68,62,55,45,36,28,19,12,5,2,0,2,
16,41,74,73,71,71,69,68,62,55,45,36,28,19,12,5,2,0,2,
50,57,94,51,93,66,33,54,70,59,6,33,33,19,12,5,2,0,2,
97,23,15,73,71,71,69,68,62,55,45,36,28,19,12,5,2,0,2,
58,95,52,23,65,75,96,77,64,34,6,47,28,19,12,5,2,0,2,
70,23,4,73,71,71,69,68,62,55,45,36,28,19,12,5,2,0,2,
24,98,69,95,69,34,21,40,39,51,45,36,28,19,12,5,2,0,2,
86,75,74,73,71,71,69,68,62,55,45,36,28,19,12,5,2,0,2,
105,112,51,42,104,71,69,68,62,55,45,36,28,19,12,5,2,0,2,
53,80,74,73,71,71,69,68,62,55,45,36,28,19,12,5,2,0,2,
48,113,68,40,70,71,69,68,62,55,45,36,28,19,12,5,2,0,2,
25,56,74,73,71,71,69,68,62,55,45,36,28,19,12,5,2,0,2,
50,83,97,37,71,71,69,68,62,55,45,36,28,19,12,5,2,0,2,
44,111,74,73,71,71,69,68,62,55,45,36,28,19,12,5,2,0,2,
98,35,33,73,71,71,69,68,62,55,45,36,28,19,12,5,2,0,2,
70,14,79,34,71,71,69,68,62,55,45,36,28,19,12,5,2,0,2,
107,49,105,73,71,71,69,68,62,55,45,36,28,19,12,5,2,0,2,
114,75,74,73,71,71,69,68,62,55,45,36,28,19,12,5,2,0,2,
14,58,37,73,71,71,69,68,62,55,45,36,28,19,12,5,2,0,2,
78,75,74,73,71,71,69,68,62,55,45,36,28,19,12,5,2,0,2,
48,106,40,37,94,71,69,68,62,55,45,36,28,19,12,5,2,0,2,
95,98,69,73,71,71,69,68,62,55,45,36,28,19,12,5,2,0,2,
44,75,74,73,71,71,69,68,62,55,45,36,28,19,12,5,2,0,2,
71,35,74,73,71,71,69,68,62,55,45,36,28,19,12,5,2,0,2,
53,75,74,73,71,71,69,68,62,55,45,36,28,19,12,5,2,0,2,
48,63,74,73,71,71,69,68,62,55,45,36,28,19,12,5,2,0,2,
29,75,74,73,71,71,69,68,62,55,45,36,28,19,12,5,2,0,2,
39,75,74,73,71,71,69,68,62,55,45,36,28,19,12,5,2,0,2,
29,110,74,73,71,71,69,68,62,55,45,36,28,19,12,5,2,0,2,
66,75,74,73,71,71,69,68,62,55,45,36,28,19,12,5,2,0,2,
36,29,62,73,71,71,69,68,62,55,45,36,28,19,12,5,2,0,2,
16,75,74,73,71,71,69,68,62,55,45,36,28,19,12,5,2,0,2,
71,3,74,73,71,71,69,68,62,55,45,36,28,19,12,5,2,0,2,
81,53,97,8,84,74,29,48,22,63,45,36,28,19,12,5,2,0,2,
71,75,74,73,71,71,69,68,62,55,45,36,28,19,12,5,2,0,2,
70,35,74,73,71,71,69,68,62,55,45,36,28,19,12,5,2,0,2,
54,98,69,67,34,93,95,68,62,55,45,36,28,19,12,5,2,0,2,
16,75,74,73,71,71,69,68,62,55,45,36,28,19,12,5,2,0,2,
29,75,74,73,71,71,69,68,62,55,45,36,28,19,12,5,2,0,2,
14,75,74,73,71,71,69,68,62,55,45,36,28,19,12,5,2,0,2,
48,98,68,26,40,71,69,68,62,55,45,36,28,19,12,5,2,0,2,
107,95,46,68,23,75,52,68,62,55,45,36,28,19,12,5,2,0,2,
36,75,74,73,71,71,69,68,62,55,45,36,28,19,12,5,2,0,2,
107,106,97,68,71,71,69,68,62,55,45,36,28,19,12,5,2,0,2,
14,98,62,50,71,71,69,68,62,55,45,36,28,19,12,5,2,0,2,
71,35,74,73,71,71,69,68,62,55,45,36,28,19,12,5,2,0,2,
71,28,74,73,71,71,69,68,62,55,45,36,28,19,12,5,2,0,2,
71,90,74,73,71,71,69,68,62,55,45,36,28,19,12,5,2,0,2,
45,106,104,96,23,34,52,71,31,30,45,36,28,19,12,5,2,0,2,
71,69,57,61,71,71,69,68,62,55,45,36,28,19,12,5,2,0,2,
58,95,105,67,34,57,29,23,22,55,45,36,28,19,12,5,2,0,2,
80,35,40,73,71,71,69,68,62,55,45,36,28,19,12,5,2,0,2,
42,10,74,73,71,71,69,68,62,55,45,36,28,19,12,5,2,0,2,
71,69,35,6,23,59,69,68,62,55,45,36,28,19,12,5,2,0,2,
45,106,69,34,54,59,69,68,62,55,45,36,28,19,12,5,2,0,2,
97,69,5,111,29,21,54,80,52,55,45,36,28,19,12,5,2,0,2,
24,75,74,73,71,71,69,68,62,55,45,36,28,19,12,5,2,0,2,
68,52,74,73,71,71,69,68,62,55,45,36,28,19,12,5,2,0,2,
50,98,74,73,71,71,69,68,62,55,45,36,28,19,12,5,2,0,2,
50,83,51,73,71,71,69,68,62,55,45,36,28,19,12,5,2,0,2,
107,98,69,77,68,36,69,68,62,55,45,36,28,19,12,5,2,0,2,
22,41,74,73,71,71,69,68,62,55,45,36,28,19,12,5,2,0,2,
48,113,52,96,65,34,47,68,62,55,45,36,28,19,12,5,2,0,2,
36,75,74,73,71,71,69,68,62,55,45,36,28,19,12,5,2,0,2,
95,98,69,29,37,59,69,68,62,55,45,36,28,19,12,5,2,0,2,
107,13,52,67,5,34,99,9,28,37,45,36,28,19,12,5,2,0,2,
79,75,74,73,71,71,69,68,62,55,45,36,28,19,12,5,2,0,2,
107,106,34,23,71,71,69,68,62,55,45,36,28,19,12,5,2,0,2,
14,95,81,45,66,23,35,76,51,55,45,36,28,19,12,5,2,0,2,
14,35,40,36,71,71,69,68,62,55,45,36,28,19,12,5,2,0,2,
0,35,28,40,49,71,69,68,62,55,45,36,28,19,12,5,2,0,2,
63,75,74,73,71,71,69,68,62,55,45,36,28,19,12,5,2,0,2,
48,113,16,1,40,71,69,68,62,55,45,36,28,19,12,5,2,0,2,
105,70,66,21,77,34,99,68,62,55,45,36,28,19,12,5,2,0,2,
95,47,80,3,21,34,23,44,62,55,45,36,28,19,12,5,2,0,2,
87,106,97,23,21,5,74,16,70,22,23,23,36,27,12,5,2,0,2,
98,70,96,26,25,34,99,75,44,55,45,36,28,19,12,5,2,0,2,
45,57,97,61,71,71,69,68,62,55,45,36,28,19,12,5,2,0,2,
45,35,74,73,71,71,69,68,62,55,45,36,28,19,12,5,2,0,2,
24,38,81,56,71,71,69,68,62,55,45,36,28,19,12,5,2,0,2,
44,75,74,73,71,71,69,68,62,55,45,36,28,19,12,5,2,0,2,
58,53,28,23,40,71,69,68,62,55,45,36,28,19,12,5,2,0,2,
107,87,74,73,71,71,69,68,62,55,45,36,28,19,12,5,2,0,2,
56,95,97,28,71,71,69,68,62,55,45,36,28,19,12,5,2,0,2,
71,97,5,15,57,33,11,68,62,55,45,36,28,19,12,5,2,0,2,
14,98,34,40,71,71,69,68,62,55,45,36,28,19,12,5,2,0,2,
14,98,74,73,71,71,69,68,62,55,45,36,28,19,12,5,2,0,2,
36,41,74,73,71,71,69,68,62,55,45,36,28,19,12,5,2,0,2,
54,58,20,81,71,71,69,68,62,55,45,36,28,19,12,5,2,0,2,
14,53,69,23,20,71,69,68,62,55,45,36,28,19,12,5,2,0,2,
14,53,97,68,92,65,40,51,62,55,45,36,28,19,12,5,2,0,2,
56,49,82,79,54,57,12,37,62,55,45,36,28,19,12,5,2,0,2,
14,70,68,15,23,40,36,29,4,80,45,36,28,19,12,5,2,0,2,
95,82,74,73,71,71,69,68,62,55,45,36,28,19,12,5,2,0,2,
80,62,74,73,71,71,69,68,62,55,45,36,28,19,12,5,2,0,2,
53,75,74,73,71,71,69,68,62,55,45,36,28,19,12,5,2,0,2,
14,47,105,96,66,89,3,62,65,15,65,38,28,19,12,5,2,0,2,
58,95,46,104,3,21,33,73,62,55,45,36,28,19,12,5,2,0,2,
111,98,66,67,0,34,39,68,62,55,45,36,28,19,12,5,2,0,2,
108,78,22,37,110,71,69,68,62,55,45,36,28,19,12,5,2,0,2,
58,105,69,73,71,71,69,68,62,55,45,36,28,19,12,5,2,0,2,
14,55,52,96,66,63,63,16,11,55,45,36,28,19,12,5,2,0,2,
36,75,74,73,71,71,69,68,62,55,45,36,28,19,12,5,2,0,2,
107,35,45,73,71,71,69,68,62,55,45,36,28,19,12,5,2,0,2,
14,49,69,67,34,103,41,48,62,55,45,36,28,19,12,5,2,0,2,
105,70,78,38,71,71,69,68,62,55,45,36,28,19,12,5,2,0,2,
81,70,38,105,16,71,69,68,62,55,45,36,28,19,12,5,2,0,2,
49,75,74,73,71,71,69,68,62,55,45,36,28,19,12,5,2,0,2,
53,75,74,73,71,71,69,68,62,55,45,36,28,19,12,5,2,0,2,
42,20,74,73,71,71,69,68,62,55,45,36,28,19,12,5,2,0,2,
39,82,73,73,71,71,69,68,62,55,45,36,28,19,12,5,2,0,2,
24,2,74,73,71,71,69,68,62,55,45,36,28,19,12,5,2,0,2,
47,75,74,73,71,71,69,68,62,55,45,36,28,19,12,5,2,0,2,
56,37,74,73,71,71,69,68,62,55,45,36,28,19,12,5,2,0,2,
105,23,96,79,71,71,69,68,62,55,45,36,28,19,12,5,2,0,2,
98,80,74,73,71,71,69,68,62,55,45,36,28,19,12,5,2,0,2,
107,58,14,27,40,49,69,68,62,55,45,36,28,19,12,5,2,0,2,
32,75,74,73,71,71,69,68,62,55,45,36,28,19,12,5,2,0,2,
48,70,0,5,34,6,69,68,62,55,45,36,28,19,12,5,2,0,2,
71,58,58,73,71,71,69,68,62,55,45,36,28,19,12,5,2,0,2,
29,75,74,73,71,71,69,68,62,55,45,36,28,19,12,5,2,0,2,
29,75,74,73,71,71,69,68,62,55,45,36,28,19,12,5,2,0,2,
98,79,14,72,71,71,69,68,62,55,45,36,28,19,12,5,2,0,2,
42,75,74,73,71,71,69,68,62,55,45,36,28,19,12,5,2,0,2,
36,41,36,60,59,71,69,68,62,55,45,36,28,19,12,5,2,0,2,
36,75,74,73,71,71,69,68,62,55,45,36,28,19,12,5,2,0,2,
3,51,74,73,71,71,69,68,62,55,45,36,28,19,12,5,2,0,2,
29,75,74,73,71,71,69,68,62,55,45,36,28,19,12,5,2,0,2,
24,80,87,44,59,71,69,68,62,55,45,36,28,19,12,5,2,0,2,
71,23,68,88,77,21,69,68,62,55,45,36,28,19,12,5,2,0,2,
29,75,74,73,71,71,69,68,62,55,45,36,28,19,12,5,2,0,2,
53,75,74,73,71,71,69,68,62,55,45,36,28,19,12,5,2,0,2,
42,31,74,73,71,71,69,68,62,55,45,36,28,19,12,5,2,0,2,
58,98,79,15,71,71,69,68,62,55,45,36,28,19,12,5,2,0,2,
27,15,74,73,71,71,69,68,62,55,45,36,28,19,12,5,2,0,2,
95,47,97,69,71,71,69,68,62,55,45,36,28,19,12,5,2,0,2,
29,75,74,73,71,71,69,68,62,55,45,36,28,19,12,5,2,0,2,
36,41,74,73,71,71,69,68,62,55,45,36,28,19,12,5,2,0,2,
105,8,70,73,71,71,69,68,62,55,45,36,28,19,12,5,2,0,2,
105,75,74,73,71,71,69,68,62,55,45,36,28,19,12,5,2,0,2,
80,75,74,73,71,71,69,68,62,55,45,36,28,19,12,5,2,0,2,
14,70,34,28,71,71,69,68,62,55,45,36,28,19,12,5,2,0,2,
105,70,74,73,71,71,69,68,62,55,45,36,28,19,12,5,2,0,2,
98,35,74,73,71,71,69,68,62,55,45,36,28,19,12,5,2,0,2,
3,0,41,56,107,71,69,68,62,55,45,36,28,19,12,5,2,0,2,
107,75,74,73,71,71,69,68,62,55,45,36,28,19,12,5,2,0,2,
95,98,22,60,71,71,69,68,62,55,45,36,28,19,12,5,2,0,2,
95,14,42,73,71,71,69,68,62,55,45,36,28,19,12,5,2,0,2,
105,97,40,37,53,96,69,68,62,55,45,36,28,19,12,5,2,0,2,
48,53,69,95,65,83,74,68,62,55,45,36,28,19,12,5,2,0,2,
107,98,69,67,39,21,33,16,62,55,45,36,28,19,12,5,2,0,2,
29,75,74,73,71,71,69,68,62,55,45,36,28,19,12,5,2,0,2,
50,95,40,28,77,96,69,68,62,55,45,36,28,19,12,5,2,0,2,
36,63,74,73,71,71,69,68,62,55,45,36,28,19,12,5,2,0,2,
29,75,74,73,71,71,69,68,62,55,45,36,28,19,12,5,2,0,2,
95,47,105,96,71,71,69,68,62,55,45,36,28,19,12,5,2,0,2,
81,70,19,108,59,71,69,68,62,55,45,36,28,19,12,5,2,0,2,
48,75,74,73,71,71,69,68,62,55,45,36,28,19,12,5,2,0,2,
76,104,51,73,71,71,69,68,62,55,45,36,28,19,12,5,2,0,2,
48,15,40,73,71,71,69,68,62,55,45,36,28,19,12,5,2,0,2,
37,15,74,73,71,71,69,68,62,55,45,36,28,19,12,5,2,0,2,
14,106,69,10,71,71,69,68,62,55,45,36,28,19,12,5,2,0,2,
71,75,74,73,71,71,69,68,62,55,45,36,28,19,12,5,2,0,2,
14,102,19,37,71,71,69,68,62,55,45,36,28,19,12,5,2,0,2,
50,58,14,50,71,71,69,68,62,55,45,36,28,19,12,5,2,0,2,
71,35,62,73,71,71,69,68,62,55,45,36,28,19,12,5,2,0,2,
14,70,3,30,37,71,69,68,62,55,45,36,28,19,12,5,2,0,2,
16,41,74,73,71,71,69,68,62,55,45,36,28,19,12,5,2,0,2,
42,75,74,73,71,71,69,68,62,55,45,36,28,19,12,5,2,0,2,
48,81,69,33,23,44,69,68,62,55,45,36,28,19,12,5,2,0,2,
71,23,42,73,71,71,69,68,62,55,45,36,28,19,12,5,2,0,2,
29,75,74,73,71,71,69,68,62,55,45,36,28,19,12,5,2,0,2,
105,70,74,73,71,71,69,68,62,55,45,36,28,19,12,5,2,0,2,
70,116,67,73,71,71,69,68,62,55,45,36,28,19,12,5,2,0,2,
79,39,74,73,71,71,69,68,62,55,45,36,28,19,12,5,2,0,2,
85,47,22,97,49,71,69,68,62,55,45,36,28,19,12,5,2,0,2,
14,5,19,60,71,71,69,68,62,55,45,36,28,19,12,5,2,0,2,
98,21,34,73,71,71,69,68,62,55,45,36,28,19,12,5,2,0,2,
64,75,74,73,71,71,69,68,62,55,45,36,28,19,12,5,2,0,2,
21,75,74,73,71,71,69,68,62,55,45,36,28,19,12,5,2,0,2,
14,55,105,96,65,34,99,24,37,34,38,36,28,19,12,5,2,0,2,
21,75,74,73,71,71,69,68,62,55,45,36,28,19,12,5,2,0,2,
70,14,40,72,11,71,69,68,62,55,45,36,28,19,12,5,2,0,2,
58,76,34,29,71,71,69,68,62,55,45,36,28,19,12,5,2,0,2,
98,75,74,73,71,71,69,68,62,55,45,36,28,19,12,5,2,0,2,
17,75,74,73,71,71,69,68,62,55,45,36,28,19,12,5,2,0,2,
48,75,74,73,71,71,69,68,62,55,45,36,28,19,12,5,2,0,2,
14,55,46,40,99,71,69,68,62,55,45,36,28,19,12,5,2,0,2,
107,95,34,59,31,71,69,68,62,55,45,36,28,19,12,5,2,0,2,
48,106,52,68,65,34,98,20,1,73,31,36,28,19,12,5,2,0,2,
95,14,95,23,99,71,69,68,62,55,45,36,28,19,12,5,2,0,2,
50,23,37,73,71,71,69,68,62,55,45,36,28,19,12,5,2,0,2,
42,66,74,73,71,71,69,68,62,55,45,36,28,19,12,5,2,0,2,
71,75,74,73,71,71,69,68,62,55,45,36,28,19,12,5,2,0,2,
24,35,62,73,71,71,69,68,62,55,45,36,28,19,12,5,2,0,2,
90,21,51,73,71,71,69,68,62,55,45,36,28,19,12,5,2,0,2,
48,69,44,34,23,40,20,78,62,55,45,36,28,19,12,5,2,0,2,
54,70,79,73,71,71,69,68,62,55,45,36,28,19,12,5,2,0,2,
87,75,74,73,71,71,69,68,62,55,45,36,28,19,12,5,2,0,2,
48,43,74,73,71,71,69,68,62,55,45,36,28,19,12,5,2,0,2,
71,75,74,73,71,71,69,68,62,55,45,36,28,19,12,5,2,0,2,
71,3,34,15,59,71,69,68,62,55,45,36,28,19,12,5,2,0,2,
87,95,22,88,84,102,47,68,62,55,45,36,28,19,12,5,2,0,2,
107,13,96,78,86,73,31,55,62,55,45,36,28,19,12,5,2,0,2,
42,28,74,73,71,71,69,68,62,55,45,36,28,19,12,5,2,0,2,
79,88,98,73,71,71,69,68,62,55,45,36,28,19,12,5,2,0,2,
95,53,97,12,23,93,69,68,62,55,45,36,28,19,12,5,2,0,2,
105,52,74,73,71,71,69,68,62,55,45,36,28,19,12,5,2,0,2,
54,67,89,15,87,96,41,68,62,55,45,36,28,19,12,5,2,0,2,
105,53,95,44,67,71,69,68,62,55,45,36,28,19,12,5,2,0,2,
83,98,69,22,37,67,69,68,62,55,45,36,28,19,12,5,2,0,2,
48,81,77,48,98,44,69,68,62,55,45,36,28,19,12,5,2,0,2,
98,114,40,28,49,71,69,68,62,55,45,36,28,19,12,5,2,0,2,
95,35,22,72,59,71,69,68,62,55,45,36,28,19,12,5,2,0,2,
29,52,74,73,71,71,69,68,62,55,45,36,28,19,12,5,2,0,2,
54,98,69,95,21,76,20,42,62,55,45,36,28,19,12,5,2,0,2,
48,106,69,95,65,100,69,68,62,55,45,36,28,19,12,5,2,0,2,
68,75,74,73,71,71,69,68,62,55,45,36,28,19,12,5,2,0,2,
54,75,74,73,71,71,69,68,62,55,45,36,28,19,12,5,2,0,2,
50,70,28,73,71,71,69,68,62,55,45,36,28,19,12,5,2,0,2,
105,69,72,40,71,71,69,68,62,55,45,36,28,19,12,5,2,0,2,
29,63,74,73,71,71,69,68,62,55,45,36,28,19,12,5,2,0,2,
48,70,22,111,71,71,69,68,62,55,45,36,28,19,12,5,2,0,2,
50,106,97,68,65,72,55,22,36,23,58,36,28,19,12,5,2,0,2,
105,43,74,73,71,71,69,68,62,55,45,36,28,19,12,5,2,0,2,
36,75,74,73,71,71,69,68,62,55,45,36,28,19,12,5,2,0,2,
56,13,69,23,14,83,17,20,71,55,45,36,28,19,12,5,2,0,2,
42,75,74,73,71,71,69,68,62,55,45,36,28,19,12,5,2,0,2,
54,75,74,73,71,71,69,68,62,55,45,36,28,19,12,5,2,0,2,
54,74,74,73,71,71,69,68,62,55,45,36,28,19,12,5,2,0,2,
14,23,14,28,49,71,69,68,62,55,45,36,28,19,12,5,2,0,2,
24,20,74,73,71,71,69,68,62,55,45,36,28,19,12,5,2,0,2,
25,74,90,73,71,71,69,68,62,55,45,36,28,19,12,5,2,0,2,
58,95,105,51,93,75,29,46,18,37,45,36,28,19,12,5,2,0,2,
45,49,66,109,49,71,69,68,62,55,45,36,28,19,12,5,2,0,2,
36,46,74,73,71,71,69,68,62,55,45,36,28,19,12,5,2,0,2,
48,35,74,73,71,71,69,68,62,55,45,36,28,19,12,5,2,0,2,
14,47,69,95,63,75,33,50,54,55,45,36,28,19,12,5,2,0,2,
48,70,20,88,34,76,56,64,62,55,45,36,28,19,12,5,2,0,2,
42,75,74,73,71,71,69,68,62,55,45,36,28,19,12,5,2,0,2,
71,15,57,73,71,71,69,68,62,55,45,36,28,19,12,5,2,0,2,
105,75,74,73,71,71,69,68,62,55,45,36,28,19,12,5,2,0,2,
71,75,74,73,71,71,69,68,62,55,45,36,28,19,12,5,2,0,2,
54,98,78,28,79,49,69,68,62,55,45,36,28,19,12,5,2,0,2,
36,55,74,73,71,71,69,68,62,55,45,36,28,19,12,5,2,0,2,
24,79,79,34,71,71,69,68,62,55,45,36,28,19,12,5,2,0,2,
48,0,34,42,67,71,69,68,62,55,45,36,28,19,12,5,2,0,2,
14,23,56,51,93,89,63,22,60,45,45,36,28,19,12,5,2,0,2,
42,75,74,73,71,71,69,68,62,55,45,36,28,19,12,5,2,0,2,
36,23,40,73,71,71,69,68,62,55,45,36,28,19,12,5,2,0,2,
48,106,52,96,3,75,0,16,44,55,45,36,28,19,12,5,2,0,2,
48,53,97,112,110,71,69,68,62,55,45,36,28,19,12,5,2,0,2,
15,15,51,72,67,71,69,68,62,55,45,36,28,19,12,5,2,0,2,
54,98,79,21,68,23,39,37,61,6,66,36,28,19,12,5,2,0,2,
105,3,34,15,36,71,69,68,62,55,45,36,28,19,12,5,2,0,2,
71,114,62,73,71,71,69,68,62,55,45,36,28,19,12,5,2,0,2,
3,96,74,73,71,71,69,68,62,55,45,36,28,19,12,5,2,0,2,
98,109,87,33,49,71,69,68,62,55,45,36,28,19,12,5,2,0,2,
50,87,68,21,26,83,79,65,37,6,25,33,28,19,12,5,2,0,2,
107,80,74,73,71,71,69,68,62,55,45,36,28,19,12,5,2,0,2,
71,69,0,5,34,81,101,68,62,55,45,36,28,19,12,5,2,0,2,
107,49,94,104,93,75,14,88,48,45,45,36,28,19,12,5,2,0,2,
79,41,74,73,71,71,69,68,62,55,45,36,28,19,12,5,2,0,2,
97,75,74,73,71,71,69,68,62,55,45,36,28,19,12,5,2,0,2,
98,70,99,34,84,68,39,44,35,5,41,36,28,19,12,5,2,0,2,
45,23,40,73,71,71,69,68,62,55,45,36,28,19,12,5,2,0,2,
71,97,34,15,84,29,69,68,62,55,45,36,28,19,12,5,2,0,2,
71,23,78,39,7,41,42,79,69,55,45,36,28,19,12,5,2,0,2,
42,75,74,73,71,71,69,68,62,55,45,36,28,19,12,5,2,0,2,
30,75,74,73,71,71,69,68,62,55,45,36,28,19,12,5,2,0,2,
105,75,74,73,71,71,69,68,62,55,45,36,28,19,12,5,2,0,2,
98,115,50,34,40,71,69,68,62,55,45,36,28,19,12,5,2,0,2,
71,29,70,73,71,71,69,68,62,55,45,36,28,19,12,5,2,0,2,
50,47,69,34,29,71,69,68,62,55,45,36,28,19,12,5,2,0,2,
97,69,89,73,71,71,69,68,62,55,45,36,28,19,12,5,2,0,2,
29,75,74,73,71,71,69,68,62,55,45,36,28,19,12,5,2,0,2,
44,75,74,73,71,71,69,68,62,55,45,36,28,19,12,5,2,0,2,
101,75,74,73,71,71,69,68,62,55,45,36,28,19,12,5,2,0,2,
74,75,74,73,71,71,69,68,62,55,45,36,28,19,12,5,2,0,2,
24,75,74,73,71,71,69,68,62,55,45,36,28,19,12,5,2,0,2,
34,49,94,45,50,90,64,85,3,50,53,49,19,20,2,3,2,0,2,
95,47,52,103,93,66,63,24,35,55,45,36,28,19,12,5,2,0,2,
24,95,68,78,26,29,51,68,62,55,45,36,28,19,12,5,2,0,2,
95,70,0,34,15,8,47,24,37,28,19,31,2,21,12,5,2,0,2,
24,93,36,73,71,71,69,68,62,55,45,36,28,19,12,5,2,0,2,
105,113,52,96,66,75,69,68,62,55,45,36,28,19,12,5,2,0,2,
71,97,68,88,29,56,19,33,37,46,45,36,28,19,12,5,2,0,2,
87,70,96,3,71,71,69,68,62,55,45,36,28,19,12,5,2,0,2,
107,87,52,96,66,65,40,20,30,79,37,44,28,19,12,5,2,0,2,
45,57,46,104,93,66,3,62,65,3,57,14,15,2,13,5,2,0,2,
95,106,97,48,71,71,69,68,62,55,45,36,28,19,12,5,2,0,2,
14,98,3,79,15,42,69,68,62,55,45,36,28,19,12,5,2,0,2,
70,75,74,73,71,71,69,68,62,55,45,36,28,19,12,5,2,0,2,
24,75,74,73,71,71,69,68,62,55,45,36,28,19,12,5,2,0,2,
37,35,30,50,71,71,69,68,62,55,45,36,28,19,12,5,2,0,2,
83,23,40,28,96,4,41,57,62,55,45,36,28,19,12,5,2,0,2,
39,75,74,73,71,71,69,68,62,55,45,36,28,19,12,5,2,0,2,
24,15,53,20,82,71,69,68,62,55,45,36,28,19,12,5,2,0,2,
54,23,70,73,71,71,69,68,62,55,45,36,28,19,12,5,2,0,2,
14,44,54,47,45,98,75,86,57,17,48,46,29,17,13,1,0,1,2,
45,70,25,34,11,59,69,68,62,55,45,36,28,19,12,5,2,0,2,
42,28,74,73,71,71,69,68,62,55,45,36,28,19,12,5,2,0,2,
24,47,69,15,40,31,11,73,62,55,45,36,28,19,12,5,2,0,2,
14,106,69,34,57,74,39,68,62,55,45,36,28,19,12,5,2,0,2,
98,41,74,73,71,71,69,68,62,55,45,36,28,19,12,5,2,0,2,
71,38,74,73,71,71,69,68,62,55,45,36,28,19,12,5,2,0,2,
54,75,74,73,71,71,69,68,62,55,45,36,28,19,12,5,2,0,2,
24,98,69,73,71,71,69,68,62,55,45,36,28,19,12,5,2,0,2,
48,106,69,95,65,83,96,51,59,14,26,44,28,19,12,5,2,0,2,
50,53,112,40,37,71,69,68,62,55,45,36,28,19,12,5,2,0,2,
48,106,52,68,65,35,74,51,85,30,45,36,28,19,12,5,2,0,2,
24,43,74,73,71,71,69,68,62,55,45,36,28,19,12,5,2,0,2,
98,97,14,83,55,9,91,42,62,55,45,36,28,19,12,5,2,0,2,
79,89,74,73,71,71,69,68,62,55,45,36,28,19,12,5,2,0,2,
71,79,74,73,71,71,69,68,62,55,45,36,28,19,12,5,2,0,2,
54,98,69,23,37,71,69,68,62,55,45,36,28,19,12,5,2,0,2,
14,113,69,67,77,71,69,68,62,55,45,36,28,19,12,5,2,0,2,
90,75,74,73,71,71,69,68,62,55,45,36,28,19,12,5,2,0,2,
58,70,22,34,19,37,69,68,62,55,45,36,28,19,12,5,2,0,2,
54,70,68,73,71,71,69,68,62,55,45,36,28,19,12,5,2,0,2,
36,114,22,73,71,71,69,68,62,55,45,36,28,19,12,5,2,0,2,
29,116,74,73,71,71,69,68,62,55,45,36,28,19,12,5,2,0,2,
110,52,79,66,71,71,69,68,62,55,45,36,28,19,12,5,2,0,2,
58,71,74,73,71,71,69,68,62,55,45,36,28,19,12,5,2,0,2,
90,109,74,73,71,71,69,68,62,55,45,36,28,19,12,5,2,0,2,
24,116,74,73,71,71,69,68,62,55,45,36,28,19,12,5,2,0,2,
80,75,74,73,71,71,69,68,62,55,45,36,28,19,12,5,2,0,2,
74,21,42,108,71,71,69,68,62,55,45,36,28,19,12,5,2,0,2,
74,8,83,50,102,71,69,68,62,55,45,36,28,19,12,5,2,0,2,
24,79,112,15,47,44,31,68,62,55,45,36,28,19,12,5,2,0,2,
14,75,74,73,71,71,69,68,62,55,45,36,28,19,12,5,2,0,2,
45,47,101,31,99,59,69,68,62,55,45,36,28,19,12,5,2,0,2,
95,106,97,68,23,21,74,14,41,39,29,36,28,19,12,5,2,0,2,
75,75,74,73,71,71,69,68,62,55,45,36,28,19,12,5,2,0,2,
24,29,74,73,71,71,69,68,62,55,45,36,28,19,12,5,2,0,2,
71,23,45,73,71,71,69,68,62,55,45,36,28,19,12,5,2,0,2,
43,63,74,73,71,71,69,68,62,55,45,36,28,19,12,5,2,0,2,
103,75,74,73,71,71,69,68,62,55,45,36,28,19,12,5,2,0,2,
23,41,51,73,71,71,69,68,62,55,45,36,28,19,12,5,2,0,2,
16,41,74,73,71,71,69,68,62,55,45,36,28,19,12,5,2,0,2,
83,35,74,73,71,71,69,68,62,55,45,36,28,19,12,5,2,0,2,
74,41,45,73,71,71,69,68,62,55,45,36,28,19,12,5,2,0,2,
104,75,74,73,71,71,69,68,62,55,45,36,28,19,12,5,2,0,2,
95,106,96,27,49,71,69,68,62,55,45,36,28,19,12,5,2,0,2,
59,41,37,73,71,71,69,68,62,55,45,36,28,19,12,5,2,0,2,
105,53,20,50,37,71,69,68,62,55,45,36,28,19,12,5,2,0,2,
21,9,74,73,71,71,69,68,62,55,45,36,28,19,12,5,2,0,2,
74,41,37,57,71,71,69,68,62,55,45,36,28,19,12,5,2,0,2,
72,75,74,73,71,71,69,68,62,55,45,36,28,19,12,5,2,0,2,
58,47,89,17,23,40,69,68,62,55,45,36,28,19,12,5,2,0,2,
29,75,74,73,71,71,69,68,62,55,45,36,28,19,12,5,2,0,2,
20,80,114,73,71,71,69,68,62,55,45,36,28,19,12,5,2,0,2,
79,75,74,73,71,71,69,68,62,55,45,36,28,19,12,5,2,0,2,
53,75,74,73,71,71,69,68,62,55,45,36,28,19,12,5,2,0,2,
111,98,68,73,71,71,69,68,62,55,45,36,28,19,12,5,2,0,2,
71,71,74,73,71,71,69,68,62,55,45,36,28,19,12,5,2,0,2,
54,80,74,73,71,71,69,68,62,55,45,36,28,19,12,5,2,0,2,
50,106,97,68,65,56,17,40,69,55,45,36,28,19,12,5,2,0,2,
14,49,94,110,76,40,43,76,62,55,45,36,28,19,12,5,2,0,2,
24,58,74,73,71,71,69,68,62,55,45,36,28,19,12,5,2,0,2,
74,23,74,73,71,71,69,68,62,55,45,36,28,19,12,5,2,0,2,
111,53,69,3,65,75,21,49,41,55,45,36,28,19,12,5,2,0,2,
39,52,74,73,71,71,69,68,62,55,45,36,28,19,12,5,2,0,2,
50,113,69,3,76,44,56,68,62,55,45,36,28,19,12,5,2,0,2,
74,41,114,73,71,71,69,68,62,55,45,36,28,19,12,5,2,0,2,
97,69,10,73,71,71,69,68,62,55,45,36,28,19,12,5,2,0,2,
14,3,40,73,71,71,69,68,62,55,45,36,28,19,12,5,2,0,2,
36,12,37,73,71,71,69,68,62,55,45,36,28,19,12,5,2,0,2,
98,80,40,73,71,71,69,68,62,55,45,36,28,19,12,5,2,0,2,
98,15,74,73,71,71,69,68,62,55,45,36,28,19,12,5,2,0,2,
54,50,40,50,71,71,69,68,62,55,45,36,28,19,12,5,2,0,2,
98,70,22,67,21,13,1,44,52,55,45,36,28,19,12,5,2,0,2,
16,59,74,73,71,71,69,68,62,55,45,36,28,19,12,5,2,0,2,
98,114,40,73,71,71,69,68,62,55,45,36,28,19,12,5,2,0,2,
98,90,14,36,71,71,69,68,62,55,45,36,28,19,12,5,2,0,2,
95,47,69,79,15,23,53,68,62,55,45,36,28,19,12,5,2,0,2,
59,75,74,73,71,71,69,68,62,55,45,36,28,19,12,5,2,0,2,
95,113,82,96,39,7,72,18,44,17,28,16,34,0,9,5,2,0,2,
71,75,74,73,71,71,69,68,62,55,45,36,28,19,12,5,2,0,2,
80,71,74,73,71,71,69,68,62,55,45,36,28,19,12,5,2,0,2,
95,98,107,86,28,55,69,68,62,55,45,36,28,19,12,5,2,0,2,
98,69,45,50,71,71,69,68,62,55,45,36,28,19,12,5,2,0,2,
54,109,57,102,71,71,69,68,62,55,45,36,28,19,12,5,2,0,2,
14,23,105,110,93,3,63,79,83,78,32,27,10,6,3,7,2,0,2,
105,12,22,50,71,71,69,68,62,55,45,36,28,19,12,5,2,0,2,
48,113,68,79,107,40,56,68,62,55,45,36,28,19,12,5,2,0,2,
50,98,78,73,71,71,69,68,62,55,45,36,28,19,12,5,2,0,2,
71,69,20,77,17,19,20,32,66,27,63,36,28,19,12,5,2,0,2,
6,41,45,73,71,71,69,68,62,55,45,36,28,19,12,5,2,0,2,
95,58,59,44,37,55,89,48,62,55,45,36,28,19,12,5,2,0,2,
71,29,22,73,71,71,69,68,62,55,45,36,28,19,12,5,2,0,2,
54,97,3,78,15,24,47,40,41,45,45,36,28,19,12,5,2,0,2,
95,47,97,73,71,71,69,68,62,55,45,36,28,19,12,5,2,0,2,
15,75,74,73,71,71,69,68,62,55,45,36,28,19,12,5,2,0,2,
42,75,74,73,71,71,69,68,62,55,45,36,28,19,12,5,2,0,2,
48,38,74,73,71,71,69,68,62,55,45,36,28,19,12,5,2,0,2,
53,75,74,73,71,71,69,68,62,55,45,36,28,19,12,5,2,0,2,
39,75,74,73,71,71,69,68,62,55,45,36,28,19,12,5,2,0,2,
58,81,45,73,71,71,69,68,62,55,45,36,28,19,12,5,2,0,2,
105,21,74,73,71,71,69,68,62,55,45,36,28,19,12,5,2,0,2,
54,83,97,67,103,13,45,40,48,32,45,36,28,19,12,5,2,0,2,
24,57,94,68,21,76,33,29,39,37,45,36,28,19,12,5,2,0,2,
24,75,74,73,71,71,69,68,62,55,45,36,28,19,12,5,2,0,2,
62,75,74,73,71,71,69,68,62,55,45,36,28,19,12,5,2,0,2,
105,80,74,73,71,71,69,68,62,55,45,36,28,19,12,5,2,0,2,
71,15,45,28,109,71,69,68,62,55,45,36,28,19,12,5,2,0,2,
107,70,22,113,58,71,69,68,62,55,45,36,28,19,12,5,2,0,2,
29,75,74,73,71,71,69,68,62,55,45,36,28,19,12,5,2,0,2,
71,21,77,23,44,67,69,68,62,55,45,36,28,19,12,5,2,0,2,
29,75,74,73,71,71,69,68,62,55,45,36,28,19,12,5,2,0,2,
68,116,74,73,71,71,69,68,62,55,45,36,28,19,12,5,2,0,2,
30,75,74,73,71,71,69,68,62,55,45,36,28,19,12,5,2,0,2,
71,75,74,73,71,71,69,68,62,55,45,36,28,19,12,5,2,0,2,
29,82,74,73,71,71,69,68,62,55,45,36,28,19,12,5,2,0,2,
60,75,74,73,71,71,69,68,62,55,45,36,28,19,12,5,2,0,2,
54,83,78,14,48,29,69,68,62,55,45,36,28,19,12,5,2,0,2,
14,95,97,3,65,75,40,26,47,38,12,8,26,11,18,5,2,0,2,
112,75,74,73,71,71,69,68,62,55,45,36,28,19,12,5,2,0,2,
98,3,10,73,71,71,69,68,62,55,45,36,28,19,12,5,2,0,2,
45,98,69,88,71,71,69,68,62,55,45,36,28,19,12,5,2,0,2,
80,19,22,73,71,71,69,68,62,55,45,36,28,19,12,5,2,0,2,
14,106,82,30,19,37,57,68,62,55,45,36,28,19,12,5,2,0,2,
54,69,45,73,71,71,69,68,62,55,45,36,28,19,12,5,2,0,2,
98,69,74,73,71,71,69,68,62,55,45,36,28,19,12,5,2,0,2,
95,70,36,89,60,71,69,68,62,55,45,36,28,19,12,5,2,0,2,
50,100,40,73,71,71,69,68,62,55,45,36,28,19,12,5,2,0,2,
98,70,68,30,71,71,69,68,62,55,45,36,28,19,12,5,2,0,2,
24,49,56,110,0,73,47,68,62,55,45,36,28,19,12,5,2,0,2,
105,29,74,73,71,71,69,68,62,55,45,36,28,19,12,5,2,0,2,
111,101,67,61,71,71,69,68,62,55,45,36,28,19,12,5,2,0,2,
71,37,74,73,71,71,69,68,62,55,45,36,28,19,12,5,2,0,2,
24,28,51,73,71,71,69,68,62,55,45,36,28,19,12,5,2,0,2,
50,83,14,10,23,71,69,68,62,55,45,36,28,19,12,5,2,0,2,
71,41,74,73,71,71,69,68,62,55,45,36,28,19,12,5,2,0,2,
50,47,111,68,65,54,72,68,62,55,45,36,28,19,12,5,2,0,2,
20,80,74,73,71,71,69,68,62,55,45,36,28,19,12,5,2,0,2,
85,95,68,15,40,11,47,68,62,55,45,36,28,19,12,5,2,0,2,
112,29,30,114,71,71,69,68,62,55,45,36,28,19,12,5,2,0,2,
111,3,78,23,40,44,20,68,62,55,45,36,28,19,12,5,2,0,2,
45,70,79,15,75,38,91,45,62,55,45,36,28,19,12,5,2,0,2,
16,28,51,73,71,71,69,68,62,55,45,36,28,19,12,5,2,0,2,
14,15,74,73,71,71,69,68,62,55,45,36,28,19,12,5,2,0,2,
71,69,25,52,38,40,9,73,34,55,45,36,28,19,12,5,2,0,2,
39,75,74,73,71,71,69,68,62,55,45,36,28,19,12,5,2,0,2,
71,114,74,73,71,71,69,68,62,55,45,36,28,19,12,5,2,0,2,
14,53,57,8,51,40,41,68,62,55,45,36,28,19,12,5,2,0,2,
42,80,47,73,71,71,69,68,62,55,45,36,28,19,12,5,2,0,2,
45,70,3,43,23,40,43,73,62,55,45,36,28,19,12,5,2,0,2,
39,28,74,73,71,71,69,68,62,55,45,36,28,19,12,5,2,0,2,
14,23,97,68,65,21,99,40,62,55,45,36,28,19,12,5,2,0,2,
14,53,97,3,65,75,0,73,47,9,16,20,35,19,12,5,2,0,2,
14,35,19,73,71,71,69,68,62,55,45,36,28,19,12,5,2,0,2,
50,75,74,73,71,71,69,68,62,55,45,36,28,19,12,5,2,0,2,
54,69,35,79,54,19,69,68,62,55,45,36,28,19,12,5,2,0,2,
95,70,38,50,71,71,69,68,62,55,45,36,28,19,12,5,2,0,2,
98,75,74,73,71,71,69,68,62,55,45,36,28,19,12,5,2,0,2,
71,41,74,73,71,71,69,68,62,55,45,36,28,19,12,5,2,0,2,
70,73,57,109,49,71,69,68,62,55,45,36,28,19,12,5,2,0,2,
15,5,34,17,40,96,47,68,62,55,45,36,28,19,12,5,2,0,2,
95,47,105,96,34,20,43,68,62,55,45,36,28,19,12,5,2,0,2,
95,106,69,23,71,71,69,68,62,55,45,36,28,19,12,5,2,0,2,
71,67,78,71,107,105,56,80,62,55,45,36,28,19,12,5,2,0,2,
29,75,74,73,71,71,69,68,62,55,45,36,28,19,12,5,2,0,2,
36,21,110,99,59,71,69,68,62,55,45,36,28,19,12,5,2,0,2,
14,35,40,73,71,71,69,68,62,55,45,36,28,19,12,5,2,0,2,
76,38,74,73,71,71,69,68,62,55,45,36,28,19,12,5,2,0,2,
98,70,38,50,110,71,69,68,62,55,45,36,28,19,12,5,2,0,2,
36,41,74,73,71,71,69,68,62,55,45,36,28,19,12,5,2,0,2,
48,98,69,88,15,9,69,68,62,55,45,36,28,19,12,5,2,0,2,
68,42,74,73,71,71,69,68,62,55,45,36,28,19,12,5,2,0,2,
16,41,74,73,71,71,69,68,62,55,45,36,28,19,12,5,2,0,2,
27,46,74,73,71,71,69,68,62,55,45,36,28,19,12,5,2,0,2,
36,112,33,99,59,71,69,68,62,55,45,36,28,19,12,5,2,0,2,
107,83,61,84,71,71,69,68,62,55,45,36,28,19,12,5,2,0,2,
107,106,62,73,71,71,69,68,62,55,45,36,28,19,12,5,2,0,2,
41,15,51,40,70,55,31,12,62,55,45,36,28,19,12,5,2,0,2,
36,28,74,73,71,71,69,68,62,55,45,36,28,19,12,5,2,0,2,
107,70,112,9,36,49,69,68,62,55,45,36,28,19,12,5,2,0,2,
36,38,74,73,71,71,69,68,62,55,45,36,28,19,12,5,2,0,2,
36,58,90,50,71,71,69,68,62,55,45,36,28,19,12,5,2,0,2,
98,70,40,79,71,71,69,68,62,55,45,36,28,19,12,5,2,0,2,
53,75,74,73,71,71,69,68,62,55,45,36,28,19,12,5,2,0,2,
105,98,69,67,35,92,33,44,62,55,45,36,28,19,12,5,2,0,2,
95,106,74,73,71,71,69,68,62,55,45,36,28,19,12,5,2,0,2,
62,23,79,113,71,71,69,68,62,55,45,36,28,19,12,5,2,0,2,
107,35,74,73,71,71,69,68,62,55,45,36,28,19,12,5,2,0,2,
42,75,74,73,71,71,69,68,62,55,45,36,28,19,12,5,2,0,2,
42,75,74,73,71,71,69,68,62,55,45,36,28,19,12,5,2,0,2,
54,75,74,73,71,71,69,68,62,55,45,36,28,19,12,5,2,0,2,
50,70,34,38,109,62,57,68,62,55,45,36,28,19,12,5,2,0,2,
90,35,14,73,71,71,69,68,62,55,45,36,28,19,12,5,2,0,2,
48,98,69,106,71,71,69,68,62,55,45,36,28,19,12,5,2,0,2,
95,70,78,34,15,71,69,68,62,55,45,36,28,19,12,5,2,0,2,
107,57,97,34,71,71,69,68,62,55,45,36,28,19,12,5,2,0,2,
98,70,34,13,29,40,11,68,62,55,45,36,28,19,12,5,2,0,2,
110,19,57,73,71,71,69,68,62,55,45,36,28,19,12,5,2,0,2,
107,13,97,79,56,33,39,32,44,55,45,36,28,19,12,5,2,0,2,
50,57,97,41,21,34,99,42,62,55,45,36,28,19,12,5,2,0,2,
14,44,84,106,55,31,11,48,62,55,45,36,28,19,12,5,2,0,2,
105,41,74,73,71,71,69,68,62,55,45,36,28,19,12,5,2,0,2,
39,28,74,73,71,71,69,68,62,55,45,36,28,19,12,5,2,0,2,
37,75,74,73,71,71,69,68,62,55,45,36,28,19,12,5,2,0,2,
34,70,68,73,71,71,69,68,62,55,45,36,28,19,12,5,2,0,2,
107,83,7,56,15,12,74,56,44,55,45,36,28,19,12,5,2,0,2,
111,83,78,111,84,77,97,68,62,55,45,36,28,19,12,5,2,0,2,
97,41,74,73,71,71,69,68,62,55,45,36,28,19,12,5,2,0,2,
14,70,37,73,71,71,69,68,62,55,45,36,28,19,12,5,2,0,2,
83,70,96,67,41,76,23,3,62,55,45,36,28,19,12,5,2,0,2,
42,75,74,73,71,71,69,68,62,55,45,36,28,19,12,5,2,0,2,
42,38,74,73,71,71,69,68,62,55,45,36,28,19,12,5,2,0,2,
24,95,68,14,7,34,29,7,44,12,62,36,28,19,12,5,2,0,2,
22,75,74,73,71,71,69,68,62,55,45,36,28,19,12,5,2,0,2,
24,46,74,73,71,71,69,68,62,55,45,36,28,19,12,5,2,0,2,
80,75,74,73,71,71,69,68,62,55,45,36,28,19,12,5,2,0,2,
22,58,110,19,49,36,69,68,62,55,45,36,28,19,12,5,2,0,2,
71,41,27,91,59,71,69,68,62,55,45,36,28,19,12,5,2,0,2,
71,80,34,111,109,49,69,68,62,55,45,36,28,19,12,5,2,0,2,
47,75,74,73,71,71,69,68,62,55,45,36,28,19,12,5,2,0,2,
83,26,74,73,71,71,69,68,62,55,45,36,28,19,12,5,2,0,2,
48,98,68,5,6,59,69,68,62,55,45,36,28,19,12,5,2,0,2,
48,81,97,37,94,71,69,68,62,55,45,36,28,19,12,5,2,0,2,
16,75,74,73,71,71,69,68,62,55,45,36,28,19,12,5,2,0,2,
87,54,83,73,71,71,69,68,62,55,45,36,28,19,12,5,2,0,2,
107,75,74,73,71,71,69,68,62,55,45,36,28,19,12,5,2,0,2,
48,98,69,95,48,34,29,70,62,55,45,36,28,19,12,5,2,0,2,
24,75,74,73,71,71,69,68,62,55,45,36,28,19,12,5,2,0,2,
36,20,74,73,71,71,69,68,62,55,45,36,28,19,12,5,2,0,2,
48,98,74,73,71,71,69,68,62,55,45,36,28,19,12,5,2,0,2,
50,57,52,68,84,29,71,24,62,55,45,36,28,19,12,5,2,0,2,
71,75,74,73,71,71,69,68,62,55,45,36,28,19,12,5,2,0,2,
87,35,74,73,71,71,69,68,62,55,45,36,28,19,12,5,2,0,2,
107,100,74,73,71,71,69,68,62,55,45,36,28,19,12,5,2,0,2,
14,57,94,109,49,71,69,68,62,55,45,36,28,19,12,5,2,0,2,
98,38,74,73,71,71,69,68,62,55,45,36,28,19,12,5,2,0,2,
45,83,97,111,29,71,69,68,62,55,45,36,28,19,12,5,2,0,2,
39,75,74,73,71,71,69,68,62,55,45,36,28,19,12,5,2,0,2,
105,41,9,113,71,71,69,68,62,55,45,36,28,19,12,5,2,0,2,
88,12,40,44,88,42,69,68,62,55,45,36,28,19,12,5,2,0,2,
105,97,50,109,71,71,69,68,62,55,45,36,28,19,12,5,2,0,2,
50,3,40,50,71,71,69,68,62,55,45,36,28,19,12,5,2,0,2,
107,13,97,41,34,71,69,68,62,55,45,36,28,19,12,5,2,0,2,
36,65,74,73,71,71,69,68,62,55,45,36,28,19,12,5,2,0,2,
14,55,97,95,0,76,33,16,18,17,28,29,18,19,12,5,2,0,2,
48,21,79,73,71,71,69,68,62,55,45,36,28,19,12,5,2,0,2,
24,87,97,73,71,71,69,68,62,55,45,36,28,19,12,5,2,0,2,
71,69,74,73,71,71,69,68,62,55,45,36,28,19,12,5,2,0,2,
45,75,74,73,71,71,69,68,62,55,45,36,28,19,12,5,2,0,2,
42,75,74,73,71,71,69,68,62,55,45,36,28,19,12,5,2,0,2,
24,87,97,73,71,71,69,68,62,55,45,36,28,19,12,5,2,0,2,
29,75,74,73,71,71,69,68,62,55,45,36,28,19,12,5,2,0,2,
105,15,74,73,71,71,69,68,62,55,45,36,28,19,12,5,2,0,2,
48,106,69,21,48,34,23,12,39,76,45,36,28,19,12,5,2,0,2,
80,35,74,73,71,71,69,68,62,55,45,36,28,19,12,5,2,0,2,
56,49,46,68,92,34,19,24,37,55,45,36,28,19,12,5,2,0,2,
95,4,74,73,71,71,69,68,62,55,45,36,28,19,12,5,2,0,2,
14,95,105,51,100,90,87,62,7,13,31,36,28,19,12,5,2,0,2,
36,103,74,73,71,71,69,68,62,55,45,36,28,19,12,5,2,0,2,
36,63,74,73,71,71,69,68,62,55,45,36,28,19,12,5,2,0,2,
56,47,35,109,49,71,69,68,62,55,45,36,28,19,12,5,2,0,2,
54,105,89,23,49,71,69,68,62,55,45,36,28,19,12,5,2,0,2,
48,96,22,73,71,71,69,68,62,55,45,36,28,19,12,5,2,0,2,
95,47,105,110,23,40,68,68,62,55,45,36,28,19,12,5,2,0,2,
71,36,107,49,71,71,69,68,62,55,45,36,28,19,12,5,2,0,2,
30,43,74,73,71,71,69,68,62,55,45,36,28,19,12,5,2,0,2,
87,70,72,79,54,15,29,95,37,34,44,26,35,10,12,5,2,0,2,
3,35,22,36,71,71,69,68,62,55,45,36,28,19,12,5,2,0,2,
58,79,42,73,71,71,69,68,62,55,45,36,28,19,12,5,2,0,2,
98,36,79,111,15,40,57,68,62,55,45,36,28,19,12,5,2,0,2,
48,98,69,6,23,71,69,68,62,55,45,36,28,19,12,5,2,0,2,
24,57,94,45,101,50,88,63,32,55,45,36,28,19,12,5,2,0,2,
112,46,62,50,71,71,69,68,62,55,45,36,28,19,12,5,2,0,2,
14,87,69,15,49,71,69,68,62,55,45,36,28,19,12,5,2,0,2,
87,70,96,34,81,96,41,68,62,55,45,36,28,19,12,5,2,0,2,
50,53,82,96,65,76,69,68,62,55,45,36,28,19,12,5,2,0,2,
14,95,46,104,57,38,69,68,62,55,45,36,28,19,12,5,2,0,2,
42,75,74,73,71,71,69,68,62,55,45,36,28,19,12,5,2,0,2,
110,41,10,73,71,71,69,68,62,55,45,36,28,19,12,5,2,0,2,
16,72,74,73,71,71,69,68,62,55,45,36,28,19,12,5,2,0,2,
98,70,14,59,29,33,31,73,62,55,45,36,28,19,12,5,2,0,2,
54,70,68,76,23,40,36,97,81,55,45,36,28,19,12,5,2,0,2,
79,15,33,40,11,84,41,68,62,55,45,36,28,19,12,5,2,0,2,
71,42,51,73,71,71,69,68,62,55,45,36,28,19,12,5,2,0,2,
71,79,101,79,27,40,91,68,62,55,45,36,28,19,12,5,2,0,2,
98,79,74,73,71,71,69,68,62,55,45,36,28,19,12,5,2,0,2,
50,53,0,88,95,6,23,44,39,37,45,36,28,19,12,5,2,0,2,
105,83,69,73,71,71,69,68,62,55,45,36,28,19,12,5,2,0,2,
39,75,74,73,71,71,69,68,62,55,45,36,28,19,12,5,2,0,2,
98,75,74,73,71,71,69,68,62,55,45,36,28,19,12,5,2,0,2,
71,97,68,78,47,40,47,68,62,55,45,36,28,19,12,5,2,0,2,
16,41,74,73,71,71,69,68,62,55,45,36,28,19,12,5,2,0,2,
14,114,54,33,71,71,69,68,62,55,45,36,28,19,12,5,2,0,2,
14,33,101,40,71,71,69,68,62,55,45,36,28,19,12,5,2,0,2,
60,75,74,73,71,71,69,68,62,55,45,36,28,19,12,5,2,0,2,
3,75,74,73,71,71,69,68,62,55,45,36,28,19,12,5,2,0,2,
50,87,104,67,41,103,98,40,62,55,45,36,28,19,12,5,2,0,2,
107,13,46,68,73,20,91,56,62,55,45,36,28,19,12,5,2,0,2,
24,75,74,73,71,71,69,68,62,55,45,36,28,19,12,5,2,0,2,
98,58,28,28,61,71,69,68,62,55,45,36,28,19,12,5,2,0,2,
34,35,40,73,71,71,69,68,62,55,45,36,28,19,12,5,2,0,2,
107,13,41,40,49,71,69,68,62,55,45,36,28,19,12,5,2,0,2,
71,97,66,35,31,11,85,68,62,55,45,36,28,19,12,5,2,0,2,
107,23,112,77,71,71,69,68,62,55,45,36,28,19,12,5,2,0,2,
54,23,37,73,71,71,69,68,62,55,45,36,28,19,12,5,2,0,2,
42,75,74,73,71,71,69,68,62,55,45,36,28,19,12,5,2,0,2,
24,69,78,73,71,71,69,68,62,55,45,36,28,19,12,5,2,0,2,
20,23,19,50,71,71,69,68,62,55,45,36,28,19,12,5,2,0,2,
101,75,74,73,71,71,69,68,62,55,45,36,28,19,12,5,2,0,2,
111,53,69,78,49,71,69,68,62,55,45,36,28,19,12,5,2,0,2,
98,75,74,73,71,71,69,68,62,55,45,36,28,19,12,5,2,0,2,
70,35,74,73,71,71,69,68,62,55,45,36,28,19,12,5,2,0,2,
48,98,69,44,31,49,69,68,62,55,45,36,28,19,12,5,2,0,2,
71,75,74,73,71,71,69,68,62,55,45,36,28,19,12,5,2,0,2,
97,28,10,60,71,71,69,68,62,55,45,36,28,19,12,5,2,0,2,
71,23,41,20,71,71,69,68,62,55,45,36,28,19,12,5,2,0,2,
24,75,74,73,71,71,69,68,62,55,45,36,28,19,12,5,2,0,2,
42,80,114,73,71,71,69,68,62,55,45,36,28,19,12,5,2,0,2,
14,44,94,96,23,41,25,73,32,78,20,18,22,19,12,5,2,0,2,
78,46,74,73,71,71,69,68,62,55,45,36,28,19,12,5,2,0,2,
87,70,78,73,71,71,69,68,62,55,45,36,28,19,12,5,2,0,2,
83,69,89,73,71,71,69,68,62,55,45,36,28,19,12,5,2,0,2,
50,19,74,73,71,71,69,68,62,55,45,36,28,19,12,5,2,0,2,
105,69,0,88,77,17,80,42,62,55,45,36,28,19,12,5,2,0,2,
50,57,52,95,0,40,28,68,62,55,45,36,28,19,12,5,2,0,2,
95,106,74,73,71,71,69,68,62,55,45,36,28,19,12,5,2,0,2,
70,15,74,73,71,71,69,68,62,55,45,36,28,19,12,5,2,0,2,
107,98,68,35,41,34,32,40,27,37,45,36,28,19,12,5,2,0,2,
107,44,105,79,71,71,69,68,62,55,45,36,28,19,12,5,2,0,2,
112,75,74,73,71,71,69,68,62,55,45,36,28,19,12,5,2,0,2,
54,105,97,67,55,11,47,68,62,55,45,36,28,19,12,5,2,0,2,
91,43,74,73,71,71,69,68,62,55,45,36,28,19,12,5,2,0,2,
70,52,74,73,71,71,69,68,62,55,45,36,28,19,12,5,2,0,2,
14,106,97,67,6,44,47,68,62,55,45,36,28,19,12,5,2,0,2,
25,116,74,73,71,71,69,68,62,55,45,36,28,19,12,5,2,0,2,
112,15,87,73,71,71,69,68,62,55,45,36,28,19,12,5,2,0,2,
95,47,69,65,35,40,47,68,62,55,45,36,28,19,12,5,2,0,2,
22,73,57,113,71,71,69,68,62,55,45,36,28,19,12,5,2,0,2,
37,7,34,21,20,58,69,68,62,55,45,36,28,19,12,5,2,0,2,
97,79,61,114,49,71,69,68,62,55,45,36,28,19,12,5,2,0,2,
74,48,74,73,71,71,69,68,62,55,45,36,28,19,12,5,2,0,2,
43,41,74,73,71,71,69,68,62,55,45,36,28,19,12,5,2,0,2,
86,104,74,73,71,71,69,68,62,55,45,36,28,19,12,5,2,0,2,
24,41,37,92,71,71,69,68,62,55,45,36,28,19,12,5,2,0,2,
42,37,74,73,71,71,69,68,62,55,45,36,28,19,12,5,2,0,2,
105,98,78,77,71,71,69,68,62,55,45,36,28,19,12,5,2,0,2,
71,67,68,73,71,71,69,68,62,55,45,36,28,19,12,5,2,0,2,
11,75,74,73,71,71,69,68,62,55,45,36,28,19,12,5,2,0,2,
14,98,3,48,71,71,69,68,62,55,45,36,28,19,12,5,2,0,2,
37,35,74,73,71,71,69,68,62,55,45,36,28,19,12,5,2,0,2,
74,51,58,73,71,71,69,68,62,55,45,36,28,19,12,5,2,0,2,
24,0,19,44,71,71,69,68,62,55,45,36,28,19,12,5,2,0,2,
37,10,74,73,71,71,69,68,62,55,45,36,28,19,12,5,2,0,2,
107,47,3,34,107,64,102,68,62,55,45,36,28,19,12,5,2,0,2,
86,75,74,73,71,71,69,68,62,55,45,36,28,19,12,5,2,0,2,
14,95,105,68,92,76,29,56,62,55,45,36,28,19,12,5,2,0,2,
24,98,69,21,99,71,69,68,62,55,45,36,28,19,12,5,2,0,2,
70,38,92,99,71,71,69,68,62,55,45,36,28,19,12,5,2,0,2,
71,69,77,23,37,55,101,68,62,55,45,36,28,19,12,5,2,0,2,
70,23,74,73,71,71,69,68,62,55,45,36,28,19,12,5,2,0,2,
79,75,74,73,71,71,69,68,62,55,45,36,28,19,12,5,2,0,2,
71,69,41,34,23,71,69,68,62,55,45,36,28,19,12,5,2,0,2,
71,58,74,73,71,71,69,68,62,55,45,36,28,19,12,5,2,0,2,
95,61,87,29,21,38,39,68,62,55,45,36,28,19,12,5,2,0,2,
50,98,69,33,49,36,56,68,62,55,45,36,28,19,12,5,2,0,2,
37,75,74,73,71,71,69,68,62,55,45,36,28,19,12,5,2,0,2,
15,104,63,61,71,71,69,68,62,55,45,36,28,19,12,5,2,0,2,
58,70,89,109,58,84,85,17,62,55,45,36,28,19,12,5,2,0,2,
98,75,74,73,71,71,69,68,62,55,45,36,28,19,12,5,2,0,2,
71,69,34,23,71,71,69,68,62,55,45,36,28,19,12,5,2,0,2,
107,95,46,96,66,99,69,68,62,55,45,36,28,19,12,5,2,0,2,
70,35,14,40,71,71,69,68,62,55,45,36,28,19,12,5,2,0,2,
29,75,74,73,71,71,69,68,62,55,45,36,28,19,12,5,2,0,2,
29,75,74,73,71,71,69,68,62,55,45,36,28,19,12,5,2,0,2,
98,69,78,61,71,71,69,68,62,55,45,36,28,19,12,5,2,0,2,
107,13,97,111,57,23,56,68,62,55,45,36,28,19,12,5,2,0,2,
29,75,74,73,71,71,69,68,62,55,45,36,28,19,12,5,2,0,2,
50,105,97,43,9,71,69,68,62,55,45,36,28,19,12,5,2,0,2,
80,37,74,73,71,71,69,68,62,55,45,36,28,19,12,5,2,0,2,
95,47,45,73,71,71,69,68,62,55,45,36,28,19,12,5,2,0,2,
27,35,112,40,71,71,69,68,62,55,45,36,28,19,12,5,2,0,2,
71,36,22,9,59,71,69,68,62,55,45,36,28,19,12,5,2,0,2,
71,15,74,73,71,71,69,68,62,55,45,36,28,19,12,5,2,0,2,
71,15,74,73,71,71,69,68,62,55,45,36,28,19,12,5,2,0,2,
103,75,74,73,71,71,69,68,62,55,45,36,28,19,12,5,2,0,2,
58,95,52,68,34,15,47,61,62,55,45,36,28,19,12,5,2,0,2,
56,57,52,23,57,44,20,42,62,55,45,36,28,19,12,5,2,0,2,
58,98,69,34,71,71,69,68,62,55,45,36,28,19,12,5,2,0,2,
105,70,68,73,71,71,69,68,62,55,45,36,28,19,12,5,2,0,2,
98,35,74,73,71,71,69,68,62,55,45,36,28,19,12,5,2,0,2,
87,69,34,24,87,101,69,68,62,55,45,36,28,19,12,5,2,0,2,
36,116,74,73,71,71,69,68,62,55,45,36,28,19,12,5,2,0,2,
73,75,74,73,71,71,69,68,62,55,45,36,28,19,12,5,2,0,2,
29,75,74,73,71,71,69,68,62,55,45,36,28,19,12,5,2,0,2,
50,35,40,73,71,71,69,68,62,55,45,36,28,19,12,5,2,0,2,
50,36,60,29,37,71,69,68,62,55,45,36,28,19,12,5,2,0,2,
48,113,52,68,65,21,33,24,37,55,45,36,28,19,12,5,2,0,2,
71,19,22,42,71,71,69,68,62,55,45,36,28,19,12,5,2,0,2,
37,45,74,73,71,71,69,68,62,55,45,36,28,19,12,5,2,0,2,
105,35,20,24,59,71,69,68,62,55,45,36,28,19,12,5,2,0,2,
105,53,97,68,65,71,69,68,62,55,45,36,28,19,12,5,2,0,2,
107,13,54,104,65,34,23,40,51,55,45,36,28,19,12,5,2,0,2,
14,106,22,73,71,71,69,68,62,55,45,36,28,19,12,5,2,0,2,
32,75,74,73,71,71,69,68,62,55,45,36,28,19,12,5,2,0,2,
24,75,74,73,71,71,69,68,62,55,45,36,28,19,12,5,2,0,2,
58,53,97,78,71,71,69,68,62,55,45,36,28,19,12,5,2,0,2,
80,91,103,73,71,71,69,68,62,55,45,36,28,19,12,5,2,0,2,
78,29,22,72,11,71,69,68,62,55,45,36,28,19,12,5,2,0,2,
56,47,105,96,23,15,69,68,62,55,45,36,28,19,12,5,2,0,2,
46,35,40,73,71,71,69,68,62,55,45,36,28,19,12,5,2,0,2,
14,49,25,88,15,71,69,68,62,55,45,36,28,19,12,5,2,0,2,
95,97,74,73,71,71,69,68,62,55,45,36,28,19,12,5,2,0,2,
90,75,74,73,71,71,69,68,62,55,45,36,28,19,12,5,2,0,2,
14,35,51,73,71,71,69,68,62,55,45,36,28,19,12,5,2,0,2,
16,107,74,73,71,71,69,68,62,55,45,36,28,19,12,5,2,0,2,
50,87,74,73,71,71,69,68,62,55,45,36,28,19,12,5,2,0,2,
111,98,69,78,71,71,69,68,62,55,45,36,28,19,12,5,2,0,2,
71,69,78,21,71,71,69,68,62,55,45,36,28,19,12,5,2,0,2,
45,35,74,73,71,71,69,68,62,55,45,36,28,19,12,5,2,0,2,
113,45,89,23,44,58,69,68,62,55,45,36,28,19,12,5,2,0,2,
113,75,74,73,71,71,69,68,62,55,45,36,28,19,12,5,2,0,2,
36,28,74,73,71,71,69,68,62,55,45,36,28,19,12,5,2,0,2,
71,67,79,73,71,71,69,68,62,55,45,36,28,19,12,5,2,0,2,
71,75,74,73,71,71,69,68,62,55,45,36,28,19,12,5,2,0,2,
14,49,111,96,66,34,99,9,28,77,33,36,28,19,12,5,2,0,2,
59,61,77,21,49,23,53,68,62,55,45,36,28,19,12,5,2,0,2,
36,23,74,73,71,71,69,68,62,55,45,36,28,19,12,5,2,0,2,
24,75,74,73,71,71,69,68,62,55,45,36,28,19,12,5,2,0,2,
98,41,37,50,71,71,69,68,62,55,45,36,28,19,12,5,2,0,2,
107,35,42,73,71,71,69,68,62,55,45,36,28,19,12,5,2,0,2,
107,35,11,28,59,71,69,68,62,55,45,36,28,19,12,5,2,0,2,
107,23,34,52,20,49,69,68,62,55,45,36,28,19,12,5,2,0,2,
36,15,40,73,71,71,69,68,62,55,45,36,28,19,12,5,2,0,2,
14,52,22,73,71,71,69,68,62,55,45,36,28,19,12,5,2,0,2,
112,23,37,73,71,71,69,68,62,55,45,36,28,19,12,5,2,0,2,
15,29,22,40,71,71,69,68,62,55,45,36,28,19,12,5,2,0,2,
105,69,74,73,71,71,69,68,62,55,45,36,28,19,12,5,2,0,2,
71,52,74,73,71,71,69,68,62,55,45,36,28,19,12,5,2,0,2,
46,75,74,73,71,71,69,68,62,55,45,36,28,19,12,5,2,0,2,
87,53,97,68,34,88,29,98,62,55,45,36,28,19,12,5,2,0,2,
58,53,104,95,34,37,69,68,62,55,45,36,28,19,12,5,2,0,2,
71,114,37,73,71,71,69,68,62,55,45,36,28,19,12,5,2,0,2,
87,95,97,68,92,65,20,68,62,55,45,36,28,19,12,5,2,0,2,
88,46,74,73,71,71,69,68,62,55,45,36,28,19,12,5,2,0,2,
48,23,112,73,71,71,69,68,62,55,45,36,28,19,12,5,2,0,2,
71,23,74,73,71,71,69,68,62,55,45,36,28,19,12,5,2,0,2,
14,75,74,73,71,71,69,68,62,55,45,36,28,19,12,5,2,0,2,
36,41,36,73,71,71,69,68,62,55,45,36,28,19,12,5,2,0,2,
0,35,27,73,71,71,69,68,62,55,45,36,28,19,12,5,2,0,2,
36,46,30,61,71,71,69,68,62,55,45,36,28,19,12,5,2,0,2,
14,75,74,73,71,71,69,68,62,55,45,36,28,19,12,5,2,0,2,
16,46,74,73,71,71,69,68,62,55,45,36,28,19,12,5,2,0,2,
36,41,74,73,71,71,69,68,62,55,45,36,28,19,12,5,2,0,2,
50,57,69,39,77,44,83,52,11,55,45,36,28,19,12,5,2,0,2,
98,14,34,15,23,40,69,68,62,55,45,36,28,19,12,5,2,0,2,
80,41,74,73,71,71,69,68,62,55,45,36,28,19,12,5,2,0,2,
45,57,94,45,21,23,57,68,62,55,45,36,28,19,12,5,2,0,2,
42,28,74,73,71,71,69,68,62,55,45,36,28,19,12,5,2,0,2,
114,75,74,73,71,71,69,68,62,55,45,36,28,19,12,5,2,0,2,
50,75,74,73,71,71,69,68,62,55,45,36,28,19,12,5,2,0,2,
98,75,74,73,71,71,69,68,62,55,45,36,28,19,12,5,2,0,2,
83,70,22,75,71,71,69,68,62,55,45,36,28,19,12,5,2,0,2,
48,35,22,73,71,71,69,68,62,55,45,36,28,19,12,5,2,0,2,
105,70,96,78,12,71,69,68,62,55,45,36,28,19,12,5,2,0,2,
14,87,46,21,44,71,69,68,62,55,45,36,28,19,12,5,2,0,2,
36,75,74,73,71,71,69,68,62,55,45,36,28,19,12,5,2,0,2,
87,53,97,8,71,71,69,68,62,55,45,36,28,19,12,5,2,0,2,
95,47,105,15,49,76,69,68,62,55,45,36,28,19,12,5,2,0,2,
71,69,99,111,42,71,69,68,62,55,45,36,28,19,12,5,2,0,2,
54,98,74,73,71,71,69,68,62,55,45,36,28,19,12,5,2,0,2,
101,75,74,73,71,71,69,68,62,55,45,36,28,19,12,5,2,0,2,
6,75,74,73,71,71,69,68,62,55,45,36,28,19,12,5,2,0,2,
14,49,40,73,71,71,69,68,62,55,45,36,28,19,12,5,2,0,2,
108,76,79,73,71,71,69,68,62,55,45,36,28,19,12,5,2,0,2,
14,95,97,67,41,15,45,40,62,55,45,36,28,19,12,5,2,0,2,
27,35,74,73,71,71,69,68,62,55,45,36,28,19,12,5,2,0,2,
14,35,40,73,71,71,69,68,62,55,45,36,28,19,12,5,2,0,2,
104,70,74,73,71,71,69,68,62,55,45,36,28,19,12,5,2,0,2,
48,98,74,73,71,71,69,68,62,55,45,36,28,19,12,5,2,0,2,
107,55,86,93,66,21,74,16,84,55,45,36,28,19,12,5,2,0,2,
80,29,22,73,71,71,69,68,62,55,45,36,28,19,12,5,2,0,2,
14,98,74,73,71,71,69,68,62,55,45,36,28,19,12,5,2,0,2,
95,47,97,68,65,94,69,68,62,55,45,36,28,19,12,5,2,0,2,
105,53,66,88,34,20,43,56,58,55,45,36,28,19,12,5,2,0,2,
83,69,60,21,23,44,68,68,62,55,45,36,28,19,12,5,2,0,2,
107,80,34,73,71,71,69,68,62,55,45,36,28,19,12,5,2,0,2,
53,75,74,73,71,71,69,68,62,55,45,36,28,19,12,5,2,0,2,
39,75,74,73,71,71,69,68,62,55,45,36,28,19,12,5,2,0,2,
107,53,82,39,5,83,77,68,62,55,45,36,28,19,12,5,2,0,2,
71,26,74,73,71,71,69,68,62,55,45,36,28,19,12,5,2,0,2,
42,104,42,73,71,71,69,68,62,55,45,36,28,19,12,5,2,0,2,
58,105,97,68,3,65,73,6,66,78,64,5,15,8,12,5,2,0,2,
24,80,74,73,71,71,69,68,62,55,45,36,28,19,12,5,2,0,2,
14,75,74,73,71,71,69,68,62,55,45,36,28,19,12,5,2,0,2,
74,75,74,73,71,71,69,68,62,55,45,36,28,19,12,5,2,0,2,
48,19,22,40,37,20,94,68,62,55,45,36,28,19,12,5,2,0,2,
71,90,74,73,71,71,69,68,62,55,45,36,28,19,12,5,2,0,2,
70,15,27,72,71,71,69,68,62,55,45,36,28,19,12,5,2,0,2,
104,20,51,73,71,71,69,68,62,55,45,36,28,19,12,5,2,0,2,
71,103,37,42,60,71,69,68,62,55,45,36,28,19,12,5,2,0,2,
56,97,57,73,71,71,69,68,62,55,45,36,28,19,12,5,2,0,2,
107,106,97,68,23,65,43,48,62,55,45,36,28,19,12,5,2,0,2,
95,70,68,54,99,71,69,68,62,55,45,36,28,19,12,5,2,0,2,
29,62,74,73,71,71,69,68,62,55,45,36,28,19,12,5,2,0,2,
24,41,27,91,59,71,69,68,62,55,45,36,28,19,12,5,2,0,2,
70,10,74,73,71,71,69,68,62,55,45,36,28,19,12,5,2,0,2,
58,69,25,29,55,71,69,68,62,55,45,36,28,19,12,5,2,0,2,
79,62,74,73,71,71,69,68,62,55,45,36,28,19,12,5,2,0,2,
105,53,69,78,43,54,55,44,39,55,45,36,28,19,12,5,2,0,2,
107,70,34,15,40,105,69,68,62,55,45,36,28,19,12,5,2,0,2,
42,75,74,73,71,71,69,68,62,55,45,36,28,19,12,5,2,0,2,
105,69,22,28,96,42,69,68,62,55,45,36,28,19,12,5,2,0,2,
95,47,78,34,58,59,69,68,62,55,45,36,28,19,12,5,2,0,2,
71,75,74,73,71,71,69,68,62,55,45,36,28,19,12,5,2,0,2,
14,79,57,38,71,71,69,68,62,55,45,36,28,19,12,5,2,0,2,
42,75,74,73,71,71,69,68,62,55,45,36,28,19,12,5,2,0,2,
54,82,51,73,71,71,69,68,62,55,45,36,28,19,12,5,2,0,2,
98,21,57,76,49,23,39,44,27,54,39,36,28,19,12,5,2,0,2,
24,78,63,73,71,71,69,68,62,55,45,36,28,19,12,5,2,0,2,
14,106,41,34,40,71,69,68,62,55,45,36,28,19,12,5,2,0,2,
24,75,74,73,71,71,69,68,62,55,45,36,28,19,12,5,2,0,2,
71,114,79,64,59,71,69,68,62,55,45,36,28,19,12,5,2,0,2,
98,70,78,100,54,19,23,68,62,55,45,36,28,19,12,5,2,0,2,
71,69,14,40,20,49,69,68,62,55,45,36,28,19,12,5,2,0,2,
59,75,74,73,71,71,69,68,62,55,45,36,28,19,12,5,2,0,2,
50,75,74,73,71,71,69,68,62,55,45,36,28,19,12,5,2,0,2,
79,0,50,102,42,71,69,68,62,55,45,36,28,19,12,5,2,0,2,
70,76,72,73,71,71,69,68,62,55,45,36,28,19,12,5,2,0,2,
68,103,45,37,70,49,69,68,62,55,45,36,28,19,12,5,2,0,2,
70,79,41,58,71,71,69,68,62,55,45,36,28,19,12,5,2,0,2,
98,70,51,73,71,71,69,68,62,55,45,36,28,19,12,5,2,0,2,
16,75,74,73,71,71,69,68,62,55,45,36,28,19,12,5,2,0,2,
70,35,19,73,71,71,69,68,62,55,45,36,28,19,12,5,2,0,2,
95,70,22,67,91,73,97,68,62,55,45,36,28,19,12,5,2,0,2,
41,52,74,73,71,71,69,68,62,55,45,36,28,19,12,5,2,0,2,
54,15,74,73,71,71,69,68,62,55,45,36,28,19,12,5,2,0,2,
98,78,74,73,71,71,69,68,62,55,45,36,28,19,12,5,2,0,2,
95,35,74,73,71,71,69,68,62,55,45,36,28,19,12,5,2,0,2,
107,16,74,73,71,71,69,68,62,55,45,36,28,19,12,5,2,0,2,
14,75,74,73,71,71,69,68,62,55,45,36,28,19,12,5,2,0,2,
98,75,74,73,71,71,69,68,62,55,45,36,28,19,12,5,2,0,2,
104,75,74,73,71,71,69,68,62,55,45,36,28,19,12,5,2,0,2,
45,106,97,21,15,37,69,68,62,55,45,36,28,19,12,5,2,0,2,
54,69,35,59,71,71,69,68,62,55,45,36,28,19,12,5,2,0,2,
42,75,74,73,71,71,69,68,62,55,45,36,28,19,12,5,2,0,2,
14,57,86,67,7,21,74,34,14,52,45,36,28,19,12,5,2,0,2,
107,106,89,44,71,71,69,68,62,55,45,36,28,19,12,5,2,0,2,
24,75,74,73,71,71,69,68,62,55,45,36,28,19,12,5,2,0,2,
56,95,69,26,71,71,69,68,62,55,45,36,28,19,12,5,2,0,2,
22,28,74,73,71,71,69,68,62,55,45,36,28,19,12,5,2,0,2,
24,95,46,51,93,66,69,68,62,55,45,36,28,19,12,5,2,0,2,
15,80,20,44,59,71,69,68,62,55,45,36,28,19,12,5,2,0,2,
58,69,34,19,42,101,57,68,62,55,45,36,28,19,12,5,2,0,2,
45,80,112,23,46,64,41,56,62,55,45,36,28,19,12,5,2,0,2,
36,96,47,108,71,71,69,68,62,55,45,36,28,19,12,5,2,0,2,
95,69,14,12,29,19,35,80,62,55,45,36,28,19,12,5,2,0,2,
95,47,69,67,34,15,49,37,39,55,45,36,28,19,12,5,2,0,2,
20,52,74,73,71,71,69,68,62,55,45,36,28,19,12,5,2,0,2,
43,58,61,73,71,71,69,68,62,55,45,36,28,19,12,5,2,0,2,
107,98,69,67,21,34,15,48,62,55,45,36,28,19,12,5,2,0,2,
39,75,74,73,71,71,69,68,62,55,45,36,28,19,12,5,2,0,2,
70,26,34,40,28,49,69,68,62,55,45,36,28,19,12,5,2,0,2,
107,13,22,96,103,12,21,23,44,71,1,44,16,19,12,5,2,0,2,
36,41,62,56,71,71,69,68,62,55,45,36,28,19,12,5,2,0,2,
71,36,22,40,9,59,69,68,62,55,45,36,28,19,12,5,2,0,2,
56,57,82,20,104,71,69,68,62,55,45,36,28,19,12,5,2,0,2,
97,43,74,73,71,71,69,68,62,55,45,36,28,19,12,5,2,0,2,
37,58,14,61,49,71,69,68,62,55,45,36,28,19,12,5,2,0,2,
107,70,13,41,5,34,99,30,51,55,45,36,28,19,12,5,2,0,2,
14,49,56,51,23,65,26,34,86,9,47,13,28,19,12,5,2,0,2,
14,106,69,34,40,93,47,68,62,55,45,36,28,19,12,5,2,0,2,
56,98,74,73,71,71,69,68,62,55,45,36,28,19,12,5,2,0,2,
14,47,105,34,15,29,69,68,62,55,45,36,28,19,12,5,2,0,2,
71,35,14,73,71,71,69,68,62,55,45,36,28,19,12,5,2,0,2,
29,75,74,73,71,71,69,68,62,55,45,36,28,19,12,5,2,0,2,
107,95,46,104,93,66,87,62,65,60,14,8,21,13,15,5,2,0,2,
32,75,74,73,71,71,69,68,62,55,45,36,28,19,12,5,2,0,2,
50,23,41,21,71,71,69,68,62,55,45,36,28,19,12,5,2,0,2,
39,75,74,73,71,71,69,68,62,55,45,36,28,19,12,5,2,0,2,
50,47,52,82,93,49,69,68,62,55,45,36,28,19,12,5,2,0,2,
24,20,62,73,71,71,69,68,62,55,45,36,28,19,12,5,2,0,2,
71,80,112,16,71,71,69,68,62,55,45,36,28,19,12,5,2,0,2,
97,3,40,44,58,96,47,68,62,55,45,36,28,19,12,5,2,0,2,
48,106,13,34,15,12,69,68,62,55,45,36,28,19,12,5,2,0,2,
105,98,69,67,107,15,69,68,62,55,45,36,28,19,12,5,2,0,2,
71,63,74,73,71,71,69,68,62,55,45,36,28,19,12,5,2,0,2,
95,98,68,26,34,40,74,56,62,55,45,36,28,19,12,5,2,0,2,
29,75,74,73,71,71,69,68,62,55,45,36,28,19,12,5,2,0,2,
105,53,39,34,17,49,28,82,62,55,45,36,28,19,12,5,2,0,2,
17,75,74,73,71,71,69,68,62,55,45,36,28,19,12,5,2,0,2,
54,98,89,73,71,71,69,68,62,55,45,36,28,19,12,5,2,0,2,
107,47,52,68,23,89,63,68,62,55,45,36,28,19,12,5,2,0,2,
70,20,73,73,71,71,69,68,62,55,45,36,28,19,12,5,2,0,2,
15,73,79,77,40,60,69,68,62,55,45,36,28,19,12,5,2,0,2,
71,79,74,73,71,71,69,68,62,55,45,36,28,19,12,5,2,0,2,
56,53,69,61,71,71,69,68,62,55,45,36,28,19,12,5,2,0,2,
50,75,74,73,71,71,69,68,62,55,45,36,28,19,12,5,2,0,2,
53,75,74,73,71,71,69,68,62,55,45,36,28,19,12,5,2,0,2,
7,42,22,40,89,11,74,92,62,55,45,36,28,19,12,5,2,0,2,
14,98,68,5,34,23,39,29,44,55,45,36,28,19,12,5,2,0,2,
85,20,74,73,71,71,69,68,62,55,45,36,28,19,12,5,2,0,2,
71,109,34,29,71,71,69,68,62,55,45,36,28,19,12,5,2,0,2,
97,69,74,73,71,71,69,68,62,55,45,36,28,19,12,5,2,0,2,
53,46,74,73,71,71,69,68,62,55,45,36,28,19,12,5,2,0,2,
48,105,69,67,76,40,69,68,62,55,45,36,28,19,12,5,2,0,2,
42,75,74,73,71,71,69,68,62,55,45,36,28,19,12,5,2,0,2,
71,97,112,73,71,71,69,68,62,55,45,36,28,19,12,5,2,0,2,
39,75,74,73,71,71,69,68,62,55,45,36,28,19,12,5,2,0,2,
78,75,74,73,71,71,69,68,62,55,45,36,28,19,12,5,2,0,2,
87,47,74,73,71,71,69,68,62,55,45,36,28,19,12,5,2,0,2,
70,35,54,40,71,71,69,68,62,55,45,36,28,19,12,5,2,0,2,
50,95,74,73,71,71,69,68,62,55,45,36,28,19,12,5,2,0,2,
14,41,92,50,71,71,69,68,62,55,45,36,28,19,12,5,2,0,2,
29,75,74,73,71,71,69,68,62,55,45,36,28,19,12,5,2,0,2,
58,95,69,73,71,71,69,68,62,55,45,36,28,19,12,5,2,0,2,
70,14,34,105,71,71,69,68,62,55,45,36,28,19,12,5,2,0,2,
32,75,74,73,71,71,69,68,62,55,45,36,28,19,12,5,2,0,2,
98,23,68,34,15,29,69,68,62,55,45,36,28,19,12,5,2,0,2,
16,75,74,73,71,71,69,68,62,55,45,36,28,19,12,5,2,0,2,
14,95,69,67,35,81,11,97,62,55,45,36,28,19,12,5,2,0,2,
29,58,74,73,71,71,69,68,62,55,45,36,28,19,12,5,2,0,2,
14,95,97,41,21,48,47,57,51,55,45,36,28,19,12,5,2,0,2,
29,75,74,73,71,71,69,68,62,55,45,36,28,19,12,5,2,0,2,
85,41,114,73,71,71,69,68,62,55,45,36,28,19,12,5,2,0,2,
98,70,68,100,23,20,43,68,62,55,45,36,28,19,12,5,2,0,2,
50,98,34,73,71,71,69,68,62,55,45,36,28,19,12,5,2,0,2,
58,53,97,68,77,96,69,68,62,55,45,36,28,19,12,5,2,0,2,
38,75,74,73,71,71,69,68,62,55,45,36,28,19,12,5,2,0,2,
29,75,74,73,71,71,69,68,62,55,45,36,28,19,12,5,2,0,2,
39,75,74,73,71,71,69,68,62,55,45,36,28,19,12,5,2,0,2,
45,95,52,78,28,42,69,68,62,55,45,36,28,19,12,5,2,0,2,
48,70,74,73,71,71,69,68,62,55,45,36,28,19,12,5,2,0,2,
24,21,15,73,71,71,69,68,62,55,45,36,28,19,12,5,2,0,2,
50,87,105,103,93,66,23,1,40,25,8,0,9,19,12,5,2,0,2,
70,75,74,73,71,71,69,68,62,55,45,36,28,19,12,5,2,0,2,
14,44,105,68,63,65,40,27,32,9,20,26,18,19,12,5,2,0,2,
43,58,112,73,71,71,69,68,62,55,45,36,28,19,12,5,2,0,2,
32,75,74,73,71,71,69,68,62,55,45,36,28,19,12,5,2,0,2,
24,75,74,73,71,71,69,68,62,55,45,36,28,19,12,5,2,0,2,
107,57,94,68,34,51,47,37,62,55,45,36,28,19,12,5,2,0,2,
16,6,37,73,71,71,69,68,62,55,45,36,28,19,12,5,2,0,2,
53,75,74,73,71,71,69,68,62,55,45,36,28,19,12,5,2,0,2,
48,35,14,73,71,71,69,68,62,55,45,36,28,19,12,5,2,0,2,
108,35,37,73,71,71,69,68,62,55,45,36,28,19,12,5,2,0,2,
71,75,74,73,71,71,69,68,62,55,45,36,28,19,12,5,2,0,2,
50,21,62,73,71,71,69,68,62,55,45,36,28,19,12,5,2,0,2,
87,106,69,41,77,71,69,68,62,55,45,36,28,19,12,5,2,0,2,
98,15,61,42,71,71,69,68,62,55,45,36,28,19,12,5,2,0,2,
80,35,74,73,71,71,69,68,62,55,45,36,28,19,12,5,2,0,2,
87,42,89,40,71,71,69,68,62,55,45,36,28,19,12,5,2,0,2,
111,53,69,95,73,76,33,68,62,55,45,36,28,19,12,5,2,0,2,
16,41,74,73,71,71,69,68,62,55,45,36,28,19,12,5,2,0,2,
14,69,34,40,71,71,69,68,62,55,45,36,28,19,12,5,2,0,2,
90,75,74,73,71,71,69,68,62,55,45,36,28,19,12,5,2,0,2,
3,35,20,23,71,71,69,68,62,55,45,36,28,19,12,5,2,0,2,
105,70,79,73,71,71,69,68,62,55,45,36,28,19,12,5,2,0,2,
34,57,82,113,42,49,69,68,62,55,45,36,28,19,12,5,2,0,2,
54,70,34,113,71,71,69,68,62,55,45,36,28,19,12,5,2,0,2,
54,69,14,73,71,71,69,68,62,55,45,36,28,19,12,5,2,0,2,
98,35,40,73,71,71,69,68,62,55,45,36,28,19,12,5,2,0,2,
24,106,69,15,49,71,69,68,62,55,45,36,28,19,12,5,2,0,2,
36,75,74,73,71,71,69,68,62,55,45,36,28,19,12,5,2,0,2,
68,34,74,73,71,71,69,68,62,55,45,36,28,19,12,5,2,0,2,
68,7,34,73,71,71,69,68,62,55,45,36,28,19,12,5,2,0,2,
83,98,101,73,71,71,69,68,62,55,45,36,28,19,12,5,2,0,2,
45,87,97,68,92,5,74,34,28,55,45,36,28,19,12,5,2,0,2,
53,75,74,73,71,71,69,68,62,55,45,36,28,19,12,5,2,0,2,
24,98,69,67,86,49,36,67,62,55,45,36,28,19,12,5,2,0,2,
71,97,3,50,71,71,69,68,62,55,45,36,28,19,12,5,2,0,2,
107,87,46,51,77,79,78,68,62,55,45,36,28,19,12,5,2,0,2,
95,106,69,95,76,23,36,97,44,55,45,36,28,19,12,5,2,0,2,
48,70,18,97,36,71,69,68,62,55,45,36,28,19,12,5,2,0,2,
71,75,74,73,71,71,69,68,62,55,45,36,28,19,12,5,2,0,2,
29,75,74,73,71,71,69,68,62,55,45,36,28,19,12,5,2,0,2,
29,75,74,73,71,71,69,68,62,55,45,36,28,19,12,5,2,0,2,
95,35,14,40,67,49,69,68,62,55,45,36,28,19,12,5,2,0,2,
24,83,97,68,73,103,39,21,62,55,45,36,28,19,12,5,2,0,2,
29,75,74,73,71,71,69,68,62,55,45,36,28,19,12,5,2,0,2,
22,23,19,73,71,71,69,68,62,55,45,36,28,19,12,5,2,0,2,
50,47,69,95,103,76,29,18,37,28,42,36,28,19,12,5,2,0,2,
36,41,10,99,71,71,69,68,62,55,45,36,28,19,12,5,2,0,2,
71,90,34,15,18,59,69,68,62,55,45,36,28,19,12,5,2,0,2,
36,114,45,61,71,71,69,68,62,55,45,36,28,19,12,5,2,0,2,
5,35,74,73,71,71,69,68,62,55,45,36,28,19,12,5,2,0,2,
36,75,74,73,71,71,69,68,62,55,45,36,28,19,12,5,2,0,2,
50,90,14,20,71,71,69,68,62,55,45,36,28,19,12,5,2,0,2,
95,98,69,59,71,71,69,68,62,55,45,36,28,19,12,5,2,0,2,
37,75,74,73,71,71,69,68,62,55,45,36,28,19,12,5,2,0,2,
44,75,74,73,71,71,69,68,62,55,45,36,28,19,12,5,2,0,2,
29,75,74,73,71,71,69,68,62,55,45,36,28,19,12,5,2,0,2,
42,101,62,16,71,71,69,68,62,55,45,36,28,19,12,5,2,0,2,
39,93,109,73,71,71,69,68,62,55,45,36,28,19,12,5,2,0,2,
14,49,56,85,78,50,88,4,32,20,29,36,28,19,12,5,2,0,2,
14,38,90,73,71,71,69,68,62,55,45,36,28,19,12,5,2,0,2,
36,28,74,73,71,71,69,68,62,55,45,36,28,19,12,5,2,0,2,
48,81,13,17,74,49,53,68,62,55,45,36,28,19,12,5,2,0,2,
107,49,52,68,65,72,39,68,62,55,45,36,28,19,12,5,2,0,2,
14,95,111,96,41,34,23,68,62,55,45,36,28,19,12,5,2,0,2,
71,35,74,73,71,71,69,68,62,55,45,36,28,19,12,5,2,0,2,
54,105,69,65,21,11,41,56,62,55,45,36,28,19,12,5,2,0,2,
14,35,74,73,71,71,69,68,62,55,45,36,28,19,12,5,2,0,2,
48,62,74,73,71,71,69,68,62,55,45,36,28,19,12,5,2,0,2,
87,46,27,20,71,71,69,68,62,55,45,36,28,19,12,5,2,0,2,
56,70,68,40,4,71,69,68,62,55,45,36,28,19,12,5,2,0,2,
42,75,74,73,71,71,69,68,62,55,45,36,28,19,12,5,2,0,2,
107,58,28,50,71,71,69,68,62,55,45,36,28,19,12,5,2,0,2,
98,75,74,73,71,71,69,68,62,55,45,36,28,19,12,5,2,0,2,
71,46,74,73,71,71,69,68,62,55,45,36,28,19,12,5,2,0,2,
16,63,74,73,71,71,69,68,62,55,45,36,28,19,12,5,2,0,2,
29,59,74,73,71,71,69,68,62,55,45,36,28,19,12,5,2,0,2,
29,75,74,73,71,71,69,68,62,55,45,36,28,19,12,5,2,0,2,
41,52,57,73,71,71,69,68,62,55,45,36,28,19,12,5,2,0,2,
45,95,46,68,65,75,39,68,62,55,45,36,28,19,12,5,2,0,2,
22,75,74,73,71,71,69,68,62,55,45,36,28,19,12,5,2,0,2,
50,53,82,96,29,21,30,68,62,55,45,36,28,19,12,5,2,0,2,
16,41,74,73,71,71,69,68,62,55,45,36,28,19,12,5,2,0,2,
56,85,57,31,49,71,69,68,62,55,45,36,28,19,12,5,2,0,2,
42,46,36,73,71,71,69,68,62,55,45,36,28,19,12,5,2,0,2,
70,21,34,79,71,71,69,68,62,55,45,36,28,19,12,5,2,0,2,
79,80,28,73,71,71,69,68,62,55,45,36,28,19,12,5,2,0,2,
14,98,68,23,40,28,47,68,62,55,45,36,28,19,12,5,2,0,2,
29,75,74,73,71,71,69,68,62,55,45,36,28,19,12,5,2,0,2,
54,98,15,73,71,71,69,68,62,55,45,36,28,19,12,5,2,0,2,
16,41,74,73,71,71,69,68,62,55,45,36,28,19,12,5,2,0,2,
36,52,73,99,71,71,69,68,62,55,45,36,28,19,12,5,2,0,2,
36,75,74,73,71,71,69,68,62,55,45,36,28,19,12,5,2,0,2,
107,13,105,96,34,102,74,68,62,55,45,36,28,19,12,5,2,0,2,
14,69,34,15,27,40,69,68,62,55,45,36,28,19,12,5,2,0,2,
82,75,74,73,71,71,69,68,62,55,45,36,28,19,12,5,2,0,2,
70,35,74,73,71,71,69,68,62,55,45,36,28,19,12,5,2,0,2,
107,35,112,50,71,71,69,68,62,55,45,36,28,19,12,5,2,0,2,
45,49,97,68,86,34,59,68,62,55,45,36,28,19,12,5,2,0,2,
80,75,74,73,71,71,69,68,62,55,45,36,28,19,12,5,2,0,2,
39,63,74,73,71,71,69,68,62,55,45,36,28,19,12,5,2,0,2,
24,95,46,96,66,75,33,16,49,79,45,36,28,19,12,5,2,0,2,
102,104,62,50,71,71,69,68,62,55,45,36,28,19,12,5,2,0,2,
107,13,94,51,93,66,63,72,72,40,65,39,4,6,7,6,2,0,2,
105,38,74,73,71,71,69,68,62,55,45,36,28,19,12,5,2,0,2,
29,75,74,73,71,71,69,68,62,55,45,36,28,19,12,5,2,0,2,
50,98,40,73,71,71,69,68,62,55,45,36,28,19,12,5,2,0,2,
29,75,74,73,71,71,69,68,62,55,45,36,28,19,12,5,2,0,2,
36,15,74,73,71,71,69,68,62,55,45,36,28,19,12,5,2,0,2,
94,4,74,73,71,71,69,68,62,55,45,36,28,19,12,5,2,0,2,
14,108,56,93,100,57,29,75,22,55,45,36,28,19,12,5,2,0,2,
36,41,74,73,71,71,69,68,62,55,45,36,28,19,12,5,2,0,2,
71,15,40,73,71,71,69,68,62,55,45,36,28,19,12,5,2,0,2,
58,47,52,68,71,71,69,68,62,55,45,36,28,19,12,5,2,0,2,
45,70,79,101,23,37,69,68,62,55,45,36,28,19,12,5,2,0,2,
3,36,72,40,71,71,69,68,62,55,45,36,28,19,12,5,2,0,2,
36,23,37,73,71,71,69,68,62,55,45,36,28,19,12,5,2,0,2,
14,33,19,44,28,55,47,68,62,55,45,36,28,19,12,5,2,0,2,
95,41,19,28,77,105,56,48,62,55,45,36,28,19,12,5,2,0,2,
71,90,74,73,71,71,69,68,62,55,45,36,28,19,12,5,2,0,2,
71,97,28,73,71,71,69,68,62,55,45,36,28,19,12,5,2,0,2,
14,69,31,73,71,71,69,68,62,55,45,36,28,19,12,5,2,0,2,
54,70,77,6,44,11,97,48,62,55,45,36,28,19,12,5,2,0,2,
14,35,74,73,71,71,69,68,62,55,45,36,28,19,12,5,2,0,2,
3,69,34,53,23,40,74,48,62,55,45,36,28,19,12,5,2,0,2,
29,75,74,73,71,71,69,68,62,55,45,36,28,19,12,5,2,0,2,
95,53,97,78,43,34,57,68,62,55,45,36,28,19,12,5,2,0,2,
87,53,89,34,107,29,39,44,19,12,38,25,28,19,12,5,2,0,2,
95,47,105,80,106,50,88,35,68,23,45,36,28,19,12,5,2,0,2,
98,75,74,73,71,71,69,68,62,55,45,36,28,19,12,5,2,0,2,
29,75,74,73,71,71,69,68,62,55,45,36,28,19,12,5,2,0,2,
36,75,74,73,71,71,69,68,62,55,45,36,28,19,12,5,2,0,2,
45,98,39,79,55,71,69,68,62,55,45,36,28,19,12,5,2,0,2,
37,10,74,73,71,71,69,68,62,55,45,36,28,19,12,5,2,0,2,
71,114,14,73,71,71,69,68,62,55,45,36,28,19,12,5,2,0,2,
29,75,74,73,71,71,69,68,62,55,45,36,28,19,12,5,2,0,2,
107,13,69,29,24,76,69,68,62,55,45,36,28,19,12,5,2,0,2,
71,51,28,73,71,71,69,68,62,55,45,36,28,19,12,5,2,0,2,
95,75,74,73,71,71,69,68,62,55,45,36,28,19,12,5,2,0,2,
107,49,104,96,23,34,69,68,62,55,45,36,28,19,12,5,2,0,2,
107,13,97,68,23,89,3,62,86,9,6,37,39,19,12,5,2,0,2,
70,36,37,108,71,71,69,68,62,55,45,36,28,19,12,5,2,0,2,
79,40,79,59,75,21,69,68,62,55,45,36,28,19,12,5,2,0,2,
63,75,74,73,71,71,69,68,62,55,45,36,28,19,12,5,2,0,2,
107,35,74,73,71,71,69,68,62,55,45,36,28,19,12,5,2,0,2,
24,57,105,110,93,66,73,93,66,41,45,36,28,19,12,5,2,0,2,
14,35,74,73,71,71,69,68,62,55,45,36,28,19,12,5,2,0,2,
112,75,74,73,71,71,69,68,62,55,45,36,28,19,12,5,2,0,2,
105,98,69,78,49,71,69,68,62,55,45,36,28,19,12,5,2,0,2,
24,31,74,73,71,71,69,68,62,55,45,36,28,19,12,5,2,0,2,
24,14,89,71,17,37,57,48,62,55,45,36,28,19,12,5,2,0,2,
14,47,97,23,0,76,33,96,39,55,45,36,28,19,12,5,2,0,2,
50,69,35,88,103,34,10,37,42,12,45,36,28,19,12,5,2,0,2,
45,35,40,50,71,71,69,68,62,55,45,36,28,19,12,5,2,0,2,
95,53,79,29,104,71,69,68,62,55,45,36,28,19,12,5,2,0,2,
36,15,87,40,44,105,69,68,62,55,45,36,28,19,12,5,2,0,2,
48,70,78,11,59,71,69,68,62,55,45,36,28,19,12,5,2,0,2,
98,70,78,39,34,49,69,68,62,55,45,36,28,19,12,5,2,0,2,
98,58,62,73,71,71,69,68,62,55,45,36,28,19,12,5,2,0,2,
17,75,74,73,71,71,69,68,62,55,45,36,28,19,12,5,2,0,2,
50,47,52,78,14,83,8,71,22,44,45,36,28,19,12,5,2,0,2,
16,21,6,99,49,71,69,68,62,55,45,36,28,19,12,5,2,0,2,
107,75,74,73,71,71,69,68,62,55,45,36,28,19,12,5,2,0,2,
36,41,74,73,71,71,69,68,62,55,45,36,28,19,12,5,2,0,2,
111,117,74,73,71,71,69,68,62,55,45,36,28,19,12,5,2,0,2,
17,52,74,73,71,71,69,68,62,55,45,36,28,19,12,5,2,0,2,
17,75,74,73,71,71,69,68,62,55,45,36,28,19,12,5,2,0,2,
11,75,74,73,71,71,69,68,62,55,45,36,28,19,12,5,2,0,2,
14,0,20,60,49,71,69,68,62,55,45,36,28,19,12,5,2,0,2,
87,98,28,21,38,102,43,89,34,55,45,36,28,19,12,5,2,0,2,
29,75,74,73,71,71,69,68,62,55,45,36,28,19,12,5,2,0,2,
98,102,74,73,71,71,69,68,62,55,45,36,28,19,12,5,2,0,2,
24,70,89,111,21,27,69,68,62,55,45,36,28,19,12,5,2,0,2,
74,101,57,73,71,71,69,68,62,55,45,36,28,19,12,5,2,0,2,
95,106,97,68,23,65,12,68,62,55,45,36,28,19,12,5,2,0,2,
108,15,87,73,71,71,69,68,62,55,45,36,28,19,12,5,2,0,2,
45,55,22,45,106,7,92,32,88,55,45,36,28,19,12,5,2,0,2,
87,42,87,48,71,71,69,68,62,55,45,36,28,19,12,5,2,0,2,
42,20,91,99,109,49,69,68,62,55,45,36,28,19,12,5,2,0,2,
107,53,74,73,71,71,69,68,62,55,45,36,28,19,12,5,2,0,2,
29,75,74,73,71,71,69,68,62,55,45,36,28,19,12,5,2,0,2,
108,41,51,73,71,71,69,68,62,55,45,36,28,19,12,5,2,0,2,
71,75,74,73,71,71,69,68,62,55,45,36,28,19,12,5,2,0,2,
21,75,74,73,71,71,69,68,62,55,45,36,28,19,12,5,2,0,2,
29,75,74,73,71,71,69,68,62,55,45,36,28,19,12,5,2,0,2,
54,75,74,73,71,71,69,68,62,55,45,36,28,19,12,5,2,0,2,
14,83,74,73,71,71,69,68,62,55,45,36,28,19,12,5,2,0,2,
29,4,74,73,71,71,69,68,62,55,45,36,28,19,12,5,2,0,2,
48,83,25,50,28,86,68,83,51,55,45,36,28,19,12,5,2,0,2,
16,41,74,73,71,71,69,68,62,55,45,36,28,19,12,5,2,0,2,
14,44,3,73,71,71,69,68,62,55,45,36,28,19,12,5,2,0,2,
29,75,74,73,71,71,69,68,62,55,45,36,28,19,12,5,2,0,2,
42,75,74,73,71,71,69,68,62,55,45,36,28,19,12,5,2,0,2,
29,63,74,73,71,71,69,68,62,55,45,36,28,19,12,5,2,0,2,
20,10,74,73,71,71,69,68,62,55,45,36,28,19,12,5,2,0,2,
14,55,48,51,93,0,29,20,44,68,45,36,28,19,12,5,2,0,2,
24,41,74,73,71,71,69,68,62,55,45,36,28,19,12,5,2,0,2,
42,80,74,73,71,71,69,68,62,55,45,36,28,19,12,5,2,0,2,
36,75,74,73,71,71,69,68,62,55,45,36,28,19,12,5,2,0,2,
50,75,74,73,71,71,69,68,62,55,45,36,28,19,12,5,2,0,2,
108,75,74,73,71,71,69,68,62,55,45,36,28,19,12,5,2,0,2,
42,75,74,73,71,71,69,68,62,55,45,36,28,19,12,5,2,0,2,
16,41,74,73,71,71,69,68,62,55,45,36,28,19,12,5,2,0,2,
53,75,74,73,71,71,69,68,62,55,45,36,28,19,12,5,2,0,2,
112,23,74,73,71,71,69,68,62,55,45,36,28,19,12,5,2,0,2,
70,75,74,73,71,71,69,68,62,55,45,36,28,19,12,5,2,0,2,
39,75,74,73,71,71,69,68,62,55,45,36,28,19,12,5,2,0,2,
105,70,34,17,11,71,69,68,62,55,45,36,28,19,12,5,2,0,2,
87,98,89,106,19,44,69,68,62,55,45,36,28,19,12,5,2,0,2,
32,71,74,73,71,71,69,68,62,55,45,36,28,19,12,5,2,0,2,
45,79,35,79,44,71,69,68,62,55,45,36,28,19,12,5,2,0,2,
24,43,57,73,71,71,69,68,62,55,45,36,28,19,12,5,2,0,2,
71,68,51,73,71,71,69,68,62,55,45,36,28,19,12,5,2,0,2,
3,75,74,73,71,71,69,68,62,55,45,36,28,19,12,5,2,0,2,
17,75,74,73,71,71,69,68,62,55,45,36,28,19,12,5,2,0,2,
36,114,74,73,71,71,69,68,62,55,45,36,28,19,12,5,2,0,2,
112,23,40,44,37,59,16,68,62,55,45,36,28,19,12,5,2,0,2,
58,53,97,29,55,11,101,19,51,55,45,36,28,19,12,5,2,0,2,
3,7,34,73,71,71,69,68,62,55,45,36,28,19,12,5,2,0,2,
21,75,74,73,71,71,69,68,62,55,45,36,28,19,12,5,2,0,2,
22,75,74,73,71,71,69,68,62,55,45,36,28,19,12,5,2,0,2,
14,35,40,79,71,71,69,68,62,55,45,36,28,19,12,5,2,0,2,
71,34,62,73,71,71,69,68,62,55,45,36,28,19,12,5,2,0,2,
14,85,35,79,15,55,69,68,62,55,45,36,28,19,12,5,2,0,2,
29,75,74,73,71,71,69,68,62,55,45,36,28,19,12,5,2,0,2,
95,47,107,49,34,20,69,68,62,55,45,36,28,19,12,5,2,0,2,
14,38,81,72,71,71,69,68,62,55,45,36,28,19,12,5,2,0,2,
71,63,74,73,71,71,69,68,62,55,45,36,28,19,12,5,2,0,2,
105,70,14,11,9,36,47,68,62,55,45,36,28,19,12,5,2,0,2,
107,38,74,73,71,71,69,68,62,55,45,36,28,19,12,5,2,0,2,
95,70,74,73,71,71,69,68,62,55,45,36,28,19,12,5,2,0,2,
21,75,74,73,71,71,69,68,62,55,45,36,28,19,12,5,2,0,2,
107,57,112,29,40,58,69,68,62,55,45,36,28,19,12,5,2,0,2,
80,43,74,73,71,71,69,68,62,55,45,36,28,19,12,5,2,0,2,
45,47,105,80,106,90,87,4,56,25,20,25,41,22,4,4,2,0,2,
107,114,37,73,71,71,69,68,62,55,45,36,28,19,12,5,2,0,2,
112,75,74,73,71,71,69,68,62,55,45,36,28,19,12,5,2,0,2,
36,58,10,73,71,71,69,68,62,55,45,36,28,19,12,5,2,0,2,
105,96,58,9,36,71,69,68,62,55,45,36,28,19,12,5,2,0,2,
14,53,69,34,107,29,39,32,9,55,45,36,28,19,12,5,2,0,2,
54,70,34,73,71,71,69,68,62,55,45,36,28,19,12,5,2,0,2,
50,114,11,81,49,71,69,68,62,55,45,36,28,19,12,5,2,0,2,
71,69,34,11,36,71,69,68,62,55,45,36,28,19,12,5,2,0,2,
37,75,74,73,71,71,69,68,62,55,45,36,28,19,12,5,2,0,2,
48,80,62,73,71,71,69,68,62,55,45,36,28,19,12,5,2,0,2,
114,58,74,73,71,71,69,68,62,55,45,36,28,19,12,5,2,0,2,
16,75,74,73,71,71,69,68,62,55,45,36,28,19,12,5,2,0,2,
20,75,74,73,71,71,69,68,62,55,45,36,28,19,12,5,2,0,2,
39,82,73,73,71,71,69,68,62,55,45,36,28,19,12,5,2,0,2,
79,62,74,73,71,71,69,68,62,55,45,36,28,19,12,5,2,0,2,
32,75,74,73,71,71,69,68,62,55,45,36,28,19,12,5,2,0,2,
58,53,19,50,71,71,69,68,62,55,45,36,28,19,12,5,2,0,2,
60,75,74,73,71,71,69,68,62,55,45,36,28,19,12,5,2,0,2,
98,41,36,73,71,71,69,68,62,55,45,36,28,19,12,5,2,0,2,
56,95,52,68,3,65,11,76,62,55,45,36,28,19,12,5,2,0,2,
71,0,30,60,71,71,69,68,62,55,45,36,28,19,12,5,2,0,2,
86,75,74,73,71,71,69,68,62,55,45,36,28,19,12,5,2,0,2,
87,16,74,73,71,71,69,68,62,55,45,36,28,19,12,5,2,0,2,
71,3,68,0,34,40,62,68,62,55,45,36,28,19,12,5,2,0,2,
58,75,74,73,71,71,69,68,62,55,45,36,28,19,12,5,2,0,2,
108,38,74,73,71,71,69,68,62,55,45,36,28,19,12,5,2,0,2,
105,69,74,73,71,71,69,68,62,55,45,36,28,19,12,5,2,0,2,
70,90,74,73,71,71,69,68,62,55,45,36,28,19,12,5,2,0,2,
36,75,74,73,71,71,69,68,62,55,45,36,28,19,12,5,2,0,2,
71,109,87,60,71,71,69,68,62,55,45,36,28,19,12,5,2,0,2,
108,75,74,73,71,71,69,68,62,55,45,36,28,19,12,5,2,0,2,
74,28,51,73,71,71,69,68,62,55,45,36,28,19,12,5,2,0,2,
50,100,34,29,49,82,69,68,62,55,45,36,28,19,12,5,2,0,2,
101,75,74,73,71,71,69,68,62,55,45,36,28,19,12,5,2,0,2,
71,15,20,40,99,71,69,68,62,55,45,36,28,19,12,5,2,0,2,
71,19,74,73,71,71,69,68,62,55,45,36,28,19,12,5,2,0,2,
24,41,74,73,71,71,69,68,62,55,45,36,28,19,12,5,2,0,2,
14,70,34,73,71,71,69,68,62,55,45,36,28,19,12,5,2,0,2,
71,43,74,73,71,71,69,68,62,55,45,36,28,19,12,5,2,0,2,
71,75,74,73,71,71,69,68,62,55,45,36,28,19,12,5,2,0,2,
71,37,74,73,71,71,69,68,62,55,45,36,28,19,12,5,2,0,2,
50,47,57,40,37,71,69,68,62,55,45,36,28,19,12,5,2,0,2,
97,75,74,73,71,71,69,68,62,55,45,36,28,19,12,5,2,0,2,
3,100,114,73,71,71,69,68,62,55,45,36,28,19,12,5,2,0,2,
11,75,74,73,71,71,69,68,62,55,45,36,28,19,12,5,2,0,2,
83,98,25,20,71,71,69,68,62,55,45,36,28,19,12,5,2,0,2,
21,28,74,73,71,71,69,68,62,55,45,36,28,19,12,5,2,0,2,
53,75,74,73,71,71,69,68,62,55,45,36,28,19,12,5,2,0,2,
21,75,74,73,71,71,69,68,62,55,45,36,28,19,12,5,2,0,2,
107,97,53,73,71,71,69,68,62,55,45,36,28,19,12,5,2,0,2,
59,28,74,73,71,71,69,68,62,55,45,36,28,19,12,5,2,0,2,
50,57,97,95,76,94,85,48,62,55,45,36,28,19,12,5,2,0,2,
98,70,74,73,71,71,69,68,62,55,45,36,28,19,12,5,2,0,2,
50,75,74,73,71,71,69,68,62,55,45,36,28,19,12,5,2,0,2,
111,11,18,40,37,82,69,68,62,55,45,36,28,19,12,5,2,0,2,
107,53,37,50,71,71,69,68,62,55,45,36,28,19,12,5,2,0,2,
54,70,41,60,54,71,69,68,62,55,45,36,28,19,12,5,2,0,2,
85,106,99,40,71,71,69,68,62,55,45,36,28,19,12,5,2,0,2,
24,20,37,73,71,71,69,68,62,55,45,36,28,19,12,5,2,0,2,
42,52,74,73,71,71,69,68,62,55,45,36,28,19,12,5,2,0,2,
87,70,49,40,71,71,69,68,62,55,45,36,28,19,12,5,2,0,2,
54,83,97,68,92,65,70,12,62,55,45,36,28,19,12,5,2,0,2,
54,83,97,95,76,17,69,68,62,55,45,36,28,19,12,5,2,0,2,
42,75,74,73,71,71,69,68,62,55,45,36,28,19,12,5,2,0,2,
29,75,74,73,71,71,69,68,62,55,45,36,28,19,12,5,2,0,2,
76,75,74,73,71,71,69,68,62,55,45,36,28,19,12,5,2,0,2,
37,75,74,73,71,71,69,68,62,55,45,36,28,19,12,5,2,0,2,
105,75,74,73,71,71,69,68,62,55,45,36,28,19,12,5,2,0,2,
72,75,74,73,71,71,69,68,62,55,45,36,28,19,12,5,2,0,2,
50,70,74,73,71,71,69,68,62,55,45,36,28,19,12,5,2,0,2,
47,75,74,73,71,71,69,68,62,55,45,36,28,19,12,5,2,0,2,
47,75,74,73,71,71,69,68,62,55,45,36,28,19,12,5,2,0,2,
47,59,74,73,71,71,69,68,62,55,45,36,28,19,12,5,2,0,2,
48,75,74,73,71,71,69,68,62,55,45,36,28,19,12,5,2,0,2,
70,20,74,73,71,71,69,68,62,55,45,36,28,19,12,5,2,0,2,
29,75,74,73,71,71,69,68,62,55,45,36,28,19,12,5,2,0,2,
29,75,74,73,71,71,69,68,62,55,45,36,28,19,12,5,2,0,2,
22,35,61,50,71,71,69,68,62,55,45,36,28,19,12,5,2,0,2,
24,75,74,73,71,71,69,68,62,55,45,36,28,19,12,5,2,0,2,
42,38,81,72,71,71,69,68,62,55,45,36,28,19,12,5,2,0,2,
64,75,74,73,71,71,69,68,62,55,45,36,28,19,12,5,2,0,2,
71,36,74,73,71,71,69,68,62,55,45,36,28,19,12,5,2,0,2,
72,75,74,73,71,71,69,68,62,55,45,36,28,19,12,5,2,0,2,
70,42,20,37,71,71,69,68,62,55,45,36,28,19,12,5,2,0,2,
8,20,74,73,71,71,69,68,62,55,45,36,28,19,12,5,2,0,2,
7,75,74,73,71,71,69,68,62,55,45,36,28,19,12,5,2,0,2,
108,75,74,73,71,71,69,68,62,55,45,36,28,19,12,5,2,0,2,
74,75,74,73,71,71,69,68,62,55,45,36,28,19,12,5,2,0,2,
107,49,46,68,76,83,70,30,51,55,45,36,28,19,12,5,2,0,2,
42,75,74,73,71,71,69,68,62,55,45,36,28,19,12,5,2,0,2,
68,15,74,73,71,71,69,68,62,55,45,36,28,19,12,5,2,0,2,
100,35,77,23,28,96,41,68,62,55,45,36,28,19,12,5,2,0,2,
98,29,51,28,110,71,69,68,62,55,45,36,28,19,12,5,2,0,2,
107,49,69,15,40,71,69,68,62,55,45,36,28,19,12,5,2,0,2,
21,59,74,73,71,71,69,68,62,55,45,36,28,19,12,5,2,0,2,
14,14,74,73,71,71,69,68,62,55,45,36,28,19,12,5,2,0,2,
24,69,34,84,49,71,69,68,62,55,45,36,28,19,12,5,2,0,2,
24,75,74,73,71,71,69,68,62,55,45,36,28,19,12,5,2,0,2,
19,75,74,73,71,71,69,68,62,55,45,36,28,19,12,5,2,0,2,
98,70,22,40,44,55,85,56,62,55,45,36,28,19,12,5,2,0,2,
24,73,28,40,71,71,69,68,62,55,45,36,28,19,12,5,2,0,2,
14,70,79,34,44,71,69,68,62,55,45,36,28,19,12,5,2,0,2,
107,49,105,51,93,66,61,62,20,25,65,18,28,19,12,5,2,0,2,
34,53,97,68,86,20,69,68,62,55,45,36,28,19,12,5,2,0,2,
21,75,74,73,71,71,69,68,62,55,45,36,28,19,12,5,2,0,2,
107,47,52,68,92,3,81,16,59,72,38,36,28,19,12,5,2,0,2,
56,75,74,73,71,71,69,68,62,55,45,36,28,19,12,5,2,0,2,
29,58,74,73,71,71,69,68,62,55,45,36,28,19,12,5,2,0,2,
24,41,81,20,49,71,69,68,62,55,45,36,28,19,12,5,2,0,2,
98,42,44,19,17,31,101,68,62,55,45,36,28,19,12,5,2,0,2,
105,70,3,65,34,19,69,68,62,55,45,36,28,19,12,5,2,0,2,
98,70,44,56,40,59,69,68,62,55,45,36,28,19,12,5,2,0,2,
70,90,74,73,71,71,69,68,62,55,45,36,28,19,12,5,2,0,2,
54,70,34,73,71,71,69,68,62,55,45,36,28,19,12,5,2,0,2,
53,75,74,73,71,71,69,68,62,55,45,36,28,19,12,5,2,0,2,
15,23,40,73,71,71,69,68,62,55,45,36,28,19,12,5,2,0,2,
71,3,66,73,71,71,69,68,62,55,45,36,28,19,12,5,2,0,2,
39,75,74,73,71,71,69,68,62,55,45,36,28,19,12,5,2,0,2,
60,89,74,73,71,71,69,68,62,55,45,36,28,19,12,5,2,0,2,
39,75,74,73,71,71,69,68,62,55,45,36,28,19,12,5,2,0,2,
42,75,74,73,71,71,69,68,62,55,45,36,28,19,12,5,2,0,2,
24,75,74,73,71,71,69,68,62,55,45,36,28,19,12,5,2,0,2,
107,98,6,40,42,71,69,68,62,55,45,36,28,19,12,5,2,0,2,
48,98,69,67,34,38,31,73,51,55,45,36,28,19,12,5,2,0,2,
29,75,74,73,71,71,69,68,62,55,45,36,28,19,12,5,2,0,2,
95,47,72,73,71,71,69,68,62,55,45,36,28,19,12,5,2,0,2,
97,75,74,73,71,71,69,68,62,55,45,36,28,19,12,5,2,0,2,
95,47,97,68,23,75,74,22,48,23,29,23,28,19,12,5,2,0,2,
95,47,112,42,71,71,69,68,62,55,45,36,28,19,12,5,2,0,2,
98,41,37,73,71,71,69,68,62,55,45,36,28,19,12,5,2,0,2,
24,41,10,73,71,71,69,68,62,55,45,36,28,19,12,5,2,0,2,
24,53,82,96,86,9,69,68,62,55,45,36,28,19,12,5,2,0,2,
11,75,74,73,71,71,69,68,62,55,45,36,28,19,12,5,2,0,2,
97,9,74,73,71,71,69,68,62,55,45,36,28,19,12,5,2,0,2,
78,75,74,73,71,71,69,68,62,55,45,36,28,19,12,5,2,0,2,
111,53,104,96,66,89,21,20,30,6,31,36,28,19,12,5,2,0,2,
107,87,69,21,55,71,69,68,62,55,45,36,28,19,12,5,2,0,2,
50,57,89,106,10,29,41,68,62,55,45,36,28,19,12,5,2,0,2,
48,53,69,34,23,42,97,68,62,55,45,36,28,19,12,5,2,0,2,
107,55,69,8,57,17,36,42,44,55,45,36,28,19,12,5,2,0,2,
102,101,57,73,71,71,69,68,62,55,45,36,28,19,12,5,2,0,2,
50,53,82,23,40,71,69,68,62,55,45,36,28,19,12,5,2,0,2,
95,47,52,96,66,65,0,41,79,20,16,29,28,19,12,5,2,0,2,
39,20,74,73,71,71,69,68,62,55,45,36,28,19,12,5,2,0,2,
29,75,74,73,71,71,69,68,62,55,45,36,28,19,12,5,2,0,2,
95,47,3,39,29,71,69,68,62,55,45,36,28,19,12,5,2,0,2,
98,58,74,73,71,71,69,68,62,55,45,36,28,19,12,5,2,0,2,
95,53,97,68,76,7,81,51,49,22,27,2,37,19,12,5,2,0,2,
71,21,58,60,71,71,69,68,62,55,45,36,28,19,12,5,2,0,2,
42,46,9,60,102,71,69,68,62,55,45,36,28,19,12,5,2,0,2,
98,75,74,73,71,71,69,68,62,55,45,36,28,19,12,5,2,0,2,
105,75,74,73,71,71,69,68,62,55,45,36,28,19,12,5,2,0,2,
29,75,74,73,71,71,69,68,62,55,45,36,28,19,12,5,2,0,2,
48,98,69,95,63,65,73,22,32,9,45,36,28,19,12,5,2,0,2,
54,83,97,28,71,71,69,68,62,55,45,36,28,19,12,5,2,0,2,
98,70,68,34,59,71,69,68,62,55,45,36,28,19,12,5,2,0,2,
54,98,68,34,57,71,69,68,62,55,45,36,28,19,12,5,2,0,2,
24,75,74,73,71,71,69,68,62,55,45,36,28,19,12,5,2,0,2,
71,75,74,73,71,71,69,68,62,55,45,36,28,19,12,5,2,0,2,
54,70,8,73,71,71,69,68,62,55,45,36,28,19,12,5,2,0,2,
48,106,97,88,69,103,15,54,16,37,28,6,17,19,12,5,2,0,2,
24,97,3,21,28,58,47,68,62,55,45,36,28,19,12,5,2,0,2,
88,41,9,73,71,71,69,68,62,55,45,36,28,19,12,5,2,0,2,
98,3,61,108,60,99,69,68,62,55,45,36,28,19,12,5,2,0,2,
98,97,68,14,107,23,57,48,62,55,45,36,28,19,12,5,2,0,2,
58,75,74,73,71,71,69,68,62,55,45,36,28,19,12,5,2,0,2,
54,75,74,73,71,71,69,68,62,55,45,36,28,19,12,5,2,0,2,
71,90,51,73,71,71,69,68,62,55,45,36,28,19,12,5,2,0,2,
58,98,74,73,71,71,69,68,62,55,45,36,28,19,12,5,2,0,2,
38,75,74,73,71,71,69,68,62,55,45,36,28,19,12,5,2,0,2,
60,75,74,73,71,71,69,68,62,55,45,36,28,19,12,5,2,0,2,
14,44,80,96,23,20,47,68,62,55,45,36,28,19,12,5,2,0,2,
48,109,34,37,59,71,69,68,62,55,45,36,28,19,12,5,2,0,2,
29,75,74,73,71,71,69,68,62,55,45,36,28,19,12,5,2,0,2,
105,81,69,67,26,103,49,77,16,28,38,34,28,19,12,5,2,0,2,
107,75,74,73,71,71,69,68,62,55,45,36,28,19,12,5,2,0,2,
98,75,74,73,71,71,69,68,62,55,45,36,28,19,12,5,2,0,2,
14,57,94,45,50,90,64,6,64,29,10,37,23,19,12,5,2,0,2,
107,106,82,100,107,40,43,52,66,1,31,36,28,19,12,5,2,0,2,
95,70,7,86,29,21,22,24,62,55,45,36,28,19,12,5,2,0,2,
24,49,89,40,71,71,69,68,62,55,45,36,28,19,12,5,2,0,2,
62,21,18,20,11,71,69,68,62,55,45,36,28,19,12,5,2,0,2,
40,75,74,73,71,71,69,68,62,55,45,36,28,19,12,5,2,0,2,
85,47,105,96,66,72,15,33,55,68,61,34,28,19,12,5,2,0,2,
107,35,28,40,71,71,69,68,62,55,45,36,28,19,12,5,2,0,2,
24,97,13,21,29,49,53,12,84,55,45,36,28,19,12,5,2,0,2,
24,98,69,79,75,29,21,48,35,27,37,25,28,19,12,5,2,0,2,
14,57,69,15,71,71,69,68,62,55,45,36,28,19,12,5,2,0,2,
58,98,28,40,71,71,69,68,62,55,45,36,28,19,12,5,2,0,2,
71,109,114,73,71,71,69,68,62,55,45,36,28,19,12,5,2,0,2,
14,98,74,73,71,71,69,68,62,55,45,36,28,19,12,5,2,0,2,
98,71,74,73,71,71,69,68,62,55,45,36,28,19,12,5,2,0,2,
83,8,74,73,71,71,69,68,62,55,45,36,28,19,12,5,2,0,2,
14,53,82,103,93,14,40,22,72,25,16,18,14,18,12,5,2,0,2,
107,13,46,77,30,17,23,21,62,55,45,36,28,19,12,5,2,0,2,
96,31,93,73,71,71,69,68,62,55,45,36,28,19,12,5,2,0,2,
107,25,74,73,71,71,69,68,62,55,45,36,28,19,12,5,2,0,2,
76,75,74,73,71,71,69,68,62,55,45,36,28,19,12,5,2,0,2,
111,70,107,49,34,40,47,68,62,55,45,36,28,19,12,5,2,0,2,
83,69,72,73,71,71,69,68,62,55,45,36,28,19,12,5,2,0,2,
58,53,104,112,76,21,13,71,28,16,10,24,12,8,16,5,2,0,2,
54,70,53,19,44,28,84,12,81,45,31,36,28,19,12,5,2,0,2,
42,75,74,73,71,71,69,68,62,55,45,36,28,19,12,5,2,0,2,
71,7,64,73,71,71,69,68,62,55,45,36,28,19,12,5,2,0,2,
95,23,3,43,54,17,62,83,62,55,45,36,28,19,12,5,2,0,2,
14,95,69,14,97,83,93,24,41,55,45,36,28,19,12,5,2,0,2,
92,75,74,73,71,71,69,68,62,55,45,36,28,19,12,5,2,0,2,
42,75,74,73,71,71,69,68,62,55,45,36,28,19,12,5,2,0,2,
97,19,40,73,71,71,69,68,62,55,45,36,28,19,12,5,2,0,2,
71,45,5,29,6,19,47,24,62,55,45,36,28,19,12,5,2,0,2,
107,49,46,51,93,66,87,60,56,36,58,36,28,19,12,5,2,0,2,
80,75,74,73,71,71,69,68,62,55,45,36,28,19,12,5,2,0,2,
98,45,102,73,71,71,69,68,62,55,45,36,28,19,12,5,2,0,2,
53,75,74,73,71,71,69,68,62,55,45,36,28,19,12,5,2,0,2,
48,98,66,25,21,44,36,73,82,55,45,36,28,19,12,5,2,0,2,
58,69,14,40,109,71,69,68,62,55,45,36,28,19,12,5,2,0,2,
79,80,22,40,71,71,69,68,62,55,45,36,28,19,12,5,2,0,2,
48,106,97,65,65,75,14,30,20,6,45,36,28,19,12,5,2,0,2,
15,28,74,73,71,71,69,68,62,55,45,36,28,19,12,5,2,0,2,
54,54,36,73,71,71,69,68,62,55,45,36,28,19,12,5,2,0,2,
107,13,22,3,26,54,15,48,11,55,45,36,28,19,12,5,2,0,2,
105,98,69,65,65,21,79,44,74,73,11,4,28,19,12,5,2,0,2,
105,7,74,73,71,71,69,68,62,55,45,36,28,19,12,5,2,0,2,
79,75,74,73,71,71,69,68,62,55,45,36,28,19,12,5,2,0,2,
29,75,74,73,71,71,69,68,62,55,45,36,28,19,12,5,2,0,2,
78,75,74,73,71,71,69,68,62,55,45,36,28,19,12,5,2,0,2,
59,38,74,73,71,71,69,68,62,55,45,36,28,19,12,5,2,0,2,
42,37,74,73,71,71,69,68,62,55,45,36,28,19,12,5,2,0,2,
103,75,74,73,71,71,69,68,62,55,45,36,28,19,12,5,2,0,2,
39,75,74,73,71,71,69,68,62,55,45,36,28,19,12,5,2,0,2,
3,69,112,15,40,31,9,68,62,55,45,36,28,19,12,5,2,0,2,
20,116,70,73,71,71,69,68,62,55,45,36,28,19,12,5,2,0,2,
29,75,74,73,71,71,69,68,62,55,45,36,28,19,12,5,2,0,2,
107,41,51,73,71,71,69,68,62,55,45,36,28,19,12,5,2,0,2,
14,98,20,79,40,71,69,68,62,55,45,36,28,19,12,5,2,0,2,
15,21,25,34,71,71,69,68,62,55,45,36,28,19,12,5,2,0,2,
21,116,74,73,71,71,69,68,62,55,45,36,28,19,12,5,2,0,2,
40,75,74,73,71,71,69,68,62,55,45,36,28,19,12,5,2,0,2,
24,41,74,73,71,71,69,68,62,55,45,36,28,19,12,5,2,0,2,
56,23,111,67,76,21,5,96,30,55,45,36,28,19,12,5,2,0,2,
24,38,74,73,71,71,69,68,62,55,45,36,28,19,12,5,2,0,2,
50,106,74,73,71,71,69,68,62,55,45,36,28,19,12,5,2,0,2,
48,106,40,20,71,71,69,68,62,55,45,36,28,19,12,5,2,0,2,
95,106,52,96,23,14,81,16,28,15,15,18,14,2,6,5,2,0,2,
36,41,27,73,71,71,69,68,62,55,45,36,28,19,12,5,2,0,2,
56,37,74,73,71,71,69,68,62,55,45,36,28,19,12,5,2,0,2,
112,23,36,73,71,71,69,68,62,55,45,36,28,19,12,5,2,0,2,
24,75,74,73,71,71,69,68,62,55,45,36,28,19,12,5,2,0,2,
107,14,77,23,28,71,69,68,62,55,45,36,28,19,12,5,2,0,2,
50,95,105,51,93,3,61,1,40,34,49,23,28,19,12,5,2,0,2,
70,42,34,109,40,20,101,91,39,55,45,36,28,19,12,5,2,0,2,
42,75,74,73,71,71,69,68,62,55,45,36,28,19,12,5,2,0,2,
29,75,74,73,71,71,69,68,62,55,45,36,28,19,12,5,2,0,2,
16,75,74,73,71,71,69,68,62,55,45,36,28,19,12,5,2,0,2,
95,105,97,95,71,71,69,68,62,55,45,36,28,19,12,5,2,0,2,
95,75,74,73,71,71,69,68,62,55,45,36,28,19,12,5,2,0,2,
14,80,14,23,59,71,69,68,62,55,45,36,28,19,12,5,2,0,2,
58,80,74,73,71,71,69,68,62,55,45,36,28,19,12,5,2,0,2,
87,60,74,73,71,71,69,68,62,55,45,36,28,19,12,5,2,0,2,
5,58,40,73,71,71,69,68,62,55,45,36,28,19,12,5,2,0,2,
47,101,74,73,71,71,69,68,62,55,45,36,28,19,12,5,2,0,2,
85,106,97,79,29,37,57,68,62,55,45,36,28,19,12,5,2,0,2,
24,98,37,28,88,76,57,64,62,55,45,36,28,19,12,5,2,0,2,
71,3,40,37,71,71,69,68,62,55,45,36,28,19,12,5,2,0,2,
45,53,97,3,107,81,29,24,41,54,45,36,28,19,12,5,2,0,2,
82,75,74,73,71,71,69,68,62,55,45,36,28,19,12,5,2,0,2,
29,75,74,73,71,71,69,68,62,55,45,36,28,19,12,5,2,0,2,
28,64,74,73,71,71,69,68,62,55,45,36,28,19,12,5,2,0,2,
95,47,68,14,77,6,32,68,62,55,45,36,28,19,12,5,2,0,2,
48,3,68,79,75,44,69,68,62,55,45,36,28,19,12,5,2,0,2,
58,95,52,23,40,44,65,68,62,55,45,36,28,19,12,5,2,0,2,
17,75,74,73,71,71,69,68,62,55,45,36,28,19,12,5,2,0,2,
14,35,19,44,71,71,69,68,62,55,45,36,28,19,12,5,2,0,2,
71,75,74,73,71,71,69,68,62,55,45,36,28,19,12,5,2,0,2,
56,98,57,61,71,71,69,68,62,55,45,36,28,19,12,5,2,0,2,
71,35,114,60,71,71,69,68,62,55,45,36,28,19,12,5,2,0,2,
58,53,69,23,65,40,57,68,62,55,45,36,28,19,12,5,2,0,2,
45,55,111,96,66,23,63,43,79,40,20,15,28,19,12,5,2,0,2,
14,55,97,88,34,71,69,68,62,55,45,36,28,19,12,5,2,0,2,
14,114,8,50,87,71,69,68,62,55,45,36,28,19,12,5,2,0,2,
45,98,68,79,51,59,69,68,62,55,45,36,28,19,12,5,2,0,2,
50,98,34,33,77,71,69,68,62,55,45,36,28,19,12,5,2,0,2,
29,37,74,73,71,71,69,68,62,55,45,36,28,19,12,5,2,0,2,
58,87,46,104,93,66,61,62,60,25,8,20,28,19,12,5,2,0,2,
70,40,1,64,49,71,69,68,62,55,45,36,28,19,12,5,2,0,2,
48,70,28,21,71,71,69,68,62,55,45,36,28,19,12,5,2,0,2,
98,70,10,73,71,71,69,68,62,55,45,36,28,19,12,5,2,0,2,
90,80,14,73,71,71,69,68,62,55,45,36,28,19,12,5,2,0,2,
30,75,74,73,71,71,69,68,62,55,45,36,28,19,12,5,2,0,2,
56,75,74,73,71,71,69,68,62,55,45,36,28,19,12,5,2,0,2,
56,63,74,73,71,71,69,68,62,55,45,36,28,19,12,5,2,0,2,
105,28,19,73,71,71,69,68,62,55,45,36,28,19,12,5,2,0,2,
45,95,46,104,100,90,64,62,25,78,18,20,28,19,12,5,2,0,2,
58,70,28,57,71,71,69,68,62,55,45,36,28,19,12,5,2,0,2,
98,23,37,11,71,71,69,68,62,55,45,36,28,19,12,5,2,0,2,
45,47,35,41,11,76,101,36,62,55,45,36,28,19,12,5,2,0,2,
70,90,42,61,67,71,69,68,62,55,45,36,28,19,12,5,2,0,2,
98,76,12,73,71,71,69,68,62,55,45,36,28,19,12,5,2,0,2,
71,80,63,73,71,71,69,68,62,55,45,36,28,19,12,5,2,0,2,
54,14,34,111,15,23,69,68,62,55,45,36,28,19,12,5,2,0,2,
39,75,74,73,71,71,69,68,62,55,45,36,28,19,12,5,2,0,2,
87,106,52,96,66,89,74,13,13,59,20,11,18,5,8,5,2,0,2,
14,115,69,111,23,59,69,68,62,55,45,36,28,19,12,5,2,0,2,
109,75,74,73,71,71,69,68,62,55,45,36,28,19,12,5,2,0,2,
50,53,0,113,36,42,47,68,62,55,45,36,28,19,12,5,2,0,2,
107,23,48,93,50,66,63,96,59,49,45,36,28,19,12,5,2,0,2,
44,75,74,73,71,71,69,68,62,55,45,36,28,19,12,5,2,0,2,
54,14,40,73,71,71,69,68,62,55,45,36,28,19,12,5,2,0,2,
24,57,52,68,21,1,57,68,62,55,45,36,28,19,12,5,2,0,2,
107,35,74,73,71,71,69,68,62,55,45,36,28,19,12,5,2,0,2,
29,75,74,73,71,71,69,68,62,55,45,36,28,19,12,5,2,0,2,
29,75,74,73,71,71,69,68,62,55,45,36,28,19,12,5,2,0,2,
14,44,80,96,14,100,90,34,11,60,37,36,28,19,12,5,2,0,2,
107,13,48,0,15,29,57,68,62,55,45,36,28,19,12,5,2,0,2,
24,75,74,73,71,71,69,68,62,55,45,36,28,19,12,5,2,0,2,
98,70,68,71,57,29,37,68,62,55,45,36,28,19,12,5,2,0,2,
36,75,74,73,71,71,69,68,62,55,45,36,28,19,12,5,2,0,2,
107,49,94,96,77,15,54,18,37,45,45,36,28,19,12,5,2,0,2,
14,70,13,34,21,28,47,68,62,55,45,36,28,19,12,5,2,0,2,
71,15,74,73,71,71,69,68,62,55,45,36,28,19,12,5,2,0,2,
58,95,105,51,93,15,55,29,61,40,45,36,28,19,12,5,2,0,2,
29,75,74,73,71,71,69,68,62,55,45,36,28,19,12,5,2,0,2,
107,29,37,73,71,71,69,68,62,55,45,36,28,19,12,5,2,0,2,
50,79,72,34,23,76,82,68,62,55,45,36,28,19,12,5,2,0,2,
48,113,97,23,92,14,40,73,32,55,45,36,28,19,12,5,2,0,2,
98,75,74,73,71,71,69,68,62,55,45,36,28,19,12,5,2,0,2,
53,41,74,73,71,71,69,68,62,55,45,36,28,19,12,5,2,0,2,
56,98,69,78,34,29,39,48,62,55,45,36,28,19,12,5,2,0,2,
95,7,34,15,71,71,69,68,62,55,45,36,28,19,12,5,2,0,2,
95,47,52,96,66,75,25,79,21,13,58,36,28,19,12,5,2,0,2,
98,59,109,64,71,71,69,68,62,55,45,36,28,19,12,5,2,0,2,
58,53,74,73,71,71,69,68,62,55,45,36,28,19,12,5,2,0,2,
109,75,74,73,71,71,69,68,62,55,45,36,28,19,12,5,2,0,2,
53,75,74,73,71,71,69,68,62,55,45,36,28,19,12,5,2,0,2,
48,98,78,35,41,21,55,95,37,23,45,36,28,19,12,5,2,0,2,
87,98,23,40,55,59,69,68,62,55,45,36,28,19,12,5,2,0,2,
14,98,3,15,11,84,69,68,62,55,45,36,28,19,12,5,2,0,2,
71,97,53,38,40,71,69,68,62,55,45,36,28,19,12,5,2,0,2,
98,75,74,73,71,71,69,68,62,55,45,36,28,19,12,5,2,0,2,
74,75,74,73,71,71,69,68,62,55,45,36,28,19,12,5,2,0,2,
107,98,78,48,68,23,68,68,62,55,45,36,28,19,12,5,2,0,2,
105,113,97,68,65,76,33,16,28,55,45,36,28,19,12,5,2,0,2,
54,70,68,78,34,38,69,68,62,55,45,36,28,19,12,5,2,0,2,
14,55,34,28,94,11,47,68,62,55,45,36,28,19,12,5,2,0,2,
18,34,40,37,96,99,69,68,62,55,45,36,28,19,12,5,2,0,2,
107,13,113,39,71,71,69,68,62,55,45,36,28,19,12,5,2,0,2,
56,109,8,37,31,71,69,68,62,55,45,36,28,19,12,5,2,0,2,
111,67,68,1,40,42,69,68,62,55,45,36,28,19,12,5,2,0,2,
101,75,74,73,71,71,69,68,62,55,45,36,28,19,12,5,2,0,2,
114,75,74,73,71,71,69,68,62,55,45,36,28,19,12,5,2,0,2,
14,75,74,73,71,71,69,68,62,55,45,36,28,19,12,5,2,0,2,
68,35,30,73,71,71,69,68,62,55,45,36,28,19,12,5,2,0,2,
29,75,74,73,71,71,69,68,62,55,45,36,28,19,12,5,2,0,2,
107,83,104,96,65,75,43,68,62,55,45,36,28,19,12,5,2,0,2,
24,38,74,73,71,71,69,68,62,55,45,36,28,19,12,5,2,0,2,
50,53,51,73,71,71,69,68,62,55,45,36,28,19,12,5,2,0,2,
39,75,74,73,71,71,69,68,62,55,45,36,28,19,12,5,2,0,2,
42,75,74,73,71,71,69,68,62,55,45,36,28,19,12,5,2,0,2,
70,36,45,84,2,71,69,68,62,55,45,36,28,19,12,5,2,0,2,
1,75,74,73,71,71,69,68,62,55,45,36,28,19,12,5,2,0,2,
50,70,0,73,71,71,69,68,62,55,45,36,28,19,12,5,2,0,2,
48,113,97,68,65,75,81,48,22,30,35,12,13,19,12,5,2,0,2,
14,70,68,7,21,44,41,48,62,55,45,36,28,19,12,5,2,0,2,
45,98,69,23,65,57,72,31,62,55,45,36,28,19,12,5,2,0,2,
14,87,111,14,19,40,53,42,62,55,45,36,28,19,12,5,2,0,2,
71,15,74,73,71,71,69,68,62,55,45,36,28,19,12,5,2,0,2,
76,28,10,73,71,71,69,68,62,55,45,36,28,19,12,5,2,0,2,
79,75,74,73,71,71,69,68,62,55,45,36,28,19,12,5,2,0,2,
50,98,68,56,37,42,47,68,62,55,45,36,28,19,12,5,2,0,2,
15,23,114,73,71,71,69,68,62,55,45,36,28,19,12,5,2,0,2,
21,75,74,73,71,71,69,68,62,55,45,36,28,19,12,5,2,0,2,
114,75,74,73,71,71,69,68,62,55,45,36,28,19,12,5,2,0,2,
14,75,74,73,71,71,69,68,62,55,45,36,28,19,12,5,2,0,2,
108,75,74,73,71,71,69,68,62,55,45,36,28,19,12,5,2,0,2,
114,37,74,73,71,71,69,68,62,55,45,36,28,19,12,5,2,0,2,
71,23,96,67,76,34,52,68,62,55,45,36,28,19,12,5,2,0,2,
71,69,40,28,71,71,69,68,62,55,45,36,28,19,12,5,2,0,2,
105,53,22,14,34,49,39,37,61,55,45,36,28,19,12,5,2,0,2,
108,41,74,73,71,71,69,68,62,55,45,36,28,19,12,5,2,0,2,
107,98,69,26,21,40,36,59,62,55,45,36,28,19,12,5,2,0,2,
36,88,33,37,70,11,74,68,62,55,45,36,28,19,12,5,2,0,2,
14,44,97,68,92,21,42,88,14,55,45,36,28,19,12,5,2,0,2,
1,72,40,113,71,71,69,68,62,55,45,36,28,19,12,5,2,0,2,
73,75,74,73,71,71,69,68,62,55,45,36,28,19,12,5,2,0,2,
98,37,74,73,71,71,69,68,62,55,45,36,28,19,12,5,2,0,2,
104,23,42,73,71,71,69,68,62,55,45,36,28,19,12,5,2,0,2,
56,3,13,86,36,42,95,68,62,55,45,36,28,19,12,5,2,0,2,
105,53,97,3,77,29,19,40,82,55,45,36,28,19,12,5,2,0,2,
95,7,79,15,75,38,17,28,44,55,45,36,28,19,12,5,2,0,2,
107,79,39,34,23,40,36,36,62,55,45,36,28,19,12,5,2,0,2,
29,75,74,73,71,71,69,68,62,55,45,36,28,19,12,5,2,0,2,
42,75,74,73,71,71,69,68,62,55,45,36,28,19,12,5,2,0,2,
45,100,57,15,19,23,39,55,44,55,45,36,28,19,12,5,2,0,2,
107,95,49,50,71,71,69,68,62,55,45,36,28,19,12,5,2,0,2,
42,116,62,73,71,71,69,68,62,55,45,36,28,19,12,5,2,0,2,
71,14,79,61,71,71,69,68,62,55,45,36,28,19,12,5,2,0,2,
71,75,74,73,71,71,69,68,62,55,45,36,28,19,12,5,2,0,2,
21,28,51,73,71,71,69,68,62,55,45,36,28,19,12,5,2,0,2,
54,98,69,36,104,71,69,68,62,55,45,36,28,19,12,5,2,0,2,
98,29,74,73,71,71,69,68,62,55,45,36,28,19,12,5,2,0,2,
24,75,74,73,71,71,69,68,62,55,45,36,28,19,12,5,2,0,2,
39,80,36,73,71,71,69,68,62,55,45,36,28,19,12,5,2,0,2,
71,15,60,12,13,71,69,68,62,55,45,36,28,19,12,5,2,0,2,
105,113,74,73,71,71,69,68,62,55,45,36,28,19,12,5,2,0,2,
4,75,74,73,71,71,69,68,62,55,45,36,28,19,12,5,2,0,2,
56,108,94,45,100,90,96,48,62,55,45,36,28,19,12,5,2,0,2,
24,41,109,73,71,71,69,68,62,55,45,36,28,19,12,5,2,0,2,
16,75,74,73,71,71,69,68,62,55,45,36,28,19,12,5,2,0,2,
14,70,68,0,34,49,39,29,34,55,45,36,28,19,12,5,2,0,2,
50,106,97,23,84,29,39,12,44,55,45,36,28,19,12,5,2,0,2,
113,75,74,73,71,71,69,68,62,55,45,36,28,19,12,5,2,0,2,
98,1,74,73,71,71,69,68,62,55,45,36,28,19,12,5,2,0,2,
21,75,74,73,71,71,69,68,62,55,45,36,28,19,12,5,2,0,2,
71,75,74,73,71,71,69,68,62,55,45,36,28,19,12,5,2,0,2,
82,75,74,73,71,71,69,68,62,55,45,36,28,19,12,5,2,0,2,
71,15,12,73,71,71,69,68,62,55,45,36,28,19,12,5,2,0,2,
29,75,74,73,71,71,69,68,62,55,45,36,28,19,12,5,2,0,2,
17,75,74,73,71,71,69,68,62,55,45,36,28,19,12,5,2,0,2,
48,81,82,96,65,76,72,18,48,6,25,36,28,19,12,5,2,0,2,
80,20,74,73,71,71,69,68,62,55,45,36,28,19,12,5,2,0,2,
56,53,69,67,76,76,62,48,62,55,45,36,28,19,12,5,2,0,2,
56,79,51,99,104,71,69,68,62,55,45,36,28,19,12,5,2,0,2,
36,38,74,73,71,71,69,68,62,55,45,36,28,19,12,5,2,0,2,
53,75,74,73,71,71,69,68,62,55,45,36,28,19,12,5,2,0,2,
29,75,74,73,71,71,69,68,62,55,45,36,28,19,12,5,2,0,2,
68,75,74,73,71,71,69,68,62,55,45,36,28,19,12,5,2,0,2,
24,75,74,73,71,71,69,68,62,55,45,36,28,19,12,5,2,0,2,
44,75,74,73,71,71,69,68,62,55,45,36,28,19,12,5,2,0,2,
14,106,52,96,15,55,97,68,62,55,45,36,28,19,12,5,2,0,2,
48,106,97,68,69,15,68,68,62,55,45,36,28,19,12,5,2,0,2,
49,75,74,73,71,71,69,68,62,55,45,36,28,19,12,5,2,0,2,
107,53,113,40,99,71,69,68,62,55,45,36,28,19,12,5,2,0,2,
65,75,74,73,71,71,69,68,62,55,45,36,28,19,12,5,2,0,2,
39,75,74,73,71,71,69,68,62,55,45,36,28,19,12,5,2,0,2,
95,47,105,67,15,29,19,2,22,60,25,41,16,19,12,5,2,0,2,
82,37,74,73,71,71,69,68,62,55,45,36,28,19,12,5,2,0,2,
112,23,40,28,71,71,69,68,62,55,45,36,28,19,12,5,2,0,2,
74,75,74,73,71,71,69,68,62,55,45,36,28,19,12,5,2,0,2,
64,75,74,73,71,71,69,68,62,55,45,36,28,19,12,5,2,0,2,
46,35,85,89,71,71,69,68,62,55,45,36,28,19,12,5,2,0,2,
24,47,105,96,66,75,81,48,62,55,45,36,28,19,12,5,2,0,2,
48,98,34,56,37,67,69,68,62,55,45,36,28,19,12,5,2,0,2,
71,17,22,44,58,71,69,68,62,55,45,36,28,19,12,5,2,0,2,
95,37,74,73,71,71,69,68,62,55,45,36,28,19,12,5,2,0,2,
39,75,74,73,71,71,69,68,62,55,45,36,28,19,12,5,2,0,2,
14,98,53,40,71,71,69,68,62,55,45,36,28,19,12,5,2,0,2,
105,35,22,40,109,71,69,68,62,55,45,36,28,19,12,5,2,0,2,
98,20,45,31,49,71,69,68,62,55,45,36,28,19,12,5,2,0,2,
14,98,25,34,40,55,31,68,62,55,45,36,28,19,12,5,2,0,2,
48,70,72,73,71,71,69,68,62,55,45,36,28,19,12,5,2,0,2,
16,21,51,91,71,71,69,68,62,55,45,36,28,19,12,5,2,0,2,
53,43,74,73,71,71,69,68,62,55,45,36,28,19,12,5,2,0,2,
45,55,69,3,63,75,0,34,37,34,45,36,28,19,12,5,2,0,2,
82,75,74,73,71,71,69,68,62,55,45,36,28,19,12,5,2,0,2,
14,49,46,96,65,37,68,94,62,55,45,36,28,19,12,5,2,0,2,
107,13,43,41,43,71,69,68,62,55,45,36,28,19,12,5,2,0,2,
24,28,74,73,71,71,69,68,62,55,45,36,28,19,12,5,2,0,2,
29,75,74,73,71,71,69,68,62,55,45,36,28,19,12,5,2,0,2,
98,75,74,73,71,71,69,68,62,55,45,36,28,19,12,5,2,0,2,
24,75,74,73,71,71,69,68,62,55,45,36,28,19,12,5,2,0,2,
111,53,113,78,14,68,69,68,62,55,45,36,28,19,12,5,2,0,2,
3,46,36,73,71,71,69,68,62,55,45,36,28,19,12,5,2,0,2,
105,112,74,73,71,71,69,68,62,55,45,36,28,19,12,5,2,0,2,
50,115,69,56,79,46,69,68,62,55,45,36,28,19,12,5,2,0,2,
24,20,81,99,54,71,69,68,62,55,45,36,28,19,12,5,2,0,2,
48,98,78,56,71,71,69,68,62,55,45,36,28,19,12,5,2,0,2,
105,58,51,40,44,37,83,68,62,55,45,36,28,19,12,5,2,0,2,
48,14,14,79,42,49,69,68,62,55,45,36,28,19,12,5,2,0,2,
39,82,74,73,71,71,69,68,62,55,45,36,28,19,12,5,2,0,2,
106,75,74,73,71,71,69,68,62,55,45,36,28,19,12,5,2,0,2,
27,41,74,73,71,71,69,68,62,55,45,36,28,19,12,5,2,0,2,
50,47,104,68,69,46,56,69,74,55,45,36,28,19,12,5,2,0,2,
29,20,74,73,71,71,69,68,62,55,45,36,28,19,12,5,2,0,2,
50,23,64,20,110,71,69,68,62,55,45,36,28,19,12,5,2,0,2,
37,90,51,40,44,60,69,68,62,55,45,36,28,19,12,5,2,0,2,
14,57,46,82,86,76,52,49,20,29,23,23,26,19,12,5,2,0,2,
48,69,78,73,71,71,69,68,62,55,45,36,28,19,12,5,2,0,2,
15,75,74,73,71,71,69,68,62,55,45,36,28,19,12,5,2,0,2,
42,59,36,60,71,71,69,68,62,55,45,36,28,19,12,5,2,0,2,
21,37,74,73,71,71,69,68,62,55,45,36,28,19,12,5,2,0,2,
21,75,74,73,71,71,69,68,62,55,45,36,28,19,12,5,2,0,2,
42,46,74,73,71,71,69,68,62,55,45,36,28,19,12,5,2,0,2,
30,20,74,73,71,71,69,68,62,55,45,36,28,19,12,5,2,0,2,
98,52,22,57,71,71,69,68,62,55,45,36,28,19,12,5,2,0,2,
14,49,97,34,17,36,47,68,62,55,45,36,28,19,12,5,2,0,2,
16,80,106,73,71,71,69,68,62,55,45,36,28,19,12,5,2,0,2,
46,60,67,73,71,71,69,68,62,55,45,36,28,19,12,5,2,0,2,
36,71,74,73,71,71,69,68,62,55,45,36,28,19,12,5,2,0,2,
24,79,72,98,40,58,47,68,62,55,45,36,28,19,12,5,2,0,2,
111,41,30,113,71,71,69,68,62,55,45,36,28,19,12,5,2,0,2,
71,69,74,73,71,71,69,68,62,55,45,36,28,19,12,5,2,0,2,
105,113,69,67,41,83,89,68,62,55,45,36,28,19,12,5,2,0,2,
42,75,74,73,71,71,69,68,62,55,45,36,28,19,12,5,2,0,2,
42,46,10,73,71,71,69,68,62,55,45,36,28,19,12,5,2,0,2,
70,73,40,31,58,71,69,68,62,55,45,36,28,19,12,5,2,0,2,
83,75,74,73,71,71,69,68,62,55,45,36,28,19,12,5,2,0,2,
82,75,74,73,71,71,69,68,62,55,45,36,28,19,12,5,2,0,2,
83,75,74,73,71,71,69,68,62,55,45,36,28,19,12,5,2,0,2,
58,38,9,73,71,71,69,68,62,55,45,36,28,19,12,5,2,0,2,
36,17,51,23,70,71,69,68,62,55,45,36,28,19,12,5,2,0,2,
107,47,79,34,40,44,69,68,62,55,45,36,28,19,12,5,2,0,2,
14,87,34,40,71,71,69,68,62,55,45,36,28,19,12,5,2,0,2,
71,23,74,73,71,71,69,68,62,55,45,36,28,19,12,5,2,0,2,
50,70,3,88,23,2,69,68,62,55,45,36,28,19,12,5,2,0,2,
71,75,74,73,71,71,69,68,62,55,45,36,28,19,12,5,2,0,2,
24,46,74,73,71,71,69,68,62,55,45,36,28,19,12,5,2,0,2,
53,75,74,73,71,71,69,68,62,55,45,36,28,19,12,5,2,0,2,
95,15,74,73,71,71,69,68,62,55,45,36,28,19,12,5,2,0,2,
56,53,69,73,71,71,69,68,62,55,45,36,28,19,12,5,2,0,2,
14,47,111,68,23,34,8,14,20,58,62,36,28,19,12,5,2,0,2,
111,35,14,40,49,71,69,68,62,55,45,36,28,19,12,5,2,0,2,
29,52,74,73,71,71,69,68,62,55,45,36,28,19,12,5,2,0,2,
71,3,68,78,97,18,69,68,62,55,45,36,28,19,12,5,2,0,2,
36,78,74,73,71,71,69,68,62,55,45,36,28,19,12,5,2,0,2,
87,28,74,73,71,71,69,68,62,55,45,36,28,19,12,5,2,0,2,
95,98,22,34,71,71,69,68,62,55,45,36,28,19,12,5,2,0,2,
39,75,74,73,71,71,69,68,62,55,45,36,28,19,12,5,2,0,2,
58,98,33,73,71,71,69,68,62,55,45,36,28,19,12,5,2,0,2,
70,114,28,42,71,71,69,68,62,55,45,36,28,19,12,5,2,0,2,
56,70,101,79,71,71,69,68,62,55,45,36,28,19,12,5,2,0,2,
16,75,74,73,71,71,69,68,62,55,45,36,28,19,12,5,2,0,2,
98,35,73,73,71,71,69,68,62,55,45,36,28,19,12,5,2,0,2,
10,75,74,73,71,71,69,68,62,55,45,36,28,19,12,5,2,0,2,
11,116,74,73,71,71,69,68,62,55,45,36,28,19,12,5,2,0,2,
48,98,74,73,71,71,69,68,62,55,45,36,28,19,12,5,2,0,2,
71,79,45,28,55,11,69,68,62,55,45,36,28,19,12,5,2,0,2,
39,52,74,73,71,71,69,68,62,55,45,36,28,19,12,5,2,0,2,
42,28,74,73,71,71,69,68,62,55,45,36,28,19,12,5,2,0,2,
56,35,40,73,71,71,69,68,62,55,45,36,28,19,12,5,2,0,2,
105,75,74,73,71,71,69,68,62,55,45,36,28,19,12,5,2,0,2,
36,75,74,73,71,71,69,68,62,55,45,36,28,19,12,5,2,0,2,
107,70,89,75,60,62,102,48,62,55,45,36,28,19,12,5,2,0,2,
42,116,74,73,71,71,69,68,62,55,45,36,28,19,12,5,2,0,2,
105,70,22,21,77,49,69,68,62,55,45,36,28,19,12,5,2,0,2,
36,114,74,73,71,71,69,68,62,55,45,36,28,19,12,5,2,0,2,
83,5,34,6,44,71,69,68,62,55,45,36,28,19,12,5,2,0,2,
71,46,74,73,71,71,69,68,62,55,45,36,28,19,12,5,2,0,2,
16,116,74,73,71,71,69,68,62,55,45,36,28,19,12,5,2,0,2,
45,23,94,45,65,75,74,68,62,55,45,36,28,19,12,5,2,0,2,
54,70,40,84,53,84,16,68,62,55,45,36,28,19,12,5,2,0,2,
17,58,74,73,71,71,69,68,62,55,45,36,28,19,12,5,2,0,2,
39,80,74,73,71,71,69,68,62,55,45,36,28,19,12,5,2,0,2,
3,109,50,56,107,40,74,68,62,55,45,36,28,19,12,5,2,0,2,
37,31,74,73,71,71,69,68,62,55,45,36,28,19,12,5,2,0,2,
24,49,89,106,34,40,31,68,62,55,45,36,28,19,12,5,2,0,2,
71,21,112,20,49,71,69,68,62,55,45,36,28,19,12,5,2,0,2,
43,75,74,73,71,71,69,68,62,55,45,36,28,19,12,5,2,0,2,
50,98,66,67,84,40,11,17,62,55,45,36,28,19,12,5,2,0,2,
42,75,74,73,71,71,69,68,62,55,45,36,28,19,12,5,2,0,2,
70,75,74,73,71,71,69,68,62,55,45,36,28,19,12,5,2,0,2,
95,70,68,0,107,29,27,48,62,55,45,36,28,19,12,5,2,0,2,
42,38,81,72,71,71,69,68,62,55,45,36,28,19,12,5,2,0,2,
107,113,78,79,34,71,69,68,62,55,45,36,28,19,12,5,2,0,2,
74,75,74,73,71,71,69,68,62,55,45,36,28,19,12,5,2,0,2,
112,75,74,73,71,71,69,68,62,55,45,36,28,19,12,5,2,0,2,
22,10,2,18,49,71,69,68,62,55,45,36,28,19,12,5,2,0,2,
98,63,74,73,71,71,69,68,62,55,45,36,28,19,12,5,2,0,2,
64,16,74,73,71,71,69,68,62,55,45,36,28,19,12,5,2,0,2,
70,79,89,12,84,38,39,21,41,55,45,36,28,19,12,5,2,0,2,
54,75,74,73,71,71,69,68,62,55,45,36,28,19,12,5,2,0,2,
47,9,74,73,71,71,69,68,62,55,45,36,28,19,12,5,2,0,2,
87,70,68,7,95,81,45,44,77,55,45,36,28,19,12,5,2,0,2,
87,70,5,15,81,71,69,68,62,55,45,36,28,19,12,5,2,0,2,
14,47,69,34,40,71,69,68,62,55,45,36,28,19,12,5,2,0,2,
16,75,74,73,71,71,69,68,62,55,45,36,28,19,12,5,2,0,2,
54,75,74,73,71,71,69,68,62,55,45,36,28,19,12,5,2,0,2,
42,75,74,73,71,71,69,68,62,55,45,36,28,19,12,5,2,0,2,
15,93,36,102,71,71,69,68,62,55,45,36,28,19,12,5,2,0,2,
95,47,104,96,66,75,23,68,62,55,45,36,28,19,12,5,2,0,2,
14,70,39,33,40,101,69,68,62,55,45,36,28,19,12,5,2,0,2,
41,41,74,73,71,71,69,68,62,55,45,36,28,19,12,5,2,0,2,
108,41,74,73,71,71,69,68,62,55,45,36,28,19,12,5,2,0,2,
3,75,74,73,71,71,69,68,62,55,45,36,28,19,12,5,2,0,2,
58,113,3,23,99,71,69,68,62,55,45,36,28,19,12,5,2,0,2,
105,114,19,99,71,71,69,68,62,55,45,36,28,19,12,5,2,0,2,
42,75,74,73,71,71,69,68,62,55,45,36,28,19,12,5,2,0,2,
29,52,74,73,71,71,69,68,62,55,45,36,28,19,12,5,2,0,2,
5,88,27,73,71,71,69,68,62,55,45,36,28,19,12,5,2,0,2,
14,67,1,50,71,71,69,68,62,55,45,36,28,19,12,5,2,0,2,
105,69,89,79,54,31,69,68,62,55,45,36,28,19,12,5,2,0,2,
71,21,74,73,71,71,69,68,62,55,45,36,28,19,12,5,2,0,2,
48,109,75,57,31,76,101,68,62,55,45,36,28,19,12,5,2,0,2,
105,46,74,73,71,71,69,68,62,55,45,36,28,19,12,5,2,0,2,
45,53,69,95,65,100,74,51,8,43,51,7,20,25,12,5,2,0,2,
105,70,78,73,71,71,69,68,62,55,45,36,28,19,12,5,2,0,2,
20,86,74,73,71,71,69,68,62,55,45,36,28,19,12,5,2,0,2,
14,47,97,95,71,71,69,68,62,55,45,36,28,19,12,5,2,0,2,
48,53,69,67,34,11,41,56,62,55,45,36,28,19,12,5,2,0,2,
71,75,74,73,71,71,69,68,62,55,45,36,28,19,12,5,2,0,2,
29,63,74,73,71,71,69,68,62,55,45,36,28,19,12,5,2,0,2,
14,29,62,73,71,71,69,68,62,55,45,36,28,19,12,5,2,0,2,
37,75,74,73,71,71,69,68,62,55,45,36,28,19,12,5,2,0,2,
14,108,86,80,93,66,87,4,56,3,53,23,11,9,12,5,2,0,2,
42,80,74,73,71,71,69,68,62,55,45,36,28,19,12,5,2,0,2,
58,95,46,51,93,17,69,68,62,55,45,36,28,19,12,5,2,0,2,
79,27,40,44,49,71,69,68,62,55,45,36,28,19,12,5,2,0,2,
54,52,74,73,71,71,69,68,62,55,45,36,28,19,12,5,2,0,2,
87,115,69,95,65,15,69,68,62,55,45,36,28,19,12,5,2,0,2,
56,57,94,104,28,93,47,68,62,55,45,36,28,19,12,5,2,0,2,
14,106,69,23,65,84,69,68,62,55,45,36,28,19,12,5,2,0,2,
14,87,79,84,71,71,69,68,62,55,45,36,28,19,12,5,2,0,2,
70,114,74,73,71,71,69,68,62,55,45,36,28,19,12,5,2,0,2,
59,80,51,73,71,71,69,68,62,55,45,36,28,19,12,5,2,0,2,
14,20,74,73,71,71,69,68,62,55,45,36,28,19,12,5,2,0,2,
21,75,74,73,71,71,69,68,62,55,45,36,28,19,12,5,2,0,2,
105,98,89,48,71,71,69,68,62,55,45,36,28,19,12,5,2,0,2,
42,75,74,73,71,71,69,68,62,55,45,36,28,19,12,5,2,0,2,
42,75,74,73,71,71,69,68,62,55,45,36,28,19,12,5,2,0,2,
97,55,74,73,71,71,69,68,62,55,45,36,28,19,12,5,2,0,2,
48,70,74,73,71,71,69,68,62,55,45,36,28,19,12,5,2,0,2,
97,14,25,86,81,40,47,68,62,55,45,36,28,19,12,5,2,0,2,
112,29,74,73,71,71,69,68,62,55,45,36,28,19,12,5,2,0,2,
80,111,74,73,71,71,69,68,62,55,45,36,28,19,12,5,2,0,2,
42,116,74,73,71,71,69,68,62,55,45,36,28,19,12,5,2,0,2,
24,62,74,73,71,71,69,68,62,55,45,36,28,19,12,5,2,0,2,
50,98,69,79,71,71,69,68,62,55,45,36,28,19,12,5,2,0,2,
14,7,5,71,71,71,69,68,62,55,45,36,28,19,12,5,2,0,2,
53,75,74,73,71,71,69,68,62,55,45,36,28,19,12,5,2,0,2,
24,46,27,73,71,71,69,68,62,55,45,36,28,19,12,5,2,0,2,
95,70,10,73,71,71,69,68,62,55,45,36,28,19,12,5,2,0,2,
54,79,89,79,34,71,69,68,62,55,45,36,28,19,12,5,2,0,2,
54,75,74,73,71,71,69,68,62,55,45,36,28,19,12,5,2,0,2,
36,23,51,73,71,71,69,68,62,55,45,36,28,19,12,5,2,0,2,
70,75,74,73,71,71,69,68,62,55,45,36,28,19,12,5,2,0,2,
28,28,74,73,71,71,69,68,62,55,45,36,28,19,12,5,2,0,2,
98,58,62,73,71,71,69,68,62,55,45,36,28,19,12,5,2,0,2,
87,3,0,17,72,71,69,68,62,55,45,36,28,19,12,5,2,0,2,
111,67,68,15,71,71,69,68,62,55,45,36,28,19,12,5,2,0,2,
14,70,14,57,18,71,69,68,62,55,45,36,28,19,12,5,2,0,2,
24,75,74,73,71,71,69,68,62,55,45,36,28,19,12,5,2,0,2,
80,75,74,73,71,71,69,68,62,55,45,36,28,19,12,5,2,0,2,
54,70,74,73,71,71,69,68,62,55,45,36,28,19,12,5,2,0,2,
71,90,51,73,71,71,69,68,62,55,45,36,28,19,12,5,2,0,2,
95,53,69,50,71,71,69,68,62,55,45,36,28,19,12,5,2,0,2,
48,81,69,15,27,40,11,36,2,37,45,36,28,19,12,5,2,0,2,
24,47,112,17,40,28,69,68,62,55,45,36,28,19,12,5,2,0,2,
64,75,74,73,71,71,69,68,62,55,45,36,28,19,12,5,2,0,2,
98,70,78,76,40,49,69,68,62,55,45,36,28,19,12,5,2,0,2,
24,114,37,20,49,71,69,68,62,55,45,36,28,19,12,5,2,0,2,
55,75,74,73,71,71,69,68,62,55,45,36,28,19,12,5,2,0,2,
39,82,73,50,71,71,69,68,62,55,45,36,28,19,12,5,2,0,2,
69,75,74,73,71,71,69,68,62,55,45,36,28,19,12,5,2,0,2,
50,106,82,96,66,3,63,68,62,55,45,36,28,19,12,5,2,0,2,
71,97,68,46,58,59,69,68,62,55,45,36,28,19,12,5,2,0,2,
60,75,74,73,71,71,69,68,62,55,45,36,28,19,12,5,2,0,2,
54,105,97,68,34,8,39,48,62,55,45,36,28,19,12,5,2,0,2,
107,35,57,73,71,71,69,68,62,55,45,36,28,19,12,5,2,0,2,
98,70,99,73,71,71,69,68,62,55,45,36,28,19,12,5,2,0,2,
80,62,74,73,71,71,69,68,62,55,45,36,28,19,12,5,2,0,2,
14,69,74,73,71,71,69,68,62,55,45,36,28,19,12,5,2,0,2,
85,68,74,73,71,71,69,68,62,55,45,36,28,19,12,5,2,0,2,
71,15,74,73,71,71,69,68,62,55,45,36,28,19,12,5,2,0,2,
53,75,74,73,71,71,69,68,62,55,45,36,28,19,12,5,2,0,2,
71,96,58,73,71,71,69,68,62,55,45,36,28,19,12,5,2,0,2,
42,28,74,73,71,71,69,68,62,55,45,36,28,19,12,5,2,0,2,
36,75,74,73,71,71,69,68,62,55,45,36,28,19,12,5,2,0,2,
69,75,74,73,71,71,69,68,62,55,45,36,28,19,12,5,2,0,2,
105,73,37,73,71,71,69,68,62,55,45,36,28,19,12,5,2,0,2,
15,23,74,73,71,71,69,68,62,55,45,36,28,19,12,5,2,0,2,
29,75,74,73,71,71,69,68,62,55,45,36,28,19,12,5,2,0,2,
48,73,50,60,71,71,69,68,62,55,45,36,28,19,12,5,2,0,2,
98,14,23,44,49,71,69,68,62,55,45,36,28,19,12,5,2,0,2,
111,75,74,73,71,71,69,68,62,55,45,36,28,19,12,5,2,0,2,
24,28,103,73,71,71,69,68,62,55,45,36,28,19,12,5,2,0,2,
11,75,74,73,71,71,69,68,62,55,45,36,28,19,12,5,2,0,2,
42,75,74,73,71,71,69,68,62,55,45,36,28,19,12,5,2,0,2,
42,75,74,73,71,71,69,68,62,55,45,36,28,19,12,5,2,0,2,
14,81,0,21,69,55,11,89,39,55,45,36,28,19,12,5,2,0,2,
16,28,74,73,71,71,69,68,62,55,45,36,28,19,12,5,2,0,2,
108,73,74,73,71,71,69,68,62,55,45,36,28,19,12,5,2,0,2,
48,53,69,88,77,103,49,29,62,55,45,36,28,19,12,5,2,0,2,
60,75,74,73,71,71,69,68,62,55,45,36,28,19,12,5,2,0,2,
48,106,13,21,19,49,31,73,81,55,45,36,28,19,12,5,2,0,2,
50,75,74,73,71,71,69,68,62,55,45,36,28,19,12,5,2,0,2,
14,47,105,51,76,15,19,2,35,55,45,36,28,19,12,5,2,0,2,
80,75,74,73,71,71,69,68,62,55,45,36,28,19,12,5,2,0,2,
71,23,78,0,21,30,35,68,62,55,45,36,28,19,12,5,2,0,2,
98,23,96,88,107,96,69,68,62,55,45,36,28,19,12,5,2,0,2,
39,75,74,73,71,71,69,68,62,55,45,36,28,19,12,5,2,0,2,
107,13,44,34,79,71,69,68,62,55,45,36,28,19,12,5,2,0,2,
14,20,51,73,71,71,69,68,62,55,45,36,28,19,12,5,2,0,2,
24,75,74,73,71,71,69,68,62,55,45,36,28,19,12,5,2,0,2,
14,36,40,73,71,71,69,68,62,55,45,36,28,19,12,5,2,0,2,
50,70,14,50,71,71,69,68,62,55,45,36,28,19,12,5,2,0,2,
107,3,74,73,71,71,69,68,62,55,45,36,28,19,12,5,2,0,2,
84,50,58,73,71,71,69,68,62,55,45,36,28,19,12,5,2,0,2,
45,47,105,51,77,42,57,68,62,55,45,36,28,19,12,5,2,0,2,
39,75,74,73,71,71,69,68,62,55,45,36,28,19,12,5,2,0,2,
90,29,2,73,71,71,69,68,62,55,45,36,28,19,12,5,2,0,2,
24,78,28,79,58,71,69,68,62,55,45,36,28,19,12,5,2,0,2,
111,98,68,15,49,71,69,68,62,55,45,36,28,19,12,5,2,0,2,
107,98,89,11,9,71,69,68,62,55,45,36,28,19,12,5,2,0,2,
48,69,39,111,40,37,69,68,62,55,45,36,28,19,12,5,2,0,2,
58,106,52,68,65,57,27,29,62,55,45,36,28,19,12,5,2,0,2,
107,35,14,13,6,105,69,68,62,55,45,36,28,19,12,5,2,0,2,
59,75,74,73,71,71,69,68,62,55,45,36,28,19,12,5,2,0,2,
95,70,53,73,71,71,69,68,62,55,45,36,28,19,12,5,2,0,2,
71,35,103,42,62,71,69,68,62,55,45,36,28,19,12,5,2,0,2,
108,75,74,73,71,71,69,68,62,55,45,36,28,19,12,5,2,0,2,
107,13,22,59,21,40,74,68,62,55,45,36,28,19,12,5,2,0,2,
58,75,74,73,71,71,69,68,62,55,45,36,28,19,12,5,2,0,2,
14,21,5,34,29,40,69,68,62,55,45,36,28,19,12,5,2,0,2,
1,75,74,73,71,71,69,68,62,55,45,36,28,19,12,5,2,0,2,
44,75,74,73,71,71,69,68,62,55,45,36,28,19,12,5,2,0,2,
107,13,94,51,93,65,7,27,32,17,45,36,28,19,12,5,2,0,2,
42,38,74,73,71,71,69,68,62,55,45,36,28,19,12,5,2,0,2,
95,69,45,42,71,71,69,68,62,55,45,36,28,19,12,5,2,0,2,
98,90,79,34,47,40,94,98,44,55,45,36,28,19,12,5,2,0,2,
14,69,19,72,49,71,69,68,62,55,45,36,28,19,12,5,2,0,2,
58,97,20,40,16,71,69,68,62,55,45,36,28,19,12,5,2,0,2,
98,75,74,73,71,71,69,68,62,55,45,36,28,19,12,5,2,0,2,
36,59,74,73,71,71,69,68,62,55,45,36,28,19,12,5,2,0,2,
98,90,75,34,17,71,69,68,62,55,45,36,28,19,12,5,2,0,2,
98,70,66,100,71,71,69,68,62,55,45,36,28,19,12,5,2,0,2,
54,98,69,34,15,23,39,12,9,55,45,36,28,19,12,5,2,0,2,
20,23,40,20,55,42,18,68,62,55,45,36,28,19,12,5,2,0,2,
71,75,74,73,71,71,69,68,62,55,45,36,28,19,12,5,2,0,2,
78,46,109,73,71,71,69,68,62,55,45,36,28,19,12,5,2,0,2,
107,35,74,73,71,71,69,68,62,55,45,36,28,19,12,5,2,0,2,
48,69,51,61,71,71,69,68,62,55,45,36,28,19,12,5,2,0,2,
42,48,74,73,71,71,69,68,62,55,45,36,28,19,12,5,2,0,2,
53,75,74,73,71,71,69,68,62,55,45,36,28,19,12,5,2,0,2,
71,75,74,73,71,71,69,68,62,55,45,36,28,19,12,5,2,0,2,
14,106,69,67,0,21,15,40,44,55,45,36,28,19,12,5,2,0,2,
14,47,69,37,71,71,69,68,62,55,45,36,28,19,12,5,2,0,2,
14,53,34,40,71,71,69,68,62,55,45,36,28,19,12,5,2,0,2,
71,75,74,73,71,71,69,68,62,55,45,36,28,19,12,5,2,0,2,
14,7,34,111,71,71,69,68,62,55,45,36,28,19,12,5,2,0,2,
86,75,74,73,71,71,69,68,62,55,45,36,28,19,12,5,2,0,2,
16,28,30,105,71,71,69,68,62,55,45,36,28,19,12,5,2,0,2,
29,75,74,73,71,71,69,68,62,55,45,36,28,19,12,5,2,0,2,
29,75,74,73,71,71,69,68,62,55,45,36,28,19,12,5,2,0,2,
39,75,74,73,71,71,69,68,62,55,45,36,28,19,12,5,2,0,2,
36,75,74,73,71,71,69,68,62,55,45,36,28,19,12,5,2,0,2,
24,41,58,73,71,71,69,68,62,55,45,36,28,19,12,5,2,0,2,
24,75,74,73,71,71,69,68,62,55,45,36,28,19,12,5,2,0,2,
36,75,74,73,71,71,69,68,62,55,45,36,28,19,12,5,2,0,2,
56,49,52,96,65,21,33,51,13,30,4,19,28,19,12,5,2,0,2,
70,75,74,73,71,71,69,68,62,55,45,36,28,19,12,5,2,0,2,
36,41,74,73,71,71,69,68,62,55,45,36,28,19,12,5,2,0,2,
42,28,74,73,71,71,69,68,62,55,45,36,28,19,12,5,2,0,2,
36,75,74,73,71,71,69,68,62,55,45,36,28,19,12,5,2,0,2,
108,35,112,73,71,71,69,68,62,55,45,36,28,19,12,5,2,0,2,
98,35,22,73,71,71,69,68,62,55,45,36,28,19,12,5,2,0,2,
109,75,74,73,71,71,69,68,62,55,45,36,28,19,12,5,2,0,2,
36,114,74,73,71,71,69,68,62,55,45,36,28,19,12,5,2,0,2,
36,58,74,73,71,71,69,68,62,55,45,36,28,19,12,5,2,0,2,
107,23,72,34,71,71,69,68,62,55,45,36,28,19,12,5,2,0,2,
70,14,34,111,71,71,69,68,62,55,45,36,28,19,12,5,2,0,2,
95,106,69,39,21,76,43,68,62,55,45,36,28,19,12,5,2,0,2,
14,53,97,111,31,71,69,68,62,55,45,36,28,19,12,5,2,0,2,
107,95,46,104,78,50,88,63,56,75,46,22,40,19,12,5,2,0,2,
34,114,22,28,71,71,69,68,62,55,45,36,28,19,12,5,2,0,2,
76,35,14,73,71,71,69,68,62,55,45,36,28,19,12,5,2,0,2,
104,98,78,72,49,71,69,68,62,55,45,36,28,19,12,5,2,0,2,
81,53,97,78,19,93,41,94,17,55,45,36,28,19,12,5,2,0,2,
14,0,16,73,71,71,69,68,62,55,45,36,28,19,12,5,2,0,2,
107,7,34,73,71,71,69,68,62,55,45,36,28,19,12,5,2,0,2,
107,35,100,73,71,71,69,68,62,55,45,36,28,19,12,5,2,0,2,
80,75,74,73,71,71,69,68,62,55,45,36,28,19,12,5,2,0,2,
107,87,112,12,84,47,69,68,62,55,45,36,28,19,12,5,2,0,2,
71,79,14,23,71,71,69,68,62,55,45,36,28,19,12,5,2,0,2,
14,75,74,73,71,71,69,68,62,55,45,36,28,19,12,5,2,0,2,
48,81,97,68,107,15,43,32,58,55,45,36,28,19,12,5,2,0,2,
104,98,74,73,71,71,69,68,62,55,45,36,28,19,12,5,2,0,2,
45,95,66,67,21,34,27,78,39,51,45,36,28,19,12,5,2,0,2,
107,35,74,73,71,71,69,68,62,55,45,36,28,19,12,5,2,0,2,
24,47,105,96,65,15,36,67,62,55,45,36,28,19,12,5,2,0,2,
48,106,69,34,15,44,53,76,62,55,45,36,28,19,12,5,2,0,2,
95,70,22,95,65,7,69,68,62,55,45,36,28,19,12,5,2,0,2,
48,70,68,35,107,59,69,68,62,55,45,36,28,19,12,5,2,0,2,
58,95,46,51,69,8,39,29,61,55,45,36,28,19,12,5,2,0,2,
98,76,62,73,71,71,69,68,62,55,45,36,28,19,12,5,2,0,2,
39,82,73,73,71,71,69,68,62,55,45,36,28,19,12,5,2,0,2,
24,20,74,73,71,71,69,68,62,55,45,36,28,19,12,5,2,0,2,
64,75,74,73,71,71,69,68,62,55,45,36,28,19,12,5,2,0,2,
24,20,74,73,71,71,69,68,62,55,45,36,28,19,12,5,2,0,2,
97,3,68,56,31,49,69,68,62,55,45,36,28,19,12,5,2,0,2,
95,47,97,12,20,44,41,68,62,55,45,36,28,19,12,5,2,0,2,
50,14,22,40,71,71,69,68,62,55,45,36,28,19,12,5,2,0,2,
67,75,74,73,71,71,69,68,62,55,45,36,28,19,12,5,2,0,2,
48,70,72,72,77,49,69,68,62,55,45,36,28,19,12,5,2,0,2,
64,75,74,73,71,71,69,68,62,55,45,36,28,19,12,5,2,0,2,
105,83,97,34,81,95,23,52,62,55,45,36,28,19,12,5,2,0,2,
54,35,14,73,71,71,69,68,62,55,45,36,28,19,12,5,2,0,2,
71,75,74,73,71,71,69,68,62,55,45,36,28,19,12,5,2,0,2,
105,35,1,40,11,46,41,68,62,55,45,36,28,19,12,5,2,0,2,
42,75,74,73,71,71,69,68,62,55,45,36,28,19,12,5,2,0,2,
21,46,74,73,71,71,69,68,62,55,45,36,28,19,12,5,2,0,2,
37,31,74,73,71,71,69,68,62,55,45,36,28,19,12,5,2,0,2,
74,78,37,73,71,71,69,68,62,55,45,36,28,19,12,5,2,0,2,
98,70,96,3,65,21,19,68,62,55,45,36,28,19,12,5,2,0,2,
24,53,68,73,71,71,69,68,62,55,45,36,28,19,12,5,2,0,2,
81,113,97,95,0,15,20,52,69,73,29,36,28,19,12,5,2,0,2,
17,75,74,73,71,71,69,68,62,55,45,36,28,19,12,5,2,0,2,
48,53,97,49,29,71,69,68,62,55,45,36,28,19,12,5,2,0,2,
53,38,74,73,71,71,69,68,62,55,45,36,28,19,12,5,2,0,2,
114,75,74,73,71,71,69,68,62,55,45,36,28,19,12,5,2,0,2,
38,75,74,73,71,71,69,68,62,55,45,36,28,19,12,5,2,0,2,
70,59,42,73,71,71,69,68,62,55,45,36,28,19,12,5,2,0,2,
24,57,68,34,59,71,69,68,62,55,45,36,28,19,12,5,2,0,2,
71,76,14,73,71,71,69,68,62,55,45,36,28,19,12,5,2,0,2,
14,47,53,40,55,49,52,68,62,55,45,36,28,19,12,5,2,0,2,
68,75,74,73,71,71,69,68,62,55,45,36,28,19,12,5,2,0,2,
14,47,69,65,65,54,50,40,41,37,45,36,28,19,12,5,2,0,2,
15,35,98,79,71,71,69,68,62,55,45,36,28,19,12,5,2,0,2,
53,75,74,73,71,71,69,68,62,55,45,36,28,19,12,5,2,0,2,
88,75,74,73,71,71,69,68,62,55,45,36,28,19,12,5,2,0,2,
42,75,74,73,71,71,69,68,62,55,45,36,28,19,12,5,2,0,2,
105,70,40,73,71,71,69,68,62,55,45,36,28,19,12,5,2,0,2,
29,63,74,73,71,71,69,68,62,55,45,36,28,19,12,5,2,0,2,
87,47,52,68,103,34,79,12,62,55,45,36,28,19,12,5,2,0,2,
71,75,74,73,71,71,69,68,62,55,45,36,28,19,12,5,2,0,2,
50,53,78,79,70,55,69,68,62,55,45,36,28,19,12,5,2,0,2,
56,87,69,14,41,15,21,18,30,55,45,36,28,19,12,5,2,0,2,
87,47,105,51,81,40,11,56,44,55,45,36,28,19,12,5,2,0,2,
48,75,74,73,71,71,69,68,62,55,45,36,28,19,12,5,2,0,2,
71,23,68,34,71,71,69,68,62,55,45,36,28,19,12,5,2,0,2,
70,75,74,73,71,71,69,68,62,55,45,36,28,19,12,5,2,0,2,
74,63,74,73,71,71,69,68,62,55,45,36,28,19,12,5,2,0,2,
95,51,79,34,15,71,69,68,62,55,45,36,28,19,12,5,2,0,2,
1,23,74,73,71,71,69,68,62,55,45,36,28,19,12,5,2,0,2,
79,35,14,40,55,93,2,78,44,55,45,36,28,19,12,5,2,0,2,
14,98,68,78,21,40,94,57,62,55,45,36,28,19,12,5,2,0,2,
36,58,74,73,71,71,69,68,62,55,45,36,28,19,12,5,2,0,2,
42,75,74,73,71,71,69,68,62,55,45,36,28,19,12,5,2,0,2,
98,70,75,56,17,31,69,68,62,55,45,36,28,19,12,5,2,0,2,
54,114,38,42,16,71,69,68,62,55,45,36,28,19,12,5,2,0,2,
54,97,5,79,29,6,47,68,62,55,45,36,28,19,12,5,2,0,2,
70,75,74,73,71,71,69,68,62,55,45,36,28,19,12,5,2,0,2,
98,36,25,79,34,15,69,68,62,55,45,36,28,19,12,5,2,0,2,
70,36,74,73,71,71,69,68,62,55,45,36,28,19,12,5,2,0,2,
34,70,6,50,71,71,69,68,62,55,45,36,28,19,12,5,2,0,2,
48,53,97,23,40,37,74,91,62,55,45,36,28,19,12,5,2,0,2,
48,35,6,73,71,71,69,68,62,55,45,36,28,19,12,5,2,0,2,
87,75,74,73,71,71,69,68,62,55,45,36,28,19,12,5,2,0,2,
30,46,74,73,71,71,69,68,62,55,45,36,28,19,12,5,2,0,2,
39,82,73,73,71,71,69,68,62,55,45,36,28,19,12,5,2,0,2,
39,75,74,73,71,71,69,68,62,55,45,36,28,19,12,5,2,0,2,
71,35,51,44,71,71,69,68,62,55,45,36,28,19,12,5,2,0,2,
36,75,74,73,71,71,69,68,62,55,45,36,28,19,12,5,2,0,2,
24,5,71,73,71,71,69,68,62,55,45,36,28,19,12,5,2,0,2,
87,47,41,20,49,71,69,68,62,55,45,36,28,19,12,5,2,0,2,
101,75,74,73,71,71,69,68,62,55,45,36,28,19,12,5,2,0,2,
14,55,94,67,69,34,99,18,63,61,38,36,28,19,12,5,2,0,2,
81,59,36,60,71,71,69,68,62,55,45,36,28,19,12,5,2,0,2,
29,75,74,73,71,71,69,68,62,55,45,36,28,19,12,5,2,0,2,
29,75,74,73,71,71,69,68,62,55,45,36,28,19,12,5,2,0,2,
98,112,74,73,71,71,69,68,62,55,45,36,28,19,12,5,2,0,2,
45,97,3,35,14,21,99,7,85,55,45,36,28,19,12,5,2,0,2,
14,59,67,73,71,71,69,68,62,55,45,36,28,19,12,5,2,0,2,
58,98,66,22,88,71,69,68,62,55,45,36,28,19,12,5,2,0,2,
114,75,74,73,71,71,69,68,62,55,45,36,28,19,12,5,2,0,2,
24,75,74,73,71,71,69,68,62,55,45,36,28,19,12,5,2,0,2,
55,23,74,73,71,71,69,68,62,55,45,36,28,19,12,5,2,0,2,
53,117,74,73,71,71,69,68,62,55,45,36,28,19,12,5,2,0,2,
105,53,13,49,77,29,17,68,62,55,45,36,28,19,12,5,2,0,2,
36,15,42,61,71,71,69,68,62,55,45,36,28,19,12,5,2,0,2,
54,75,74,73,71,71,69,68,62,55,45,36,28,19,12,5,2,0,2,
50,70,3,73,71,71,69,68,62,55,45,36,28,19,12,5,2,0,2,
98,58,14,50,71,71,69,68,62,55,45,36,28,19,12,5,2,0,2,
21,75,74,73,71,71,69,68,62,55,45,36,28,19,12,5,2,0,2,
29,75,74,73,71,71,69,68,62,55,45,36,28,19,12,5,2,0,2,
95,83,41,100,86,48,74,34,62,55,45,36,28,19,12,5,2,0,2,
11,75,74,73,71,71,69,68,62,55,45,36,28,19,12,5,2,0,2,
54,70,74,73,71,71,69,68,62,55,45,36,28,19,12,5,2,0,2,
70,75,74,73,71,71,69,68,62,55,45,36,28,19,12,5,2,0,2,
111,75,74,73,71,71,69,68,62,55,45,36,28,19,12,5,2,0,2,
14,53,69,44,94,58,69,68,62,55,45,36,28,19,12,5,2,0,2,
95,98,89,21,71,71,69,68,62,55,45,36,28,19,12,5,2,0,2,
15,114,74,73,71,71,69,68,62,55,45,36,28,19,12,5,2,0,2,
85,75,74,73,71,71,69,68,62,55,45,36,28,19,12,5,2,0,2,
20,28,74,73,71,71,69,68,62,55,45,36,28,19,12,5,2,0,2,
29,75,74,73,71,71,69,68,62,55,45,36,28,19,12,5,2,0,2,
29,75,74,73,71,71,69,68,62,55,45,36,28,19,12,5,2,0,2,
47,75,74,73,71,71,69,68,62,55,45,36,28,19,12,5,2,0,2,
50,47,52,29,40,37,11,68,62,55,45,36,28,19,12,5,2,0,2,
107,58,28,73,71,71,69,68,62,55,45,36,28,19,12,5,2,0,2,
14,23,94,73,71,71,69,68,62,55,45,36,28,19,12,5,2,0,2,
50,95,46,68,86,76,52,46,61,35,29,36,28,19,12,5,2,0,2,
82,75,74,73,71,71,69,68,62,55,45,36,28,19,12,5,2,0,2,
108,2,74,73,71,71,69,68,62,55,45,36,28,19,12,5,2,0,2,
58,98,74,73,71,71,69,68,62,55,45,36,28,19,12,5,2,0,2,
107,98,73,50,71,71,69,68,62,55,45,36,28,19,12,5,2,0,2,
107,47,82,3,69,101,95,68,62,55,45,36,28,19,12,5,2,0,2,
3,116,74,73,71,71,69,68,62,55,45,36,28,19,12,5,2,0,2,
54,98,74,73,71,71,69,68,62,55,45,36,28,19,12,5,2,0,2,
14,95,46,104,65,15,23,32,62,55,45,36,28,19,12,5,2,0,2,
24,75,74,73,71,71,69,68,62,55,45,36,28,19,12,5,2,0,2,
98,75,74,73,71,71,69,68,62,55,45,36,28,19,12,5,2,0,2,
71,7,34,111,71,71,69,68,62,55,45,36,28,19,12,5,2,0,2,
107,35,40,44,49,71,69,68,62,55,45,36,28,19,12,5,2,0,2,
24,20,74,73,71,71,69,68,62,55,45,36,28,19,12,5,2,0,2,
105,35,67,69,49,71,69,68,62,55,45,36,28,19,12,5,2,0,2,
36,75,74,73,71,71,69,68,62,55,45,36,28,19,12,5,2,0,2,
48,106,74,73,71,71,69,68,62,55,45,36,28,19,12,5,2,0,2,
98,69,79,73,71,71,69,68,62,55,45,36,28,19,12,5,2,0,2,
56,35,14,73,71,71,69,68,62,55,45,36,28,19,12,5,2,0,2,
39,82,74,73,71,71,69,68,62,55,45,36,28,19,12,5,2,0,2,
1,41,37,60,71,71,69,68,62,55,45,36,28,19,12,5,2,0,2,
36,46,37,28,77,71,69,68,62,55,45,36,28,19,12,5,2,0,2,
54,98,49,50,71,71,69,68,62,55,45,36,28,19,12,5,2,0,2,
45,70,68,40,70,71,69,68,62,55,45,36,28,19,12,5,2,0,2,
36,52,74,73,71,71,69,68,62,55,45,36,28,19,12,5,2,0,2,
36,52,22,73,71,71,69,68,62,55,45,36,28,19,12,5,2,0,2,
15,39,74,73,71,71,69,68,62,55,45,36,28,19,12,5,2,0,2,
107,70,34,50,55,18,69,68,62,55,45,36,28,19,12,5,2,0,2,
71,80,40,28,89,49,69,68,62,55,45,36,28,19,12,5,2,0,2,
71,67,36,73,71,71,69,68,62,55,45,36,28,19,12,5,2,0,2,
95,53,82,96,71,71,69,68,62,55,45,36,28,19,12,5,2,0,2,
98,75,74,73,71,71,69,68,62,55,45,36,28,19,12,5,2,0,2,
99,37,61,73,71,71,69,68,62,55,45,36,28,19,12,5,2,0,2,
29,75,74,73,71,71,69,68,62,55,45,36,28,19,12,5,2,0,2,
39,43,74,73,71,71,69,68,62,55,45,36,28,19,12,5,2,0,2,
98,75,74,73,71,71,69,68,62,55,45,36,28,19,12,5,2,0,2,
98,79,20,34,49,71,69,68,62,55,45,36,28,19,12,5,2,0,2,
71,3,77,73,71,71,69,68,62,55,45,36,28,19,12,5,2,0,2,
70,75,74,73,71,71,69,68,62,55,45,36,28,19,12,5,2,0,2,
24,69,34,40,71,71,69,68,62,55,45,36,28,19,12,5,2,0,2,
36,41,45,73,71,71,69,68,62,55,45,36,28,19,12,5,2,0,2,
105,83,69,67,86,72,33,49,28,28,45,36,28,19,12,5,2,0,2,
50,95,46,26,23,71,69,68,62,55,45,36,28,19,12,5,2,0,2,
107,49,68,7,21,23,39,44,44,55,45,36,28,19,12,5,2,0,2,
14,41,37,73,71,71,69,68,62,55,45,36,28,19,12,5,2,0,2,
95,3,62,73,71,71,69,68,62,55,45,36,28,19,12,5,2,0,2,
112,27,27,73,71,71,69,68,62,55,45,36,28,19,12,5,2,0,2,
42,75,74,73,71,71,69,68,62,55,45,36,28,19,12,5,2,0,2,
29,75,74,73,71,71,69,68,62,55,45,36,28,19,12,5,2,0,2,
24,75,74,73,71,71,69,68,62,55,45,36,28,19,12,5,2,0,2,
50,57,74,73,71,71,69,68,62,55,45,36,28,19,12,5,2,0,2,
108,41,74,73,71,71,69,68,62,55,45,36,28,19,12,5,2,0,2,
24,53,69,34,107,71,69,68,62,55,45,36,28,19,12,5,2,0,2,
36,74,15,73,71,71,69,68,62,55,45,36,28,19,12,5,2,0,2,
50,95,52,68,23,84,69,68,62,55,45,36,28,19,12,5,2,0,2,
14,114,28,37,71,71,69,68,62,55,45,36,28,19,12,5,2,0,2,
36,75,74,73,71,71,69,68,62,55,45,36,28,19,12,5,2,0,2,
42,75,74,73,71,71,69,68,62,55,45,36,28,19,12,5,2,0,2,
54,98,69,73,71,71,69,68,62,55,45,36,28,19,12,5,2,0,2,
37,75,74,73,71,71,69,68,62,55,45,36,28,19,12,5,2,0,2,
107,47,97,68,34,1,39,44,62,55,45,36,28,19,12,5,2,0,2,
15,38,92,108,71,71,69,68,62,55,45,36,28,19,12,5,2,0,2,
71,97,68,29,71,71,69,68,62,55,45,36,28,19,12,5,2,0,2,
71,80,62,73,71,71,69,68,62,55,45,36,28,19,12,5,2,0,2,
14,69,34,23,40,71,69,68,62,55,45,36,28,19,12,5,2,0,2,
29,75,74,73,71,71,69,68,62,55,45,36,28,19,12,5,2,0,2,
14,57,46,104,106,50,88,63,6,74,45,36,28,19,12,5,2,0,2,
58,98,34,37,71,71,69,68,62,55,45,36,28,19,12,5,2,0,2,
40,52,15,73,71,71,69,68,62,55,45,36,28,19,12,5,2,0,2,
29,75,74,73,71,71,69,68,62,55,45,36,28,19,12,5,2,0,2,
70,46,109,73,71,71,69,68,62,55,45,36,28,19,12,5,2,0,2,
14,41,27,99,71,71,69,68,62,55,45,36,28,19,12,5,2,0,2,
54,83,69,23,71,71,69,68,62,55,45,36,28,19,12,5,2,0,2,
29,75,74,73,71,71,69,68,62,55,45,36,28,19,12,5,2,0,2,
29,75,74,73,71,71,69,68,62,55,45,36,28,19,12,5,2,0,2,
48,21,5,34,54,38,32,32,62,55,45,36,28,19,12,5,2,0,2,
48,98,69,95,65,83,46,34,37,67,6,28,26,27,12,5,2,0,2,
95,47,105,68,63,71,69,68,62,55,45,36,28,19,12,5,2,0,2,
24,87,94,96,49,71,69,68,62,55,45,36,28,19,12,5,2,0,2,
3,69,13,21,86,34,23,42,62,55,45,36,28,19,12,5,2,0,2,
98,69,74,73,71,71,69,68,62,55,45,36,28,19,12,5,2,0,2,
98,79,74,73,71,71,69,68,62,55,45,36,28,19,12,5,2,0,2,
83,19,1,97,90,71,69,68,62,55,45,36,28,19,12,5,2,0,2,
90,29,16,73,71,71,69,68,62,55,45,36,28,19,12,5,2,0,2,
24,87,105,96,14,0,92,28,44,39,42,36,28,19,12,5,2,0,2,
24,106,69,78,29,59,102,68,62,55,45,36,28,19,12,5,2,0,2,
83,28,51,73,71,71,69,68,62,55,45,36,28,19,12,5,2,0,2,
56,23,48,51,66,34,78,68,62,55,45,36,28,19,12,5,2,0,2,
95,106,69,0,55,71,69,68,62,55,45,36,28,19,12,5,2,0,2,
70,58,74,73,71,71,69,68,62,55,45,36,28,19,12,5,2,0,2,
109,75,74,73,71,71,69,68,62,55,45,36,28,19,12,5,2,0,2,
50,106,96,8,29,22,47,42,51,55,45,36,28,19,12,5,2,0,2,
68,14,20,26,107,49,69,68,62,55,45,36,28,19,12,5,2,0,2,
53,71,74,73,71,71,69,68,62,55,45,36,28,19,12,5,2,0,2,
24,47,75,79,8,64,82,68,62,55,45,36,28,19,12,5,2,0,2,
105,53,97,68,71,71,69,68,62,55,45,36,28,19,12,5,2,0,2,
42,75,74,73,71,71,69,68,62,55,45,36,28,19,12,5,2,0,2,
70,35,74,73,71,71,69,68,62,55,45,36,28,19,12,5,2,0,2,
111,53,68,78,20,18,69,68,62,55,45,36,28,19,12,5,2,0,2,
87,47,68,88,77,34,50,20,37,14,45,36,28,19,12,5,2,0,2,
29,75,74,73,71,71,69,68,62,55,45,36,28,19,12,5,2,0,2,
107,47,52,96,92,75,84,68,62,55,45,36,28,19,12,5,2,0,2,
37,41,74,73,71,71,69,68,62,55,45,36,28,19,12,5,2,0,2,
39,75,74,73,71,71,69,68,62,55,45,36,28,19,12,5,2,0,2,
16,41,74,73,71,71,69,68,62,55,45,36,28,19,12,5,2,0,2,
105,98,69,73,71,71,69,68,62,55,45,36,28,19,12,5,2,0,2,
71,79,34,69,71,71,69,68,62,55,45,36,28,19,12,5,2,0,2,
87,53,69,34,31,11,69,68,62,55,45,36,28,19,12,5,2,0,2,
80,75,74,73,71,71,69,68,62,55,45,36,28,19,12,5,2,0,2,
98,70,68,23,71,71,69,68,62,55,45,36,28,19,12,5,2,0,2,
78,23,30,73,71,71,69,68,62,55,45,36,28,19,12,5,2,0,2,
58,95,46,68,65,29,6,46,39,55,45,36,28,19,12,5,2,0,2,
24,75,74,73,71,71,69,68,62,55,45,36,28,19,12,5,2,0,2,
14,53,96,67,76,0,42,73,64,62,28,35,22,14,12,5,2,0,2,
14,14,60,114,71,71,69,68,62,55,45,36,28,19,12,5,2,0,2,
50,23,96,88,29,21,91,42,51,55,45,36,28,19,12,5,2,0,2,
107,55,74,73,71,71,69,68,62,55,45,36,28,19,12,5,2,0,2,
79,75,74,73,71,71,69,68,62,55,45,36,28,19,12,5,2,0,2,
29,74,74,73,71,71,69,68,62,55,45,36,28,19,12,5,2,0,2,
50,53,97,5,77,34,6,44,78,76,45,36,28,19,12,5,2,0,2,
71,35,53,73,71,71,69,68,62,55,45,36,28,19,12,5,2,0,2,
98,70,22,56,47,40,9,73,62,55,45,36,28,19,12,5,2,0,2,
71,35,51,73,71,71,69,68,62,55,45,36,28,19,12,5,2,0,2,
95,53,82,96,77,54,9,68,62,55,45,36,28,19,12,5,2,0,2,
98,70,34,111,40,96,57,68,62,55,45,36,28,19,12,5,2,0,2,
98,70,96,88,48,20,59,32,51,55,45,36,28,19,12,5,2,0,2,
58,53,104,96,66,23,87,72,32,9,20,36,28,19,12,5,2,0,2,
14,90,107,17,49,71,69,68,62,55,45,36,28,19,12,5,2,0,2,
105,88,77,50,71,71,69,68,62,55,45,36,28,19,12,5,2,0,2,
58,53,89,98,54,80,69,68,62,55,45,36,28,19,12,5,2,0,2,
24,87,104,14,21,83,39,80,58,55,45,36,28,19,12,5,2,0,2,
29,75,74,73,71,71,69,68,62,55,45,36,28,19,12,5,2,0,2,
14,106,68,56,40,71,69,68,62,55,45,36,28,19,12,5,2,0,2,
71,35,37,73,71,71,69,68,62,55,45,36,28,19,12,5,2,0,2,
53,75,74,73,71,71,69,68,62,55,45,36,28,19,12,5,2,0,2,
71,23,74,73,71,71,69,68,62,55,45,36,28,19,12,5,2,0,2,
58,53,97,49,15,13,29,22,18,37,26,30,38,16,12,5,2,0,2,
24,75,74,73,71,71,69,68,62,55,45,36,28,19,12,5,2,0,2,
98,30,51,73,71,71,69,68,62,55,45,36,28,19,12,5,2,0,2,
58,95,46,96,39,43,23,40,52,55,45,36,28,19,12,5,2,0,2,
71,75,74,73,71,71,69,68,62,55,45,36,28,19,12,5,2,0,2,
48,53,0,43,29,23,39,21,62,55,45,36,28,19,12,5,2,0,2,
63,75,74,73,71,71,69,68,62,55,45,36,28,19,12,5,2,0,2,
14,7,34,23,109,71,69,68,62,55,45,36,28,19,12,5,2,0,2,
68,80,34,40,109,71,69,68,62,55,45,36,28,19,12,5,2,0,2,
14,70,50,6,74,23,94,68,62,55,45,36,28,19,12,5,2,0,2,
36,41,45,37,31,71,69,68,62,55,45,36,28,19,12,5,2,0,2,
71,35,29,23,54,71,69,68,62,55,45,36,28,19,12,5,2,0,2,
95,62,74,73,71,71,69,68,62,55,45,36,28,19,12,5,2,0,2,
30,75,74,73,71,71,69,68,62,55,45,36,28,19,12,5,2,0,2,
14,63,74,73,71,71,69,68,62,55,45,36,28,19,12,5,2,0,2,
24,98,69,95,77,34,51,68,62,55,45,36,28,19,12,5,2,0,2,
53,75,74,73,71,71,69,68,62,55,45,36,28,19,12,5,2,0,2,
48,35,67,61,49,71,69,68,62,55,45,36,28,19,12,5,2,0,2,
98,70,79,29,23,44,36,68,62,55,45,36,28,19,12,5,2,0,2,
24,22,74,73,71,71,69,68,62,55,45,36,28,19,12,5,2,0,2,
54,23,28,73,71,71,69,68,62,55,45,36,28,19,12,5,2,0,2,
17,75,74,73,71,71,69,68,62,55,45,36,28,19,12,5,2,0,2,
14,108,94,96,66,23,87,72,60,25,8,18,23,19,12,5,2,0,2,
107,75,74,73,71,71,69,68,62,55,45,36,28,19,12,5,2,0,2,
95,69,13,79,34,71,69,68,62,55,45,36,28,19,12,5,2,0,2,
16,75,74,73,71,71,69,68,62,55,45,36,28,19,12,5,2,0,2,
50,70,96,78,71,71,69,68,62,55,45,36,28,19,12,5,2,0,2,
17,75,74,73,71,71,69,68,62,55,45,36,28,19,12,5,2,0,2,
17,75,74,73,71,71,69,68,62,55,45,36,28,19,12,5,2,0,2,
107,35,74,73,71,71,69,68,62,55,45,36,28,19,12,5,2,0,2,
105,75,74,73,71,71,69,68,62,55,45,36,28,19,12,5,2,0,2,
58,106,82,68,29,40,43,42,62,55,45,36,28,19,12,5,2,0,2,
71,61,28,21,71,71,69,68,62,55,45,36,28,19,12,5,2,0,2,
54,70,78,106,57,74,11,61,39,48,9,23,28,19,12,5,2,0,2,
39,75,74,73,71,71,69,68,62,55,45,36,28,19,12,5,2,0,2,
71,109,40,42,18,71,69,68,62,55,45,36,28,19,12,5,2,0,2,
98,101,74,73,71,71,69,68,62,55,45,36,28,19,12,5,2,0,2,
71,25,74,73,71,71,69,68,62,55,45,36,28,19,12,5,2,0,2,
85,57,94,104,50,66,49,11,70,30,30,28,27,10,12,5,2,0,2,
39,75,74,73,71,71,69,68,62,55,45,36,28,19,12,5,2,0,2,
37,90,40,44,94,59,69,68,62,55,45,36,28,19,12,5,2,0,2,
98,75,74,73,71,71,69,68,62,55,45,36,28,19,12,5,2,0,2,
29,75,74,73,71,71,69,68,62,55,45,36,28,19,12,5,2,0,2,
29,75,74,73,71,71,69,68,62,55,45,36,28,19,12,5,2,0,2,
36,75,74,73,71,71,69,68,62,55,45,36,28,19,12,5,2,0,2,
58,75,74,73,71,71,69,68,62,55,45,36,28,19,12,5,2,0,2,
95,106,22,34,75,40,36,67,73,55,45,36,28,19,12,5,2,0,2,
36,39,40,73,71,71,69,68,62,55,45,36,28,19,12,5,2,0,2,
114,75,74,73,71,71,69,68,62,55,45,36,28,19,12,5,2,0,2,
107,41,74,73,71,71,69,68,62,55,45,36,28,19,12,5,2,0,2,
71,10,42,73,71,71,69,68,62,55,45,36,28,19,12,5,2,0,2,
105,101,74,73,71,71,69,68,62,55,45,36,28,19,12,5,2,0,2,
48,52,74,73,71,71,69,68,62,55,45,36,28,19,12,5,2,0,2,
34,95,97,95,51,71,69,68,62,55,45,36,28,19,12,5,2,0,2,
95,47,52,96,65,75,81,66,32,7,14,18,16,14,12,5,2,0,2,
107,106,82,68,92,65,15,75,62,55,45,36,28,19,12,5,2,0,2,
7,41,19,73,71,71,69,68,62,55,45,36,28,19,12,5,2,0,2,
45,53,82,96,66,75,7,1,38,15,59,37,3,3,4,5,2,0,2,
71,20,74,73,71,71,69,68,62,55,45,36,28,19,12,5,2,0,2,
98,35,112,56,71,71,69,68,62,55,45,36,28,19,12,5,2,0,2,
14,36,34,20,11,49,69,68,62,55,45,36,28,19,12,5,2,0,2,
70,35,71,40,28,11,69,68,62,55,45,36,28,19,12,5,2,0,2,
108,75,74,73,71,71,69,68,62,55,45,36,28,19,12,5,2,0,2,
50,98,70,73,71,71,69,68,62,55,45,36,28,19,12,5,2,0,2,
36,101,74,73,71,71,69,68,62,55,45,36,28,19,12,5,2,0,2,
30,41,74,73,71,71,69,68,62,55,45,36,28,19,12,5,2,0,2,
54,98,68,14,21,49,39,21,27,76,38,36,28,19,12,5,2,0,2,
105,75,74,73,71,71,69,68,62,55,45,36,28,19,12,5,2,0,2,
58,106,69,23,92,29,19,48,11,55,45,36,28,19,12,5,2,0,2,
105,70,22,78,35,59,102,68,62,55,45,36,28,19,12,5,2,0,2,
24,95,52,96,107,15,53,42,62,55,45,36,28,19,12,5,2,0,2,
71,23,62,73,71,71,69,68,62,55,45,36,28,19,12,5,2,0,2,
24,93,74,73,71,71,69,68,62,55,45,36,28,19,12,5,2,0,2,
14,95,46,96,66,23,73,41,66,76,45,36,28,19,12,5,2,0,2,
98,70,37,61,71,71,69,68,62,55,45,36,28,19,12,5,2,0,2,
48,69,13,21,43,34,15,30,11,73,45,36,28,19,12,5,2,0,2,
14,28,51,73,71,71,69,68,62,55,45,36,28,19,12,5,2,0,2,
87,6,21,83,105,40,57,68,62,55,45,36,28,19,12,5,2,0,2,
71,69,22,28,71,71,69,68,62,55,45,36,28,19,12,5,2,0,2,
95,106,52,67,29,101,69,68,62,55,45,36,28,19,12,5,2,0,2,
71,69,78,35,107,71,69,68,62,55,45,36,28,19,12,5,2,0,2,
107,75,74,73,71,71,69,68,62,55,45,36,28,19,12,5,2,0,2,
59,31,51,73,71,71,69,68,62,55,45,36,28,19,12,5,2,0,2,
0,42,74,73,71,71,69,68,62,55,45,36,28,19,12,5,2,0,2,
107,95,82,96,92,75,46,73,47,8,27,36,28,19,12,5,2,0,2,
70,99,2,61,71,71,69,68,62,55,45,36,28,19,12,5,2,0,2,
54,98,69,41,34,38,69,68,62,55,45,36,28,19,12,5,2,0,2,
36,75,74,73,71,71,69,68,62,55,45,36,28,19,12,5,2,0,2,
58,87,69,95,65,21,30,18,85,13,28,37,0,19,12,5,2,0,2,
36,75,74,73,71,71,69,68,62,55,45,36,28,19,12,5,2,0,2,
36,38,74,73,71,71,69,68,62,55,45,36,28,19,12,5,2,0,2,
14,70,34,73,71,71,69,68,62,55,45,36,28,19,12,5,2,0,2,
68,15,74,73,71,71,69,68,62,55,45,36,28,19,12,5,2,0,2,
50,53,69,27,40,96,47,68,62,55,45,36,28,19,12,5,2,0,2,
50,53,97,15,49,71,69,68,62,55,45,36,28,19,12,5,2,0,2,
14,87,105,96,63,5,81,83,62,55,45,36,28,19,12,5,2,0,2,
42,75,74,73,71,71,69,68,62,55,45,36,28,19,12,5,2,0,2,
48,106,51,40,44,55,69,68,62,55,45,36,28,19,12,5,2,0,2,
105,70,68,78,21,34,11,73,51,55,45,36,28,19,12,5,2,0,2,
95,80,74,73,71,71,69,68,62,55,45,36,28,19,12,5,2,0,2,
55,75,74,73,71,71,69,68,62,55,45,36,28,19,12,5,2,0,2,
48,98,27,73,71,71,69,68,62,55,45,36,28,19,12,5,2,0,2,
71,79,41,34,51,1,57,68,62,55,45,36,28,19,12,5,2,0,2,
111,98,69,0,29,23,65,68,62,55,45,36,28,19,12,5,2,0,2,
45,57,69,67,19,71,69,68,62,55,45,36,28,19,12,5,2,0,2,
97,58,14,40,55,91,11,89,66,79,45,36,28,19,12,5,2,0,2,
42,75,74,73,71,71,69,68,62,55,45,36,28,19,12,5,2,0,2,
72,75,74,73,71,71,69,68,62,55,45,36,28,19,12,5,2,0,2,
70,52,74,73,71,71,69,68,62,55,45,36,28,19,12,5,2,0,2,
56,106,52,68,86,71,69,68,62,55,45,36,28,19,12,5,2,0,2,
95,47,69,23,92,65,73,34,14,55,45,36,28,19,12,5,2,0,2,
54,75,74,73,71,71,69,68,62,55,45,36,28,19,12,5,2,0,2,
71,75,74,73,71,71,69,68,62,55,45,36,28,19,12,5,2,0,2,
53,41,10,73,71,71,69,68,62,55,45,36,28,19,12,5,2,0,2,
71,36,89,29,89,59,69,68,62,55,45,36,28,19,12,5,2,0,2,
71,58,30,73,71,71,69,68,62,55,45,36,28,19,12,5,2,0,2,
14,47,69,73,71,71,69,68,62,55,45,36,28,19,12,5,2,0,2,
71,54,74,73,71,71,69,68,62,55,45,36,28,19,12,5,2,0,2,
47,75,74,73,71,71,69,68,62,55,45,36,28,19,12,5,2,0,2,
56,47,52,96,66,23,73,93,32,73,45,36,28,19,12,5,2,0,2,
98,69,14,13,23,101,69,68,62,55,45,36,28,19,12,5,2,0,2,
107,53,22,37,71,71,69,68,62,55,45,36,28,19,12,5,2,0,2,
102,109,40,50,71,71,69,68,62,55,45,36,28,19,12,5,2,0,2,
24,95,69,67,6,19,39,56,62,55,45,36,28,19,12,5,2,0,2,
71,31,79,73,71,71,69,68,62,55,45,36,28,19,12,5,2,0,2,
97,79,51,31,54,71,69,68,62,55,45,36,28,19,12,5,2,0,2,
16,71,74,73,71,71,69,68,62,55,45,36,28,19,12,5,2,0,2,
107,49,13,34,33,23,39,68,62,55,45,36,28,19,12,5,2,0,2,
24,20,51,73,71,71,69,68,62,55,45,36,28,19,12,5,2,0,2,
52,23,74,73,71,71,69,68,62,55,45,36,28,19,12,5,2,0,2,
48,106,52,95,65,57,29,22,22,45,45,36,28,19,12,5,2,0,2,
14,106,34,15,40,44,28,52,50,73,45,36,28,19,12,5,2,0,2,
71,97,34,73,71,71,69,68,62,55,45,36,28,19,12,5,2,0,2,
85,23,36,61,71,71,69,68,62,55,45,36,28,19,12,5,2,0,2,
50,70,22,67,7,21,47,64,62,55,45,36,28,19,12,5,2,0,2,
58,3,89,86,31,60,47,68,62,55,45,36,28,19,12,5,2,0,2,
14,44,97,35,5,34,39,37,66,35,37,36,28,19,12,5,2,0,2,
95,47,52,96,66,65,72,20,37,14,30,29,28,19,12,5,2,0,2,
105,70,28,23,71,71,69,68,62,55,45,36,28,19,12,5,2,0,2,
42,75,74,73,71,71,69,68,62,55,45,36,28,19,12,5,2,0,2,
98,70,114,60,59,71,69,68,62,55,45,36,28,19,12,5,2,0,2,
48,75,74,73,71,71,69,68,62,55,45,36,28,19,12,5,2,0,2,
71,46,62,73,71,71,69,68,62,55,45,36,28,19,12,5,2,0,2,
71,21,58,73,71,71,69,68,62,55,45,36,28,19,12,5,2,0,2,
45,80,14,31,11,105,97,48,62,55,45,36,28,19,12,5,2,0,2,
48,98,74,73,71,71,69,68,62,55,45,36,28,19,12,5,2,0,2,
29,75,74,73,71,71,69,68,62,55,45,36,28,19,12,5,2,0,2,
24,49,89,40,28,86,94,56,62,55,45,36,28,19,12,5,2,0,2,
81,23,7,28,71,71,69,68,62,55,45,36,28,19,12,5,2,0,2,
71,17,22,37,77,71,69,68,62,55,45,36,28,19,12,5,2,0,2,
107,13,43,45,34,15,74,42,62,55,45,36,28,19,12,5,2,0,2,
97,75,74,73,71,71,69,68,62,55,45,36,28,19,12,5,2,0,2,
39,75,74,73,71,71,69,68,62,55,45,36,28,19,12,5,2,0,2,
58,53,76,74,71,71,69,68,62,55,45,36,28,19,12,5,2,0,2,
95,47,97,68,65,35,21,24,58,55,45,36,28,19,12,5,2,0,2,
15,63,74,73,71,71,69,68,62,55,45,36,28,19,12,5,2,0,2,
60,75,74,73,71,71,69,68,62,55,45,36,28,19,12,5,2,0,2,
29,75,74,73,71,71,69,68,62,55,45,36,28,19,12,5,2,0,2,
50,1,62,73,71,71,69,68,62,55,45,36,28,19,12,5,2,0,2,
80,35,74,73,71,71,69,68,62,55,45,36,28,19,12,5,2,0,2,
98,35,14,37,71,71,69,68,62,55,45,36,28,19,12,5,2,0,2,
58,95,22,44,71,71,69,68,62,55,45,36,28,19,12,5,2,0,2,
14,106,77,19,23,40,36,21,62,55,45,36,28,19,12,5,2,0,2,
91,75,74,73,71,71,69,68,62,55,45,36,28,19,12,5,2,0,2,
107,47,52,34,6,33,20,37,44,55,45,36,28,19,12,5,2,0,2,
107,53,78,34,8,12,47,68,62,55,45,36,28,19,12,5,2,0,2,
107,13,48,82,93,34,49,56,44,55,45,36,28,19,12,5,2,0,2,
48,106,68,88,15,37,69,68,62,55,45,36,28,19,12,5,2,0,2,
98,75,74,73,71,71,69,68,62,55,45,36,28,19,12,5,2,0,2,
71,75,74,73,71,71,69,68,62,55,45,36,28,19,12,5,2,0,2,
42,75,74,73,71,71,69,68,62,55,45,36,28,19,12,5,2,0,2,
24,98,78,0,86,100,43,32,87,55,45,36,28,19,12,5,2,0,2,
98,79,44,79,34,19,27,97,42,32,31,36,28,19,12,5,2,0,2,
71,75,74,73,71,71,69,68,62,55,45,36,28,19,12,5,2,0,2,
14,87,97,67,21,52,23,40,62,55,45,36,28,19,12,5,2,0,2,
14,47,69,67,76,54,23,68,62,55,45,36,28,19,12,5,2,0,2,
50,53,82,96,66,23,81,73,32,28,19,19,28,19,12,5,2,0,2,
24,20,74,73,71,71,69,68,62,55,45,36,28,19,12,5,2,0,2,
68,73,30,99,82,71,69,68,62,55,45,36,28,19,12,5,2,0,2,
42,62,74,73,71,71,69,68,62,55,45,36,28,19,12,5,2,0,2,
24,95,111,51,65,40,69,68,62,55,45,36,28,19,12,5,2,0,2,
107,47,3,14,48,15,6,91,62,55,45,36,28,19,12,5,2,0,2,
14,70,22,79,54,29,56,50,88,37,45,36,28,19,12,5,2,0,2,
24,106,89,73,71,71,69,68,62,55,45,36,28,19,12,5,2,0,2,
37,21,34,60,71,71,69,68,62,55,45,36,28,19,12,5,2,0,2,
47,75,74,73,71,71,69,68,62,55,45,36,28,19,12,5,2,0,2,
50,79,41,21,26,5,52,24,37,34,45,36,28,19,12,5,2,0,2,
107,55,48,55,83,87,48,86,57,60,65,5,28,19,12,5,2,0,2,
42,75,74,73,71,71,69,68,62,55,45,36,28,19,12,5,2,0,2,
79,1,40,28,53,49,69,68,62,55,45,36,28,19,12,5,2,0,2,
14,95,52,96,66,34,99,20,22,55,45,36,28,19,12,5,2,0,2,
54,98,69,29,71,71,69,68,62,55,45,36,28,19,12,5,2,0,2,
82,75,74,73,71,71,69,68,62,55,45,36,28,19,12,5,2,0,2,
107,53,82,96,23,76,79,29,62,55,45,36,28,19,12,5,2,0,2,
53,75,74,73,71,71,69,68,62,55,45,36,28,19,12,5,2,0,2,
42,38,81,73,71,71,69,68,62,55,45,36,28,19,12,5,2,0,2,
1,10,74,73,71,71,69,68,62,55,45,36,28,19,12,5,2,0,2,
40,65,74,73,71,71,69,68,62,55,45,36,28,19,12,5,2,0,2,
14,75,74,73,71,71,69,68,62,55,45,36,28,19,12,5,2,0,2,
22,75,74,73,71,71,69,68,62,55,45,36,28,19,12,5,2,0,2,
1,75,74,73,71,71,69,68,62,55,45,36,28,19,12,5,2,0,2,
1,75,74,73,71,71,69,68,62,55,45,36,28,19,12,5,2,0,2,
111,79,77,27,79,101,47,68,62,55,45,36,28,19,12,5,2,0,2,
48,35,74,73,71,71,69,68,62,55,45,36,28,19,12,5,2,0,2,
42,75,74,73,71,71,69,68,62,55,45,36,28,19,12,5,2,0,2,
58,59,74,73,71,71,69,68,62,55,45,36,28,19,12,5,2,0,2,
48,98,69,0,48,103,15,49,31,13,28,19,23,10,12,5,2,0,2,
101,75,74,73,71,71,69,68,62,55,45,36,28,19,12,5,2,0,2,
97,69,78,71,71,71,69,68,62,55,45,36,28,19,12,5,2,0,2,
24,113,97,15,8,74,21,68,62,55,45,36,28,19,12,5,2,0,2,
39,75,74,73,71,71,69,68,62,55,45,36,28,19,12,5,2,0,2,
104,70,0,34,15,23,11,68,62,55,45,36,28,19,12,5,2,0,2,
70,75,74,73,71,71,69,68,62,55,45,36,28,19,12,5,2,0,2,
14,53,20,109,44,37,53,48,62,55,45,36,28,19,12,5,2,0,2,
48,3,68,102,71,71,69,68,62,55,45,36,28,19,12,5,2,0,2,
21,75,74,73,71,71,69,68,62,55,45,36,28,19,12,5,2,0,2,
29,58,74,73,71,71,69,68,62,55,45,36,28,19,12,5,2,0,2,
24,95,82,96,66,72,8,54,20,11,45,36,28,19,12,5,2,0,2,
107,95,22,78,41,54,69,68,62,55,45,36,28,19,12,5,2,0,2,
26,35,9,73,71,71,69,68,62,55,45,36,28,19,12,5,2,0,2,
111,53,97,65,65,5,86,48,62,55,45,36,28,19,12,5,2,0,2,
48,53,97,78,97,34,69,68,62,55,45,36,28,19,12,5,2,0,2,
107,38,81,73,71,71,69,68,62,55,45,36,28,19,12,5,2,0,2,
53,75,74,73,71,71,69,68,62,55,45,36,28,19,12,5,2,0,2,
71,75,74,73,71,71,69,68,62,55,45,36,28,19,12,5,2,0,2,
83,70,74,73,71,71,69,68,62,55,45,36,28,19,12,5,2,0,2,
80,58,6,73,71,71,69,68,62,55,45,36,28,19,12,5,2,0,2,
104,70,68,41,77,57,29,22,36,24,13,9,28,19,12,5,2,0,2,
42,37,74,73,71,71,69,68,62,55,45,36,28,19,12,5,2,0,2,
48,23,37,102,71,71,69,68,62,55,45,36,28,19,12,5,2,0,2,
14,95,33,11,71,71,69,68,62,55,45,36,28,19,12,5,2,0,2,
42,75,74,73,71,71,69,68,62,55,45,36,28,19,12,5,2,0,2,
48,101,114,46,71,71,69,68,62,55,45,36,28,19,12,5,2,0,2,
14,75,74,73,71,71,69,68,62,55,45,36,28,19,12,5,2,0,2,
71,58,45,31,9,71,69,68,62,55,45,36,28,19,12,5,2,0,2,
37,109,36,60,71,71,69,68,62,55,45,36,28,19,12,5,2,0,2,
107,13,48,51,66,65,96,37,62,55,45,36,28,19,12,5,2,0,2,
70,23,40,37,77,82,69,68,62,55,45,36,28,19,12,5,2,0,2,
98,34,40,50,71,71,69,68,62,55,45,36,28,19,12,5,2,0,2,
70,23,74,73,71,71,69,68,62,55,45,36,28,19,12,5,2,0,2,
71,3,14,23,40,31,74,42,52,55,45,36,28,19,12,5,2,0,2,
50,35,81,57,94,71,69,68,62,55,45,36,28,19,12,5,2,0,2,
111,75,74,73,71,71,69,68,62,55,45,36,28,19,12,5,2,0,2,
111,75,74,73,71,71,69,68,62,55,45,36,28,19,12,5,2,0,2,
98,70,45,79,71,71,69,68,62,55,45,36,28,19,12,5,2,0,2,
24,57,52,68,92,75,55,71,20,41,45,36,28,19,12,5,2,0,2,
54,98,5,40,77,105,69,68,62,55,45,36,28,19,12,5,2,0,2,
48,75,74,73,71,71,69,68,62,55,45,36,28,19,12,5,2,0,2,
95,47,51,40,44,28,56,68,62,55,45,36,28,19,12,5,2,0,2,
107,95,111,68,65,76,12,12,9,55,45,36,28,19,12,5,2,0,2,
21,75,74,73,71,71,69,68,62,55,45,36,28,19,12,5,2,0,2,
105,23,40,44,28,59,69,68,62,55,45,36,28,19,12,5,2,0,2,
14,15,10,73,71,71,69,68,62,55,45,36,28,19,12,5,2,0,2,
36,62,74,73,71,71,69,68,62,55,45,36,28,19,12,5,2,0,2,
95,75,74,73,71,71,69,68,62,55,45,36,28,19,12,5,2,0,2,
14,53,68,111,71,71,69,68,62,55,45,36,28,19,12,5,2,0,2,
105,14,53,19,23,76,56,48,62,55,45,36,28,19,12,5,2,0,2,
71,15,62,73,71,71,69,68,62,55,45,36,28,19,12,5,2,0,2,
107,53,82,28,71,71,69,68,62,55,45,36,28,19,12,5,2,0,2,
98,69,78,76,44,76,97,56,62,55,45,36,28,19,12,5,2,0,2,
24,28,19,73,71,71,69,68,62,55,45,36,28,19,12,5,2,0,2,
71,79,34,50,71,71,69,68,62,55,45,36,28,19,12,5,2,0,2,
71,3,112,36,71,71,69,68,62,55,45,36,28,19,12,5,2,0,2,
85,109,79,50,71,71,69,68,62,55,45,36,28,19,12,5,2,0,2,
71,35,74,73,71,71,69,68,62,55,45,36,28,19,12,5,2,0,2,
50,57,74,73,71,71,69,68,62,55,45,36,28,19,12,5,2,0,2,
49,75,74,73,71,71,69,68,62,55,45,36,28,19,12,5,2,0,2,
54,98,69,65,43,29,69,68,62,55,45,36,28,19,12,5,2,0,2,
14,53,37,73,71,71,69,68,62,55,45,36,28,19,12,5,2,0,2,
24,41,74,73,71,71,69,68,62,55,45,36,28,19,12,5,2,0,2,
107,75,74,73,71,71,69,68,62,55,45,36,28,19,12,5,2,0,2,
50,62,74,73,71,71,69,68,62,55,45,36,28,19,12,5,2,0,2,
108,37,74,73,71,71,69,68,62,55,45,36,28,19,12,5,2,0,2,
48,113,69,56,29,44,94,42,44,55,45,36,28,19,12,5,2,0,2,
45,47,69,3,63,65,40,43,47,13,30,19,28,19,12,5,2,0,2,
48,98,22,78,51,13,43,73,44,55,45,36,28,19,12,5,2,0,2,
71,79,74,73,71,71,69,68,62,55,45,36,28,19,12,5,2,0,2,
71,97,14,44,59,71,69,68,62,55,45,36,28,19,12,5,2,0,2,
21,75,74,73,71,71,69,68,62,55,45,36,28,19,12,5,2,0,2,
85,46,19,79,67,71,69,68,62,55,45,36,28,19,12,5,2,0,2,
111,70,22,79,9,71,69,68,62,55,45,36,28,19,12,5,2,0,2,
98,38,27,20,82,53,57,68,62,55,45,36,28,19,12,5,2,0,2,
111,79,9,73,71,71,69,68,62,55,45,36,28,19,12,5,2,0,2,
83,70,22,67,73,44,69,68,62,55,45,36,28,19,12,5,2,0,2,
70,75,74,73,71,71,69,68,62,55,45,36,28,19,12,5,2,0,2,
111,46,10,36,71,71,69,68,62,55,45,36,28,19,12,5,2,0,2,
53,75,74,73,71,71,69,68,62,55,45,36,28,19,12,5,2,0,2,
71,69,22,73,71,71,69,68,62,55,45,36,28,19,12,5,2,0,2,
107,106,97,3,107,40,69,68,62,55,45,36,28,19,12,5,2,0,2,
105,53,69,67,54,40,74,91,62,55,45,36,28,19,12,5,2,0,2,
105,35,22,40,59,71,69,68,62,55,45,36,28,19,12,5,2,0,2,
98,70,112,73,71,71,69,68,62,55,45,36,28,19,12,5,2,0,2,
87,75,74,73,71,71,69,68,62,55,45,36,28,19,12,5,2,0,2,
50,53,97,68,76,76,15,38,62,55,45,36,28,19,12,5,2,0,2,
16,23,62,73,71,71,69,68,62,55,45,36,28,19,12,5,2,0,2,
64,75,74,73,71,71,69,68,62,55,45,36,28,19,12,5,2,0,2,
29,75,74,73,71,71,69,68,62,55,45,36,28,19,12,5,2,0,2,
45,49,69,15,8,57,98,40,35,55,45,36,28,19,12,5,2,0,2,
71,39,10,2,59,71,69,68,62,55,45,36,28,19,12,5,2,0,2,
58,70,22,67,86,76,33,48,35,55,45,36,28,19,12,5,2,0,2,
105,98,96,67,76,21,45,44,62,55,45,36,28,19,12,5,2,0,2,
58,83,69,42,71,71,69,68,62,55,45,36,28,19,12,5,2,0,2,
69,75,74,73,71,71,69,68,62,55,45,36,28,19,12,5,2,0,2,
98,67,74,73,71,71,69,68,62,55,45,36,28,19,12,5,2,0,2,
71,75,74,73,71,71,69,68,62,55,45,36,28,19,12,5,2,0,2,
54,98,34,73,71,71,69,68,62,55,45,36,28,19,12,5,2,0,2,
50,90,77,73,71,71,69,68,62,55,45,36,28,19,12,5,2,0,2,
50,70,13,61,71,71,69,68,62,55,45,36,28,19,12,5,2,0,2,
64,75,74,73,71,71,69,68,62,55,45,36,28,19,12,5,2,0,2,
36,75,74,73,71,71,69,68,62,55,45,36,28,19,12,5,2,0,2,
58,98,13,29,44,59,52,68,62,55,45,36,28,19,12,5,2,0,2,
14,44,69,34,44,70,74,97,50,48,31,36,28,19,12,5,2,0,2,
112,41,45,37,71,71,69,68,62,55,45,36,28,19,12,5,2,0,2,
50,70,22,25,86,34,99,16,62,55,45,36,28,19,12,5,2,0,2,
54,98,74,73,71,71,69,68,62,55,45,36,28,19,12,5,2,0,2,
87,98,69,69,71,71,69,68,62,55,45,36,28,19,12,5,2,0,2,
54,105,97,68,65,34,55,30,18,34,42,36,28,19,12,5,2,0,2,
101,75,74,73,71,71,69,68,62,55,45,36,28,19,12,5,2,0,2,
98,70,112,28,71,71,69,68,62,55,45,36,28,19,12,5,2,0,2,
48,70,96,67,76,7,74,42,62,55,45,36,28,19,12,5,2,0,2,
107,41,62,73,71,71,69,68,62,55,45,36,28,19,12,5,2,0,2,
29,75,74,73,71,71,69,68,62,55,45,36,28,19,12,5,2,0,2,
71,75,74,73,71,71,69,68,62,55,45,36,28,19,12,5,2,0,2,
95,70,74,73,71,71,69,68,62,55,45,36,28,19,12,5,2,0,2,
50,47,105,96,76,35,52,37,17,55,45,36,28,19,12,5,2,0,2,
71,97,38,73,71,71,69,68,62,55,45,36,28,19,12,5,2,0,2,
87,7,57,15,71,71,69,68,62,55,45,36,28,19,12,5,2,0,2,
7,75,74,73,71,71,69,68,62,55,45,36,28,19,12,5,2,0,2,
14,23,48,55,50,90,63,6,29,60,62,36,28,19,12,5,2,0,2,
50,53,68,14,13,74,39,56,62,55,45,36,28,19,12,5,2,0,2,
50,57,86,96,66,34,69,68,62,55,45,36,28,19,12,5,2,0,2,
48,106,52,96,66,23,69,68,62,55,45,36,28,19,12,5,2,0,2,
107,13,48,82,100,66,0,26,66,25,26,28,28,19,12,5,2,0,2,
29,75,74,73,71,71,69,68,62,55,45,36,28,19,12,5,2,0,2,
54,41,81,73,71,71,69,68,62,55,45,36,28,19,12,5,2,0,2,
42,75,74,73,71,71,69,68,62,55,45,36,28,19,12,5,2,0,2,
29,75,74,73,71,71,69,68,62,55,45,36,28,19,12,5,2,0,2,
39,75,74,73,71,71,69,68,62,55,45,36,28,19,12,5,2,0,2,
50,53,97,68,77,15,69,68,62,55,45,36,28,19,12,5,2,0,2,
105,53,97,68,34,103,28,56,58,55,45,36,28,19,12,5,2,0,2,
112,75,74,73,71,71,69,68,62,55,45,36,28,19,12,5,2,0,2,
98,97,74,73,71,71,69,68,62,55,45,36,28,19,12,5,2,0,2,
58,98,7,15,31,105,69,68,62,55,45,36,28,19,12,5,2,0,2,
32,75,74,73,71,71,69,68,62,55,45,36,28,19,12,5,2,0,2,
83,70,79,34,29,23,57,68,62,55,45,36,28,19,12,5,2,0,2,
50,80,8,20,71,71,69,68,62,55,45,36,28,19,12,5,2,0,2,
107,57,80,96,37,70,41,56,62,55,45,36,28,19,12,5,2,0,2,
45,14,20,50,23,42,69,68,62,55,45,36,28,19,12,5,2,0,2,
48,81,74,73,71,71,69,68,62,55,45,36,28,19,12,5,2,0,2,
36,58,51,73,71,71,69,68,62,55,45,36,28,19,12,5,2,0,2,
107,87,111,82,93,66,87,4,32,5,38,36,28,19,12,5,2,0,2,
71,23,7,73,71,71,69,68,62,55,45,36,28,19,12,5,2,0,2,
54,83,97,73,71,71,69,68,62,55,45,36,28,19,12,5,2,0,2,
36,114,40,73,71,71,69,68,62,55,45,36,28,19,12,5,2,0,2,
105,53,82,96,86,15,69,68,62,55,45,36,28,19,12,5,2,0,2,
36,75,74,73,71,71,69,68,62,55,45,36,28,19,12,5,2,0,2,
107,23,52,68,77,106,69,68,62,55,45,36,28,19,12,5,2,0,2,
107,13,56,45,106,50,88,63,56,26,3,43,29,4,12,5,2,0,2,
95,47,105,51,93,71,69,68,62,55,45,36,28,19,12,5,2,0,2,
16,75,74,73,71,71,69,68,62,55,45,36,28,19,12,5,2,0,2,
98,70,89,52,13,27,53,32,58,55,45,36,28,19,12,5,2,0,2,
45,70,57,61,71,71,69,68,62,55,45,36,28,19,12,5,2,0,2,
20,63,51,73,71,71,69,68,62,55,45,36,28,19,12,5,2,0,2,
95,70,68,78,34,71,69,68,62,55,45,36,28,19,12,5,2,0,2,
14,70,0,34,107,37,69,68,62,55,45,36,28,19,12,5,2,0,2,
42,64,65,73,71,71,69,68,62,55,45,36,28,19,12,5,2,0,2,
95,23,39,106,29,4,57,68,62,55,45,36,28,19,12,5,2,0,2,
98,11,110,73,71,71,69,68,62,55,45,36,28,19,12,5,2,0,2,
45,47,57,15,11,36,69,68,62,55,45,36,28,19,12,5,2,0,2,
14,35,51,73,71,71,69,68,62,55,45,36,28,19,12,5,2,0,2,
14,23,52,96,65,75,33,16,62,55,45,36,28,19,12,5,2,0,2,
14,95,68,79,34,52,39,68,62,55,45,36,28,19,12,5,2,0,2,
14,44,46,68,65,26,33,84,30,32,38,36,28,19,12,5,2,0,2,
103,66,74,73,71,71,69,68,62,55,45,36,28,19,12,5,2,0,2,
58,95,46,68,63,83,33,96,16,55,45,36,28,19,12,5,2,0,2,
29,75,74,73,71,71,69,68,62,55,45,36,28,19,12,5,2,0,2,
15,35,74,73,71,71,69,68,62,55,45,36,28,19,12,5,2,0,2,
50,29,109,73,71,71,69,68,62,55,45,36,28,19,12,5,2,0,2,
48,113,104,86,49,71,69,68,62,55,45,36,28,19,12,5,2,0,2,
51,20,62,73,71,71,69,68,62,55,45,36,28,19,12,5,2,0,2,
48,53,97,67,76,34,29,65,37,45,45,36,28,19,12,5,2,0,2,
14,23,69,43,86,34,79,30,20,11,61,36,28,19,12,5,2,0,2,
107,35,109,50,71,71,69,68,62,55,45,36,28,19,12,5,2,0,2,
36,75,74,73,71,71,69,68,62,55,45,36,28,19,12,5,2,0,2,
14,14,14,29,33,19,11,68,62,55,45,36,28,19,12,5,2,0,2,
21,74,74,73,71,71,69,68,62,55,45,36,28,19,12,5,2,0,2,
50,57,52,96,86,29,20,68,62,55,45,36,28,19,12,5,2,0,2,
59,75,74,73,71,71,69,68,62,55,45,36,28,19,12,5,2,0,2,
54,70,57,61,71,71,69,68,62,55,45,36,28,19,12,5,2,0,2,
107,38,74,73,71,71,69,68,62,55,45,36,28,19,12,5,2,0,2,
95,39,110,73,71,71,69,68,62,55,45,36,28,19,12,5,2,0,2,
36,15,74,73,71,71,69,68,62,55,45,36,28,19,12,5,2,0,2,
48,70,96,67,34,36,69,68,62,55,45,36,28,19,12,5,2,0,2,
22,46,74,73,71,71,69,68,62,55,45,36,28,19,12,5,2,0,2,
14,44,48,96,66,3,73,49,41,41,22,36,28,19,12,5,2,0,2,
107,49,94,104,103,11,74,91,44,55,45,36,28,19,12,5,2,0,2,
39,52,74,73,71,71,69,68,62,55,45,36,28,19,12,5,2,0,2,
61,75,74,73,71,71,69,68,62,55,45,36,28,19,12,5,2,0,2,
29,75,74,73,71,71,69,68,62,55,45,36,28,19,12,5,2,0,2,
48,70,79,15,29,49,85,91,52,55,45,36,28,19,12,5,2,0,2,
58,95,52,113,71,71,69,68,62,55,45,36,28,19,12,5,2,0,2,
71,35,74,73,71,71,69,68,62,55,45,36,28,19,12,5,2,0,2,
24,41,74,73,71,71,69,68,62,55,45,36,28,19,12,5,2,0,2,
50,106,52,96,92,63,29,56,62,55,45,36,28,19,12,5,2,0,2,
50,47,52,78,86,8,69,68,62,55,45,36,28,19,12,5,2,0,2,
105,98,68,78,77,103,47,97,58,55,45,36,28,19,12,5,2,0,2,
114,75,74,73,71,71,69,68,62,55,45,36,28,19,12,5,2,0,2,
95,47,105,96,65,14,21,44,81,51,45,36,28,19,12,5,2,0,2,
14,57,46,96,23,65,14,39,0,7,15,48,23,19,12,5,2,0,2,
54,98,69,0,34,19,47,68,62,55,45,36,28,19,12,5,2,0,2,
54,75,74,73,71,71,69,68,62,55,45,36,28,19,12,5,2,0,2,
48,14,112,83,42,71,69,68,62,55,45,36,28,19,12,5,2,0,2,
105,53,72,34,28,71,69,68,62,55,45,36,28,19,12,5,2,0,2,
97,69,79,56,68,31,69,68,62,55,45,36,28,19,12,5,2,0,2,
58,53,97,68,92,32,74,40,41,55,45,36,28,19,12,5,2,0,2,
107,53,22,28,99,71,69,68,62,55,45,36,28,19,12,5,2,0,2,
54,98,13,41,34,102,53,87,11,5,25,36,28,19,12,5,2,0,2,
107,106,52,96,66,63,39,68,62,55,45,36,28,19,12,5,2,0,2,
87,53,97,68,7,62,57,68,62,55,45,36,28,19,12,5,2,0,2,
13,38,74,73,71,71,69,68,62,55,45,36,28,19,12,5,2,0,2,
48,81,52,96,34,95,36,68,62,55,45,36,28,19,12,5,2,0,2,
105,75,74,73,71,71,69,68,62,55,45,36,28,19,12,5,2,0,2,
95,97,53,6,71,71,69,68,62,55,45,36,28,19,12,5,2,0,2,
47,68,74,73,71,71,69,68,62,55,45,36,28,19,12,5,2,0,2,
107,55,22,71,77,15,79,22,44,45,45,36,28,19,12,5,2,0,2,
71,80,77,73,71,71,69,68,62,55,45,36,28,19,12,5,2,0,2,
87,15,19,73,71,71,69,68,62,55,45,36,28,19,12,5,2,0,2,
32,62,74,73,71,71,69,68,62,55,45,36,28,19,12,5,2,0,2,
42,80,74,73,71,71,69,68,62,55,45,36,28,19,12,5,2,0,2,
87,106,52,96,66,75,21,96,21,18,45,36,28,19,12,5,2,0,2,
107,79,51,56,71,71,69,68,62,55,45,36,28,19,12,5,2,0,2,
43,15,74,73,71,71,69,68,62,55,45,36,28,19,12,5,2,0,2,
64,75,74,73,71,71,69,68,62,55,45,36,28,19,12,5,2,0,2,
7,35,112,61,49,71,69,68,62,55,45,36,28,19,12,5,2,0,2,
105,52,74,73,71,71,69,68,62,55,45,36,28,19,12,5,2,0,2,
48,106,80,68,71,71,69,68,62,55,45,36,28,19,12,5,2,0,2,
87,81,52,96,53,18,65,68,62,55,45,36,28,19,12,5,2,0,2,
85,19,51,73,71,71,69,68,62,55,45,36,28,19,12,5,2,0,2,
72,75,74,73,71,71,69,68,62,55,45,36,28,19,12,5,2,0,2,
71,75,74,73,71,71,69,68,62,55,45,36,28,19,12,5,2,0,2,
48,53,34,61,71,71,69,68,62,55,45,36,28,19,12,5,2,0,2,
71,23,68,34,102,59,69,68,62,55,45,36,28,19,12,5,2,0,2,
39,75,74,73,71,71,69,68,62,55,45,36,28,19,12,5,2,0,2,
71,97,78,73,71,71,69,68,62,55,45,36,28,19,12,5,2,0,2,
107,98,20,109,31,42,69,68,62,55,45,36,28,19,12,5,2,0,2,
95,47,74,73,71,71,69,68,62,55,45,36,28,19,12,5,2,0,2,
87,40,14,44,55,99,69,68,62,55,45,36,28,19,12,5,2,0,2,
33,75,74,73,71,71,69,68,62,55,45,36,28,19,12,5,2,0,2,
70,14,50,23,37,71,69,68,62,55,45,36,28,19,12,5,2,0,2,
14,53,97,68,75,6,101,56,62,55,45,36,28,19,12,5,2,0,2,
39,75,74,73,71,71,69,68,62,55,45,36,28,19,12,5,2,0,2,
21,75,74,73,71,71,69,68,62,55,45,36,28,19,12,5,2,0,2,
18,75,74,73,71,71,69,68,62,55,45,36,28,19,12,5,2,0,2,
24,75,74,73,71,71,69,68,62,55,45,36,28,19,12,5,2,0,2,
24,57,52,96,66,75,79,40,62,55,45,36,28,19,12,5,2,0,2,
104,70,14,73,71,71,69,68,62,55,45,36,28,19,12,5,2,0,2,
107,80,74,73,71,71,69,68,62,55,45,36,28,19,12,5,2,0,2,
42,75,74,73,71,71,69,68,62,55,45,36,28,19,12,5,2,0,2,
59,114,74,73,71,71,69,68,62,55,45,36,28,19,12,5,2,0,2,
24,49,97,14,54,15,79,40,34,55,45,36,28,19,12,5,2,0,2,
54,115,34,21,79,71,69,68,62,55,45,36,28,19,12,5,2,0,2,
42,75,74,73,71,71,69,68,62,55,45,36,28,19,12,5,2,0,2,
70,50,70,73,71,71,69,68,62,55,45,36,28,19,12,5,2,0,2,
59,23,40,37,71,71,69,68,62,55,45,36,28,19,12,5,2,0,2,
71,21,63,73,71,71,69,68,62,55,45,36,28,19,12,5,2,0,2,
12,62,74,73,71,71,69,68,62,55,45,36,28,19,12,5,2,0,2,
71,90,107,19,37,71,69,68,62,55,45,36,28,19,12,5,2,0,2,
98,69,78,61,71,71,69,68,62,55,45,36,28,19,12,5,2,0,2,
14,35,45,73,71,71,69,68,62,55,45,36,28,19,12,5,2,0,2,
24,75,74,73,71,71,69,68,62,55,45,36,28,19,12,5,2,0,2,
71,42,20,73,71,71,69,68,62,55,45,36,28,19,12,5,2,0,2,
83,75,74,73,71,71,69,68,62,55,45,36,28,19,12,5,2,0,2,
34,106,52,88,55,71,69,68,62,55,45,36,28,19,12,5,2,0,2,
56,53,97,44,20,71,69,68,62,55,45,36,28,19,12,5,2,0,2,
54,41,73,11,71,71,69,68,62,55,45,36,28,19,12,5,2,0,2,
95,47,52,96,66,71,69,68,62,55,45,36,28,19,12,5,2,0,2,
42,86,74,73,71,71,69,68,62,55,45,36,28,19,12,5,2,0,2,
39,75,74,73,71,71,69,68,62,55,45,36,28,19,12,5,2,0,2,
8,27,40,44,37,42,69,68,62,55,45,36,28,19,12,5,2,0,2,
14,70,39,52,19,71,69,68,62,55,45,36,28,19,12,5,2,0,2,
70,29,62,73,71,71,69,68,62,55,45,36,28,19,12,5,2,0,2,
56,49,105,51,93,66,40,51,70,22,36,37,24,19,12,5,2,0,2,
48,45,79,40,37,71,69,68,62,55,45,36,28,19,12,5,2,0,2,
54,98,69,78,41,83,19,94,51,55,45,36,28,19,12,5,2,0,2,
48,98,34,12,29,40,36,52,62,55,45,36,28,19,12,5,2,0,2,
14,87,94,68,84,40,91,76,81,12,45,36,28,19,12,5,2,0,2,
24,75,74,73,71,71,69,68,62,55,45,36,28,19,12,5,2,0,2,
60,94,74,73,71,71,69,68,62,55,45,36,28,19,12,5,2,0,2,
58,98,79,61,49,71,69,68,62,55,45,36,28,19,12,5,2,0,2,
71,72,40,73,71,71,69,68,62,55,45,36,28,19,12,5,2,0,2,
45,98,69,79,105,20,53,91,44,55,45,36,28,19,12,5,2,0,2,
5,62,62,73,71,71,69,68,62,55,45,36,28,19,12,5,2,0,2,
107,44,97,43,34,54,10,48,35,23,45,36,28,19,12,5,2,0,2,
87,23,95,83,40,20,69,68,62,55,45,36,28,19,12,5,2,0,2,
79,80,106,73,71,71,69,68,62,55,45,36,28,19,12,5,2,0,2,
106,75,74,73,71,71,69,68,62,55,45,36,28,19,12,5,2,0,2,
37,20,74,73,71,71,69,68,62,55,45,36,28,19,12,5,2,0,2,
48,106,68,88,71,71,69,68,62,55,45,36,28,19,12,5,2,0,2,
70,23,74,73,71,71,69,68,62,55,45,36,28,19,12,5,2,0,2,
71,3,78,71,49,40,36,68,62,55,45,36,28,19,12,5,2,0,2,
24,75,74,73,71,71,69,68,62,55,45,36,28,19,12,5,2,0,2,
29,75,74,73,71,71,69,68,62,55,45,36,28,19,12,5,2,0,2,
48,70,68,78,34,23,36,97,62,55,45,36,28,19,12,5,2,0,2,
39,75,74,73,71,71,69,68,62,55,45,36,28,19,12,5,2,0,2,
50,53,104,96,66,43,74,30,41,73,45,36,28,19,12,5,2,0,2,
60,62,74,73,71,71,69,68,62,55,45,36,28,19,12,5,2,0,2,
36,75,74,73,71,71,69,68,62,55,45,36,28,19,12,5,2,0,2,
95,98,74,73,71,71,69,68,62,55,45,36,28,19,12,5,2,0,2,
14,47,97,68,77,20,78,50,62,55,45,36,28,19,12,5,2,0,2,
48,46,61,73,71,71,69,68,62,55,45,36,28,19,12,5,2,0,2,
71,75,74,73,71,71,69,68,62,55,45,36,28,19,12,5,2,0,2,
29,75,74,73,71,71,69,68,62,55,45,36,28,19,12,5,2,0,2,
71,79,74,73,71,71,69,68,62,55,45,36,28,19,12,5,2,0,2,
36,75,74,73,71,71,69,68,62,55,45,36,28,19,12,5,2,0,2,
14,41,45,57,96,49,69,68,62,55,45,36,28,19,12,5,2,0,2,
48,73,50,73,71,71,69,68,62,55,45,36,28,19,12,5,2,0,2,
39,75,74,73,71,71,69,68,62,55,45,36,28,19,12,5,2,0,2,
80,28,51,73,71,71,69,68,62,55,45,36,28,19,12,5,2,0,2,
42,28,74,73,71,71,69,68,62,55,45,36,28,19,12,5,2,0,2,
71,3,14,83,33,40,36,67,39,74,45,36,28,19,12,5,2,0,2,
21,75,74,73,71,71,69,68,62,55,45,36,28,19,12,5,2,0,2,
29,75,74,73,71,71,69,68,62,55,45,36,28,19,12,5,2,0,2,
70,21,34,79,71,71,69,68,62,55,45,36,28,19,12,5,2,0,2,
24,75,74,73,71,71,69,68,62,55,45,36,28,19,12,5,2,0,2,
107,97,99,40,87,71,69,68,62,55,45,36,28,19,12,5,2,0,2,
70,15,74,73,71,71,69,68,62,55,45,36,28,19,12,5,2,0,2,
39,93,109,73,71,71,69,68,62,55,45,36,28,19,12,5,2,0,2,
48,69,20,73,71,71,69,68,62,55,45,36,28,19,12,5,2,0,2,
15,114,62,73,71,71,69,68,62,55,45,36,28,19,12,5,2,0,2,
95,106,16,23,59,71,69,68,62,55,45,36,28,19,12,5,2,0,2,
64,75,74,73,71,71,69,68,62,55,45,36,28,19,12,5,2,0,2,
42,28,73,56,71,71,69,68,62,55,45,36,28,19,12,5,2,0,2,
48,3,22,40,37,20,41,68,62,55,45,36,28,19,12,5,2,0,2,
24,38,74,73,71,71,69,68,62,55,45,36,28,19,12,5,2,0,2,
29,101,74,73,71,71,69,68,62,55,45,36,28,19,12,5,2,0,2,
83,98,69,67,77,15,97,48,62,55,45,36,28,19,12,5,2,0,2,
16,41,74,73,71,71,69,68,62,55,45,36,28,19,12,5,2,0,2,
48,69,0,111,29,23,39,55,51,55,45,36,28,19,12,5,2,0,2,
87,98,69,26,40,28,74,36,62,55,45,36,28,19,12,5,2,0,2,
105,70,51,23,44,37,69,68,62,55,45,36,28,19,12,5,2,0,2,
42,75,74,73,71,71,69,68,62,55,45,36,28,19,12,5,2,0,2,
50,47,105,68,76,80,51,42,44,55,45,36,28,19,12,5,2,0,2,
36,75,74,73,71,71,69,68,62,55,45,36,28,19,12,5,2,0,2,
79,35,74,73,71,71,69,68,62,55,45,36,28,19,12,5,2,0,2,
42,31,74,73,71,71,69,68,62,55,45,36,28,19,12,5,2,0,2,
24,0,107,15,40,44,74,36,62,55,45,36,28,19,12,5,2,0,2,
29,75,74,73,71,71,69,68,62,55,45,36,28,19,12,5,2,0,2,
48,70,66,14,34,71,69,68,62,55,45,36,28,19,12,5,2,0,2,
71,36,22,61,71,71,69,68,62,55,45,36,28,19,12,5,2,0,2,
70,41,10,73,71,71,69,68,62,55,45,36,28,19,12,5,2,0,2,
14,69,14,33,49,71,69,68,62,55,45,36,28,19,12,5,2,0,2,
107,98,69,23,34,29,77,29,69,55,45,36,28,19,12,5,2,0,2,
56,53,97,67,76,41,67,73,85,23,31,36,28,19,12,5,2,0,2,
29,75,74,73,71,71,69,68,62,55,45,36,28,19,12,5,2,0,2,
48,113,52,96,65,21,33,40,44,55,45,36,28,19,12,5,2,0,2,
70,45,89,34,71,71,69,68,62,55,45,36,28,19,12,5,2,0,2,
64,75,74,73,71,71,69,68,62,55,45,36,28,19,12,5,2,0,2,
41,35,20,50,71,71,69,68,62,55,45,36,28,19,12,5,2,0,2,
105,75,74,73,71,71,69,68,62,55,45,36,28,19,12,5,2,0,2,
53,75,74,73,71,71,69,68,62,55,45,36,28,19,12,5,2,0,2,
14,53,69,65,65,34,15,68,62,55,45,36,28,19,12,5,2,0,2,
71,16,74,73,71,71,69,68,62,55,45,36,28,19,12,5,2,0,2,
107,13,94,104,29,71,69,68,62,55,45,36,28,19,12,5,2,0,2,
29,75,74,73,71,71,69,68,62,55,45,36,28,19,12,5,2,0,2,
71,23,68,35,104,71,69,68,62,55,45,36,28,19,12,5,2,0,2,
36,41,74,73,71,71,69,68,62,55,45,36,28,19,12,5,2,0,2,
105,35,74,73,71,71,69,68,62,55,45,36,28,19,12,5,2,0,2,
29,75,74,73,71,71,69,68,62,55,45,36,28,19,12,5,2,0,2,
95,47,105,80,50,90,33,16,63,13,45,36,28,19,12,5,2,0,2,
48,114,74,73,71,71,69,68,62,55,45,36,28,19,12,5,2,0,2,
95,3,15,73,71,71,69,68,62,55,45,36,28,19,12,5,2,0,2,
95,106,69,29,71,71,69,68,62,55,45,36,28,19,12,5,2,0,2,
24,0,107,34,107,44,31,68,62,55,45,36,28,19,12,5,2,0,2,
69,16,74,73,71,71,69,68,62,55,45,36,28,19,12,5,2,0,2,
112,75,74,73,71,71,69,68,62,55,45,36,28,19,12,5,2,0,2,
64,75,74,73,71,71,69,68,62,55,45,36,28,19,12,5,2,0,2,
48,106,69,95,65,103,15,20,62,55,45,36,28,19,12,5,2,0,2,
36,23,40,73,71,71,69,68,62,55,45,36,28,19,12,5,2,0,2,
14,35,6,40,71,71,69,68,62,55,45,36,28,19,12,5,2,0,2,
14,93,74,73,71,71,69,68,62,55,45,36,28,19,12,5,2,0,2,
71,69,74,73,71,71,69,68,62,55,45,36,28,19,12,5,2,0,2,
105,36,14,102,71,71,69,68,62,55,45,36,28,19,12,5,2,0,2,
70,23,74,73,71,71,69,68,62,55,45,36,28,19,12,5,2,0,2,
70,21,34,73,71,71,69,68,62,55,45,36,28,19,12,5,2,0,2,
14,95,22,79,34,29,39,68,62,55,45,36,28,19,12,5,2,0,2,
95,69,103,73,71,71,69,68,62,55,45,36,28,19,12,5,2,0,2,
15,40,51,62,71,71,69,68,62,55,45,36,28,19,12,5,2,0,2,
14,31,74,73,71,71,69,68,62,55,45,36,28,19,12,5,2,0,2,
71,114,14,86,29,21,39,29,62,55,45,36,28,19,12,5,2,0,2,
95,98,69,5,34,11,69,68,62,55,45,36,28,19,12,5,2,0,2,
50,95,105,96,66,71,69,68,62,55,45,36,28,19,12,5,2,0,2,
29,75,74,73,71,71,69,68,62,55,45,36,28,19,12,5,2,0,2,
29,63,74,73,71,71,69,68,62,55,45,36,28,19,12,5,2,0,2,
28,75,74,73,71,71,69,68,62,55,45,36,28,19,12,5,2,0,2,
60,75,74,73,71,71,69,68,62,55,45,36,28,19,12,5,2,0,2,
54,79,77,1,71,71,69,68,62,55,45,36,28,19,12,5,2,0,2,
56,98,69,34,21,49,23,44,62,55,45,36,28,19,12,5,2,0,2,
71,35,112,23,37,71,69,68,62,55,45,36,28,19,12,5,2,0,2,
36,75,74,73,71,71,69,68,62,55,45,36,28,19,12,5,2,0,2,
50,53,87,73,71,71,69,68,62,55,45,36,28,19,12,5,2,0,2,
98,9,74,73,71,71,69,68,62,55,45,36,28,19,12,5,2,0,2,
71,52,74,73,71,71,69,68,62,55,45,36,28,19,12,5,2,0,2,
24,41,74,73,71,71,69,68,62,55,45,36,28,19,12,5,2,0,2,
14,95,97,78,86,29,36,91,62,55,45,36,28,19,12,5,2,0,2,
58,70,96,67,41,76,33,51,64,14,39,32,28,19,12,5,2,0,2,
108,75,74,73,71,71,69,68,62,55,45,36,28,19,12,5,2,0,2,
6,75,74,73,71,71,69,68,62,55,45,36,28,19,12,5,2,0,2,
70,75,74,73,71,71,69,68,62,55,45,36,28,19,12,5,2,0,2,
56,106,3,43,77,34,52,96,14,38,37,36,28,19,12,5,2,0,2,
48,53,97,68,65,7,74,34,28,2,16,36,28,19,12,5,2,0,2,
105,69,74,73,71,71,69,68,62,55,45,36,28,19,12,5,2,0,2,
36,52,74,73,71,71,69,68,62,55,45,36,28,19,12,5,2,0,2,
54,75,74,73,71,71,69,68,62,55,45,36,28,19,12,5,2,0,2,
48,113,78,34,17,49,39,32,62,55,45,36,28,19,12,5,2,0,2,
79,15,22,73,71,71,69,68,62,55,45,36,28,19,12,5,2,0,2,
14,87,94,68,65,54,69,68,62,55,45,36,28,19,12,5,2,0,2,
107,13,34,40,79,49,69,68,62,55,45,36,28,19,12,5,2,0,2,
56,53,97,78,103,69,69,68,62,55,45,36,28,19,12,5,2,0,2,
71,28,74,73,71,71,69,68,62,55,45,36,28,19,12,5,2,0,2,
32,66,74,73,71,71,69,68,62,55,45,36,28,19,12,5,2,0,2,
22,78,27,11,99,99,69,68,62,55,45,36,28,19,12,5,2,0,2,
71,114,37,61,71,71,69,68,62,55,45,36,28,19,12,5,2,0,2,
95,83,35,29,37,42,69,68,62,55,45,36,28,19,12,5,2,0,2,
48,114,14,73,71,71,69,68,62,55,45,36,28,19,12,5,2,0,2,
14,42,34,6,31,64,41,94,62,55,45,36,28,19,12,5,2,0,2,
71,52,57,73,71,71,69,68,62,55,45,36,28,19,12,5,2,0,2,
23,75,74,73,71,71,69,68,62,55,45,36,28,19,12,5,2,0,2,
95,106,52,68,75,71,69,68,62,55,45,36,28,19,12,5,2,0,2,
58,53,97,88,69,34,21,68,62,55,45,36,28,19,12,5,2,0,2,
29,75,74,73,71,71,69,68,62,55,45,36,28,19,12,5,2,0,2,
48,75,74,73,71,71,69,68,62,55,45,36,28,19,12,5,2,0,2,
37,24,110,69,71,71,69,68,62,55,45,36,28,19,12,5,2,0,2,
29,75,74,73,71,71,69,68,62,55,45,36,28,19,12,5,2,0,2,
56,49,46,51,93,71,69,68,62,55,45,36,28,19,12,5,2,0,2,
22,35,74,73,71,71,69,68,62,55,45,36,28,19,12,5,2,0,2,
56,98,69,34,49,71,69,68,62,55,45,36,28,19,12,5,2,0,2,
14,47,105,95,35,37,69,68,62,55,45,36,28,19,12,5,2,0,2,
107,13,46,51,66,0,81,7,16,41,45,36,28,19,12,5,2,0,2,
14,14,37,18,71,71,69,68,62,55,45,36,28,19,12,5,2,0,2,
71,23,20,37,71,71,69,68,62,55,45,36,28,19,12,5,2,0,2,
71,7,0,79,34,71,69,68,62,55,45,36,28,19,12,5,2,0,2,
90,109,74,73,71,71,69,68,62,55,45,36,28,19,12,5,2,0,2,
54,98,68,114,71,71,69,68,62,55,45,36,28,19,12,5,2,0,2,
105,98,69,67,84,74,69,68,62,55,45,36,28,19,12,5,2,0,2,
24,75,74,73,71,71,69,68,62,55,45,36,28,19,12,5,2,0,2,
42,75,74,73,71,71,69,68,62,55,45,36,28,19,12,5,2,0,2,
34,23,97,88,29,80,51,68,62,55,45,36,28,19,12,5,2,0,2,
95,106,69,21,105,31,9,42,62,55,45,36,28,19,12,5,2,0,2,
91,75,74,73,71,71,69,68,62,55,45,36,28,19,12,5,2,0,2,
95,97,13,73,71,71,69,68,62,55,45,36,28,19,12,5,2,0,2,
45,70,34,73,71,71,69,68,62,55,45,36,28,19,12,5,2,0,2,
87,29,40,73,71,71,69,68,62,55,45,36,28,19,12,5,2,0,2,
29,75,74,73,71,71,69,68,62,55,45,36,28,19,12,5,2,0,2,
14,35,74,73,71,71,69,68,62,55,45,36,28,19,12,5,2,0,2,
36,28,74,73,71,71,69,68,62,55,45,36,28,19,12,5,2,0,2,
14,41,114,73,71,71,69,68,62,55,45,36,28,19,12,5,2,0,2,
36,84,74,73,71,71,69,68,62,55,45,36,28,19,12,5,2,0,2,
90,23,74,73,71,71,69,68,62,55,45,36,28,19,12,5,2,0,2,
105,70,57,111,29,102,43,56,62,55,45,36,28,19,12,5,2,0,2,
71,46,74,73,71,71,69,68,62,55,45,36,28,19,12,5,2,0,2,
107,98,78,100,77,34,94,42,62,55,45,36,28,19,12,5,2,0,2,
98,7,74,73,71,71,69,68,62,55,45,36,28,19,12,5,2,0,2,
59,38,62,73,71,71,69,68,62,55,45,36,28,19,12,5,2,0,2,
95,75,74,73,71,71,69,68,62,55,45,36,28,19,12,5,2,0,2,
71,35,100,73,71,71,69,68,62,55,45,36,28,19,12,5,2,0,2,
107,13,111,23,65,75,21,73,28,37,45,36,28,19,12,5,2,0,2,
37,80,74,73,71,71,69,68,62,55,45,36,28,19,12,5,2,0,2,
75,75,74,73,71,71,69,68,62,55,45,36,28,19,12,5,2,0,2,
42,75,74,73,71,71,69,68,62,55,45,36,28,19,12,5,2,0,2,
14,69,14,19,71,71,69,68,62,55,45,36,28,19,12,5,2,0,2,
85,62,74,73,71,71,69,68,62,55,45,36,28,19,12,5,2,0,2,
16,78,37,79,109,71,69,68,62,55,45,36,28,19,12,5,2,0,2,
114,16,74,73,71,71,69,68,62,55,45,36,28,19,12,5,2,0,2,
54,28,74,73,71,71,69,68,62,55,45,36,28,19,12,5,2,0,2,
105,70,33,40,71,71,69,68,62,55,45,36,28,19,12,5,2,0,2,
54,98,69,22,37,71,69,68,62,55,45,36,28,19,12,5,2,0,2,
14,70,89,106,77,34,43,10,62,55,45,36,28,19,12,5,2,0,2,
39,75,74,73,71,71,69,68,62,55,45,36,28,19,12,5,2,0,2,
112,28,85,54,71,71,69,68,62,55,45,36,28,19,12,5,2,0,2,
43,84,74,73,71,71,69,68,62,55,45,36,28,19,12,5,2,0,2,
42,75,74,73,71,71,69,68,62,55,45,36,28,19,12,5,2,0,2,
42,38,81,72,42,71,69,68,62,55,45,36,28,19,12,5,2,0,2,
71,23,18,73,71,71,69,68,62,55,45,36,28,19,12,5,2,0,2,
107,35,74,73,71,71,69,68,62,55,45,36,28,19,12,5,2,0,2,
48,106,20,42,60,49,69,68,62,55,45,36,28,19,12,5,2,0,2,
34,53,82,14,21,40,102,68,62,55,45,36,28,19,12,5,2,0,2,
70,46,74,73,71,71,69,68,62,55,45,36,28,19,12,5,2,0,2,
42,31,74,73,71,71,69,68,62,55,45,36,28,19,12,5,2,0,2,
54,98,68,38,49,71,69,68,62,55,45,36,28,19,12,5,2,0,2,
105,67,40,73,71,71,69,68,62,55,45,36,28,19,12,5,2,0,2,
39,75,74,73,71,71,69,68,62,55,45,36,28,19,12,5,2,0,2,
105,41,100,73,71,71,69,68,62,55,45,36,28,19,12,5,2,0,2,
48,23,34,33,27,49,69,68,62,55,45,36,28,19,12,5,2,0,2,
3,10,74,73,71,71,69,68,62,55,45,36,28,19,12,5,2,0,2,
71,35,14,61,71,71,69,68,62,55,45,36,28,19,12,5,2,0,2,
34,53,97,68,86,29,69,68,62,55,45,36,28,19,12,5,2,0,2,
107,70,34,12,71,71,69,68,62,55,45,36,28,19,12,5,2,0,2,
3,75,74,73,71,71,69,68,62,55,45,36,28,19,12,5,2,0,2,
54,98,69,75,54,79,32,94,62,55,45,36,28,19,12,5,2,0,2,
29,75,74,73,71,71,69,68,62,55,45,36,28,19,12,5,2,0,2,
71,15,74,73,71,71,69,68,62,55,45,36,28,19,12,5,2,0,2,
36,111,74,73,71,71,69,68,62,55,45,36,28,19,12,5,2,0,2,
29,75,74,73,71,71,69,68,62,55,45,36,28,19,12,5,2,0,2,
14,69,34,73,71,71,69,68,62,55,45,36,28,19,12,5,2,0,2,
29,75,74,73,71,71,69,68,62,55,45,36,28,19,12,5,2,0,2,
82,75,74,73,71,71,69,68,62,55,45,36,28,19,12,5,2,0,2,
70,75,74,73,71,71,69,68,62,55,45,36,28,19,12,5,2,0,2,
23,50,79,73,71,71,69,68,62,55,45,36,28,19,12,5,2,0,2,
71,69,20,34,8,76,69,68,62,55,45,36,28,19,12,5,2,0,2,
14,17,40,50,71,71,69,68,62,55,45,36,28,19,12,5,2,0,2,
36,15,20,73,71,71,69,68,62,55,45,36,28,19,12,5,2,0,2,
50,106,113,3,86,81,29,45,69,39,45,36,28,19,12,5,2,0,2,
97,41,9,73,71,71,69,68,62,55,45,36,28,19,12,5,2,0,2,
36,52,74,73,71,71,69,68,62,55,45,36,28,19,12,5,2,0,2,
107,70,22,3,71,71,69,68,62,55,45,36,28,19,12,5,2,0,2,
24,75,74,73,71,71,69,68,62,55,45,36,28,19,12,5,2,0,2,
42,75,74,73,71,71,69,68,62,55,45,36,28,19,12,5,2,0,2,
56,109,45,73,71,71,69,68,62,55,45,36,28,19,12,5,2,0,2,
107,47,68,34,71,71,69,68,62,55,45,36,28,19,12,5,2,0,2,
53,75,74,73,71,71,69,68,62,55,45,36,28,19,12,5,2,0,2,
36,74,74,73,71,71,69,68,62,55,45,36,28,19,12,5,2,0,2,
108,75,74,73,71,71,69,68,62,55,45,36,28,19,12,5,2,0,2,
79,90,107,73,71,71,69,68,62,55,45,36,28,19,12,5,2,0,2,
36,114,74,73,71,71,69,68,62,55,45,36,28,19,12,5,2,0,2,
42,38,81,72,71,71,69,68,62,55,45,36,28,19,12,5,2,0,2,
27,58,62,73,71,71,69,68,62,55,45,36,28,19,12,5,2,0,2,
71,97,3,20,46,60,60,56,62,55,45,36,28,19,12,5,2,0,2,
54,7,74,73,71,71,69,68,62,55,45,36,28,19,12,5,2,0,2,
107,23,112,73,71,71,69,68,62,55,45,36,28,19,12,5,2,0,2,
39,82,74,73,71,71,69,68,62,55,45,36,28,19,12,5,2,0,2,
42,75,74,73,71,71,69,68,62,55,45,36,28,19,12,5,2,0,2,
98,70,3,0,41,74,47,40,41,49,45,36,28,19,12,5,2,0,2,
97,69,74,73,71,71,69,68,62,55,45,36,28,19,12,5,2,0,2,
105,41,74,73,71,71,69,68,62,55,45,36,28,19,12,5,2,0,2,
73,16,74,73,71,71,69,68,62,55,45,36,28,19,12,5,2,0,2,
107,75,74,73,71,71,69,68,62,55,45,36,28,19,12,5,2,0,2,
58,69,20,106,19,59,69,68,62,55,45,36,28,19,12,5,2,0,2,
97,14,22,73,71,71,69,68,62,55,45,36,28,19,12,5,2,0,2,
87,70,96,3,34,74,30,25,37,5,29,23,28,19,12,5,2,0,2,
95,53,82,68,107,71,69,68,62,55,45,36,28,19,12,5,2,0,2,
36,41,100,73,71,71,69,68,62,55,45,36,28,19,12,5,2,0,2,
39,75,74,73,71,71,69,68,62,55,45,36,28,19,12,5,2,0,2,
50,47,74,73,71,71,69,68,62,55,45,36,28,19,12,5,2,0,2,
22,73,14,113,71,71,69,68,62,55,45,36,28,19,12,5,2,0,2,
48,106,69,15,71,71,69,68,62,55,45,36,28,19,12,5,2,0,2,
37,75,74,73,71,71,69,68,62,55,45,36,28,19,12,5,2,0,2,
50,53,112,15,71,71,69,68,62,55,45,36,28,19,12,5,2,0,2,
14,49,69,15,71,71,69,68,62,55,45,36,28,19,12,5,2,0,2,
70,28,109,73,71,71,69,68,62,55,45,36,28,19,12,5,2,0,2,
56,85,97,34,107,40,20,68,62,55,45,36,28,19,12,5,2,0,2,
48,114,36,73,71,71,69,68,62,55,45,36,28,19,12,5,2,0,2,
87,98,69,32,75,21,37,29,62,55,45,36,28,19,12,5,2,0,2,
54,98,68,34,23,76,41,68,62,55,45,36,28,19,12,5,2,0,2,
24,70,78,34,54,44,89,17,62,55,45,36,28,19,12,5,2,0,2,
3,114,74,73,71,71,69,68,62,55,45,36,28,19,12,5,2,0,2,
53,75,74,73,71,71,69,68,62,55,45,36,28,19,12,5,2,0,2,
105,40,20,50,23,31,69,68,62,55,45,36,28,19,12,5,2,0,2,
14,98,11,4,59,71,69,68,62,55,45,36,28,19,12,5,2,0,2,
14,98,69,67,40,71,69,68,62,55,45,36,28,19,12,5,2,0,2,
95,20,74,73,71,71,69,68,62,55,45,36,28,19,12,5,2,0,2,
24,75,74,73,71,71,69,68,62,55,45,36,28,19,12,5,2,0,2,
16,75,74,73,71,71,69,68,62,55,45,36,28,19,12,5,2,0,2,
14,35,62,50,71,71,69,68,62,55,45,36,28,19,12,5,2,0,2,
14,7,37,73,71,71,69,68,62,55,45,36,28,19,12,5,2,0,2,
71,35,74,73,71,71,69,68,62,55,45,36,28,19,12,5,2,0,2,
34,70,68,39,97,54,69,68,62,55,45,36,28,19,12,5,2,0,2,
24,75,74,73,71,71,69,68,62,55,45,36,28,19,12,5,2,0,2,
58,75,74,73,71,71,69,68,62,55,45,36,28,19,12,5,2,0,2,
1,38,74,73,71,71,69,68,62,55,45,36,28,19,12,5,2,0,2,
56,95,105,51,23,71,69,68,62,55,45,36,28,19,12,5,2,0,2,
39,58,74,73,71,71,69,68,62,55,45,36,28,19,12,5,2,0,2,
71,45,25,34,71,71,69,68,62,55,45,36,28,19,12,5,2,0,2,
108,58,45,73,71,71,69,68,62,55,45,36,28,19,12,5,2,0,2,
3,69,18,42,71,71,69,68,62,55,45,36,28,19,12,5,2,0,2,
81,98,40,28,71,71,69,68,62,55,45,36,28,19,12,5,2,0,2,
36,21,51,40,71,71,69,68,62,55,45,36,28,19,12,5,2,0,2,
14,55,105,96,55,42,69,68,62,55,45,36,28,19,12,5,2,0,2,
14,36,34,73,71,71,69,68,62,55,45,36,28,19,12,5,2,0,2,
24,43,74,73,71,71,69,68,62,55,45,36,28,19,12,5,2,0,2,
24,46,30,73,71,71,69,68,62,55,45,36,28,19,12,5,2,0,2,
71,23,64,11,71,71,69,68,62,55,45,36,28,19,12,5,2,0,2,
36,75,74,73,71,71,69,68,62,55,45,36,28,19,12,5,2,0,2,
36,41,74,73,71,71,69,68,62,55,45,36,28,19,12,5,2,0,2,
95,113,68,23,40,44,74,36,44,55,45,36,28,19,12,5,2,0,2,
36,15,51,73,71,71,69,68,62,55,45,36,28,19,12,5,2,0,2,
50,83,79,15,40,49,69,68,62,55,45,36,28,19,12,5,2,0,2,
71,90,74,73,71,71,69,68,62,55,45,36,28,19,12,5,2,0,2,
39,75,74,73,71,71,69,68,62,55,45,36,28,19,12,5,2,0,2,
24,75,74,73,71,71,69,68,62,55,45,36,28,19,12,5,2,0,2,
38,66,74,73,71,71,69,68,62,55,45,36,28,19,12,5,2,0,2,
111,69,78,73,71,71,69,68,62,55,45,36,28,19,12,5,2,0,2,
3,41,74,73,71,71,69,68,62,55,45,36,28,19,12,5,2,0,2,
45,83,104,90,71,71,69,68,62,55,45,36,28,19,12,5,2,0,2,
50,47,41,29,40,37,41,68,62,55,45,36,28,19,12,5,2,0,2,
20,20,74,73,71,71,69,68,62,55,45,36,28,19,12,5,2,0,2,
71,114,28,40,37,71,69,68,62,55,45,36,28,19,12,5,2,0,2,
30,46,73,73,71,71,69,68,62,55,45,36,28,19,12,5,2,0,2,
71,75,74,73,71,71,69,68,62,55,45,36,28,19,12,5,2,0,2,
71,3,51,23,71,71,69,68,62,55,45,36,28,19,12,5,2,0,2,
98,35,74,73,71,71,69,68,62,55,45,36,28,19,12,5,2,0,2,
80,75,74,73,71,71,69,68,62,55,45,36,28,19,12,5,2,0,2,
29,75,74,73,71,71,69,68,62,55,45,36,28,19,12,5,2,0,2,
14,20,42,73,71,71,69,68,62,55,45,36,28,19,12,5,2,0,2,
45,53,78,58,71,71,69,68,62,55,45,36,28,19,12,5,2,0,2,
71,75,74,73,71,71,69,68,62,55,45,36,28,19,12,5,2,0,2,
98,67,107,71,15,71,69,68,62,55,45,36,28,19,12,5,2,0,2,
14,90,34,40,70,71,69,68,62,55,45,36,28,19,12,5,2,0,2,
39,75,74,73,71,71,69,68,62,55,45,36,28,19,12,5,2,0,2,
21,43,74,73,71,71,69,68,62,55,45,36,28,19,12,5,2,0,2,
112,75,74,73,71,71,69,68,62,55,45,36,28,19,12,5,2,0,2,
79,29,30,73,71,71,69,68,62,55,45,36,28,19,12,5,2,0,2,
48,79,76,73,71,71,69,68,62,55,45,36,28,19,12,5,2,0,2,
95,106,74,73,71,71,69,68,62,55,45,36,28,19,12,5,2,0,2,
105,41,91,73,71,71,69,68,62,55,45,36,28,19,12,5,2,0,2,
11,37,74,73,71,71,69,68,62,55,45,36,28,19,12,5,2,0,2,
48,98,69,111,29,24,98,12,62,55,45,36,28,19,12,5,2,0,2,
107,95,105,65,35,100,99,18,44,55,45,36,28,19,12,5,2,0,2,
14,35,20,23,40,44,20,5,62,55,45,36,28,19,12,5,2,0,2,
107,13,96,43,40,28,69,68,62,55,45,36,28,19,12,5,2,0,2,
97,52,37,73,71,71,69,68,62,55,45,36,28,19,12,5,2,0,2,
56,95,68,111,19,23,74,42,62,55,45,36,28,19,12,5,2,0,2,
98,70,99,56,15,40,43,36,62,55,45,36,28,19,12,5,2,0,2,
71,75,74,73,71,71,69,68,62,55,45,36,28,19,12,5,2,0,2,
80,75,74,73,71,71,69,68,62,55,45,36,28,19,12,5,2,0,2,
105,79,74,73,71,71,69,68,62,55,45,36,28,19,12,5,2,0,2,
98,70,6,113,85,71,69,68,62,55,45,36,28,19,12,5,2,0,2,
14,98,3,67,39,41,26,24,41,37,45,36,28,19,12,5,2,0,2,
60,75,74,73,71,71,69,68,62,55,45,36,28,19,12,5,2,0,2,
30,62,74,73,71,71,69,68,62,55,45,36,28,19,12,5,2,0,2,
71,35,11,73,71,71,69,68,62,55,45,36,28,19,12,5,2,0,2,
107,13,97,56,17,11,47,68,62,55,45,36,28,19,12,5,2,0,2,
71,75,74,73,71,71,69,68,62,55,45,36,28,19,12,5,2,0,2,
71,7,0,73,71,71,69,68,62,55,45,36,28,19,12,5,2,0,2,
112,41,27,42,49,71,69,68,62,55,45,36,28,19,12,5,2,0,2,
78,41,19,28,55,58,94,48,62,55,45,36,28,19,12,5,2,0,2,
93,75,74,73,71,71,69,68,62,55,45,36,28,19,12,5,2,0,2,
36,55,74,73,71,71,69,68,62,55,45,36,28,19,12,5,2,0,2,
24,75,74,73,71,71,69,68,62,55,45,36,28,19,12,5,2,0,2,
95,53,28,19,49,71,69,68,62,55,45,36,28,19,12,5,2,0,2,
71,3,66,67,15,29,23,40,62,55,45,36,28,19,12,5,2,0,2,
107,57,52,68,23,65,33,9,47,55,45,36,28,19,12,5,2,0,2,
42,75,74,73,71,71,69,68,62,55,45,36,28,19,12,5,2,0,2,
56,98,74,73,71,71,69,68,62,55,45,36,28,19,12,5,2,0,2,
14,36,0,34,40,49,69,68,62,55,45,36,28,19,12,5,2,0,2,
14,55,3,34,68,40,28,68,62,55,45,36,28,19,12,5,2,0,2,
80,75,74,73,71,71,69,68,62,55,45,36,28,19,12,5,2,0,2,
29,75,74,73,71,71,69,68,62,55,45,36,28,19,12,5,2,0,2,
39,63,74,73,71,71,69,68,62,55,45,36,28,19,12,5,2,0,2,
34,53,97,43,15,21,78,68,62,55,45,36,28,19,12,5,2,0,2,
16,31,74,73,71,71,69,68,62,55,45,36,28,19,12,5,2,0,2,
58,87,97,34,21,20,94,56,62,55,45,36,28,19,12,5,2,0,2,
29,63,74,73,71,71,69,68,62,55,45,36,28,19,12,5,2,0,2,
64,75,74,73,71,71,69,68,62,55,45,36,28,19,12,5,2,0,2,
14,35,74,73,71,71,69,68,62,55,45,36,28,19,12,5,2,0,2,
95,106,52,14,49,99,69,68,62,55,45,36,28,19,12,5,2,0,2,
29,75,74,73,71,71,69,68,62,55,45,36,28,19,12,5,2,0,2,
36,114,74,73,71,71,69,68,62,55,45,36,28,19,12,5,2,0,2,
29,75,74,73,71,71,69,68,62,55,45,36,28,19,12,5,2,0,2,
107,70,34,61,71,71,69,68,62,55,45,36,28,19,12,5,2,0,2,
107,13,54,45,107,23,69,68,62,55,45,36,28,19,12,5,2,0,2,
42,38,74,73,71,71,69,68,62,55,45,36,28,19,12,5,2,0,2,
56,23,52,82,66,40,69,68,62,55,45,36,28,19,12,5,2,0,2,
21,75,74,73,71,71,69,68,62,55,45,36,28,19,12,5,2,0,2,
14,98,74,73,71,71,69,68,62,55,45,36,28,19,12,5,2,0,2,
112,88,77,29,40,59,69,68,62,55,45,36,28,19,12,5,2,0,2,
43,88,40,11,71,71,69,68,62,55,45,36,28,19,12,5,2,0,2,
3,69,74,73,71,71,69,68,62,55,45,36,28,19,12,5,2,0,2,
53,75,74,73,71,71,69,68,62,55,45,36,28,19,12,5,2,0,2,
98,40,40,73,71,71,69,68,62,55,45,36,28,19,12,5,2,0,2,
107,13,69,65,65,0,40,34,14,11,38,36,28,19,12,5,2,0,2,
50,70,87,44,71,71,69,68,62,55,45,36,28,19,12,5,2,0,2,
70,35,74,73,71,71,69,68,62,55,45,36,28,19,12,5,2,0,2,
58,95,52,67,76,103,41,56,62,55,45,36,28,19,12,5,2,0,2,
45,0,74,73,71,71,69,68,62,55,45,36,28,19,12,5,2,0,2,
107,47,97,34,23,40,43,52,11,55,45,36,28,19,12,5,2,0,2,
87,98,16,73,71,71,69,68,62,55,45,36,28,19,12,5,2,0,2,
21,75,74,73,71,71,69,68,62,55,45,36,28,19,12,5,2,0,2,
113,15,74,73,71,71,69,68,62,55,45,36,28,19,12,5,2,0,2,
38,75,74,73,71,71,69,68,62,55,45,36,28,19,12,5,2,0,2,
20,20,88,73,71,71,69,68,62,55,45,36,28,19,12,5,2,0,2,
85,108,80,82,93,66,61,62,65,31,53,20,16,19,12,5,2,0,2,
50,57,105,51,66,81,57,68,62,55,45,36,28,19,12,5,2,0,2,
50,47,68,88,34,29,30,68,62,55,45,36,28,19,12,5,2,0,2,
54,105,97,73,71,71,69,68,62,55,45,36,28,19,12,5,2,0,2,
48,35,19,73,71,71,69,68,62,55,45,36,28,19,12,5,2,0,2,
50,70,34,84,99,42,69,68,62,55,45,36,28,19,12,5,2,0,2,
39,75,74,73,71,71,69,68,62,55,45,36,28,19,12,5,2,0,2,
71,58,74,73,71,71,69,68,62,55,45,36,28,19,12,5,2,0,2,
68,75,74,73,71,71,69,68,62,55,45,36,28,19,12,5,2,0,2,
14,55,34,111,52,40,28,48,62,55,45,36,28,19,12,5,2,0,2,
71,23,20,73,71,71,69,68,62,55,45,36,28,19,12,5,2,0,2,
71,23,40,99,71,71,69,68,62,55,45,36,28,19,12,5,2,0,2,
21,75,74,73,71,71,69,68,62,55,45,36,28,19,12,5,2,0,2,
11,75,74,73,71,71,69,68,62,55,45,36,28,19,12,5,2,0,2,
87,79,20,34,84,33,89,68,62,55,45,36,28,19,12,5,2,0,2,
21,75,74,73,71,71,69,68,62,55,45,36,28,19,12,5,2,0,2,
29,75,74,73,71,71,69,68,62,55,45,36,28,19,12,5,2,0,2,
107,23,86,96,3,14,72,46,9,55,45,36,28,19,12,5,2,0,2,
54,27,22,73,71,71,69,68,62,55,45,36,28,19,12,5,2,0,2,
74,92,74,73,71,71,69,68,62,55,45,36,28,19,12,5,2,0,2,
46,41,37,81,70,42,69,68,62,55,45,36,28,19,12,5,2,0,2,
48,68,74,73,71,71,69,68,62,55,45,36,28,19,12,5,2,0,2,
45,95,46,104,43,54,47,68,62,55,45,36,28,19,12,5,2,0,2,
14,87,105,51,66,76,69,68,62,55,45,36,28,19,12,5,2,0,2,
98,75,74,73,71,71,69,68,62,55,45,36,28,19,12,5,2,0,2,
53,75,74,73,71,71,69,68,62,55,45,36,28,19,12,5,2,0,2,
105,98,66,41,34,64,41,68,62,55,45,36,28,19,12,5,2,0,2,
71,23,40,79,71,71,69,68,62,55,45,36,28,19,12,5,2,0,2,
42,10,74,73,71,71,69,68,62,55,45,36,28,19,12,5,2,0,2,
71,75,74,73,71,71,69,68,62,55,45,36,28,19,12,5,2,0,2,
37,16,74,73,71,71,69,68,62,55,45,36,28,19,12,5,2,0,2,
103,16,74,73,71,71,69,68,62,55,45,36,28,19,12,5,2,0,2,
50,98,69,34,51,44,9,36,62,55,45,36,28,19,12,5,2,0,2,
60,75,74,73,71,71,69,68,62,55,45,36,28,19,12,5,2,0,2,
105,28,51,73,71,71,69,68,62,55,45,36,28,19,12,5,2,0,2,
3,26,34,111,40,28,57,68,62,55,45,36,28,19,12,5,2,0,2,
21,75,74,73,71,71,69,68,62,55,45,36,28,19,12,5,2,0,2,
73,28,74,73,71,71,69,68,62,55,45,36,28,19,12,5,2,0,2,
16,23,114,73,71,71,69,68,62,55,45,36,28,19,12,5,2,0,2,
29,75,74,73,71,71,69,68,62,55,45,36,28,19,12,5,2,0,2,
14,55,22,73,71,71,69,68,62,55,45,36,28,19,12,5,2,0,2,
36,17,74,73,71,71,69,68,62,55,45,36,28,19,12,5,2,0,2,
28,28,74,73,71,71,69,68,62,55,45,36,28,19,12,5,2,0,2,
24,53,69,34,84,59,69,68,62,55,45,36,28,19,12,5,2,0,2,
42,75,74,73,71,71,69,68,62,55,45,36,28,19,12,5,2,0,2,
73,31,74,73,71,71,69,68,62,55,45,36,28,19,12,5,2,0,2,
71,21,22,37,71,71,69,68,62,55,45,36,28,19,12,5,2,0,2,
34,47,97,73,71,71,69,68,62,55,45,36,28,19,12,5,2,0,2,
14,70,74,73,71,71,69,68,62,55,45,36,28,19,12,5,2,0,2,
85,57,105,51,23,49,69,68,62,55,45,36,28,19,12,5,2,0,2,
29,58,74,73,71,71,69,68,62,55,45,36,28,19,12,5,2,0,2,
45,45,34,56,44,28,31,12,66,27,45,36,28,19,12,5,2,0,2,
42,75,74,73,71,71,69,68,62,55,45,36,28,19,12,5,2,0,2,
16,54,51,23,20,71,69,68,62,55,45,36,28,19,12,5,2,0,2,
48,106,80,52,23,40,91,68,62,55,45,36,28,19,12,5,2,0,2,
95,47,68,14,15,71,69,68,62,55,45,36,28,19,12,5,2,0,2,
105,75,74,73,71,71,69,68,62,55,45,36,28,19,12,5,2,0,2,
70,75,74,73,71,71,69,68,62,55,45,36,28,19,12,5,2,0,2,
54,70,41,100,71,71,69,68,62,55,45,36,28,19,12,5,2,0,2,
11,116,74,73,71,71,69,68,62,55,45,36,28,19,12,5,2,0,2,
14,70,68,78,15,44,56,68,62,55,45,36,28,19,12,5,2,0,2,
42,75,74,73,71,71,69,68,62,55,45,36,28,19,12,5,2,0,2,
42,37,74,73,71,71,69,68,62,55,45,36,28,19,12,5,2,0,2,
71,75,74,73,71,71,69,68,62,55,45,36,28,19,12,5,2,0,2,
14,47,52,82,93,66,52,89,62,55,45,36,28,19,12,5,2,0,2,
14,55,68,73,71,71,69,68,62,55,45,36,28,19,12,5,2,0,2,
71,29,40,73,71,71,69,68,62,55,45,36,28,19,12,5,2,0,2,
50,95,97,3,65,71,69,68,62,55,45,36,28,19,12,5,2,0,2,
71,80,34,44,71,71,69,68,62,55,45,36,28,19,12,5,2,0,2,
71,114,74,73,71,71,69,68,62,55,45,36,28,19,12,5,2,0,2,
36,15,6,40,9,71,69,68,62,55,45,36,28,19,12,5,2,0,2,
71,38,74,73,71,71,69,68,62,55,45,36,28,19,12,5,2,0,2,
64,75,74,73,71,71,69,68,62,55,45,36,28,19,12,5,2,0,2,
45,47,97,68,65,25,33,54,28,73,31,36,28,19,12,5,2,0,2,
14,23,41,79,71,71,69,68,62,55,45,36,28,19,12,5,2,0,2,
39,75,74,73,71,71,69,68,62,55,45,36,28,19,12,5,2,0,2,
50,47,69,79,71,71,69,68,62,55,45,36,28,19,12,5,2,0,2,
114,75,74,73,71,71,69,68,62,55,45,36,28,19,12,5,2,0,2,
107,47,52,68,21,6,89,68,62,55,45,36,28,19,12,5,2,0,2,
39,75,74,73,71,71,69,68,62,55,45,36,28,19,12,5,2,0,2,
21,75,74,73,71,71,69,68,62,55,45,36,28,19,12,5,2,0,2,
50,41,45,37,79,71,69,68,62,55,45,36,28,19,12,5,2,0,2,
71,109,22,73,71,71,69,68,62,55,45,36,28,19,12,5,2,0,2,
80,75,74,73,71,71,69,68,62,55,45,36,28,19,12,5,2,0,2,
54,105,97,21,86,73,32,48,62,55,45,36,28,19,12,5,2,0,2,
11,75,74,73,71,71,69,68,62,55,45,36,28,19,12,5,2,0,2,
95,53,89,99,71,71,69,68,62,55,45,36,28,19,12,5,2,0,2,
50,53,74,73,71,71,69,68,62,55,45,36,28,19,12,5,2,0,2,
91,52,74,73,71,71,69,68,62,55,45,36,28,19,12,5,2,0,2,
36,75,74,73,71,71,69,68,62,55,45,36,28,19,12,5,2,0,2,
36,41,74,73,71,71,69,68,62,55,45,36,28,19,12,5,2,0,2,
24,74,74,73,71,71,69,68,62,55,45,36,28,19,12,5,2,0,2,
50,70,51,73,71,71,69,68,62,55,45,36,28,19,12,5,2,0,2,
37,35,40,66,71,71,69,68,62,55,45,36,28,19,12,5,2,0,2,
42,75,74,73,71,71,69,68,62,55,45,36,28,19,12,5,2,0,2,
14,70,74,73,71,71,69,68,62,55,45,36,28,19,12,5,2,0,2,
107,55,66,79,107,21,17,68,62,55,45,36,28,19,12,5,2,0,2,
71,63,74,73,71,71,69,68,62,55,45,36,28,19,12,5,2,0,2,
39,75,74,73,71,71,69,68,62,55,45,36,28,19,12,5,2,0,2,
80,75,74,73,71,71,69,68,62,55,45,36,28,19,12,5,2,0,2,
56,97,78,8,71,71,69,68,62,55,45,36,28,19,12,5,2,0,2,
105,41,27,73,71,71,69,68,62,55,45,36,28,19,12,5,2,0,2,
71,75,74,73,71,71,69,68,62,55,45,36,28,19,12,5,2,0,2,
39,82,74,73,71,71,69,68,62,55,45,36,28,19,12,5,2,0,2,
98,79,34,11,99,59,69,68,62,55,45,36,28,19,12,5,2,0,2,
42,101,74,73,71,71,69,68,62,55,45,36,28,19,12,5,2,0,2,
15,75,74,73,71,71,69,68,62,55,45,36,28,19,12,5,2,0,2,
105,79,41,23,44,54,69,68,62,55,45,36,28,19,12,5,2,0,2,
95,98,69,23,75,80,69,68,62,55,45,36,28,19,12,5,2,0,2,
56,35,57,52,57,52,69,68,62,55,45,36,28,19,12,5,2,0,2,
24,62,74,73,71,71,69,68,62,55,45,36,28,19,12,5,2,0,2,
96,38,103,73,71,71,69,68,62,55,45,36,28,19,12,5,2,0,2,
98,35,74,73,71,71,69,68,62,55,45,36,28,19,12,5,2,0,2,
14,80,74,73,71,71,69,68,62,55,45,36,28,19,12,5,2,0,2,
113,75,74,73,71,71,69,68,62,55,45,36,28,19,12,5,2,0,2,
70,75,74,73,71,71,69,68,62,55,45,36,28,19,12,5,2,0,2,
50,98,13,73,71,71,69,68,62,55,45,36,28,19,12,5,2,0,2,
74,35,79,73,71,71,69,68,62,55,45,36,28,19,12,5,2,0,2,
58,75,74,73,71,71,69,68,62,55,45,36,28,19,12,5,2,0,2,
39,75,74,73,71,71,69,68,62,55,45,36,28,19,12,5,2,0,2,
42,75,74,73,71,71,69,68,62,55,45,36,28,19,12,5,2,0,2,
36,58,74,73,71,71,69,68,62,55,45,36,28,19,12,5,2,0,2,
105,23,74,73,71,71,69,68,62,55,45,36,28,19,12,5,2,0,2,
48,69,11,37,71,71,69,68,62,55,45,36,28,19,12,5,2,0,2,
17,75,74,73,71,71,69,68,62,55,45,36,28,19,12,5,2,0,2,
39,75,74,73,71,71,69,68,62,55,45,36,28,19,12,5,2,0,2,
71,46,100,50,71,71,69,68,62,55,45,36,28,19,12,5,2,0,2,
24,47,79,20,71,71,69,68,62,55,45,36,28,19,12,5,2,0,2,
29,75,74,73,71,71,69,68,62,55,45,36,28,19,12,5,2,0,2,
83,70,74,73,71,71,69,68,62,55,45,36,28,19,12,5,2,0,2,
98,3,57,27,71,71,69,68,62,55,45,36,28,19,12,5,2,0,2,
107,47,97,68,23,100,43,68,62,55,45,36,28,19,12,5,2,0,2,
98,70,74,73,71,71,69,68,62,55,45,36,28,19,12,5,2,0,2,
21,75,74,73,71,71,69,68,62,55,45,36,28,19,12,5,2,0,2,
98,21,74,73,71,71,69,68,62,55,45,36,28,19,12,5,2,0,2,
29,75,74,73,71,71,69,68,62,55,45,36,28,19,12,5,2,0,2,
48,98,69,5,107,33,39,21,35,68,45,36,28,19,12,5,2,0,2,
47,31,62,73,71,71,69,68,62,55,45,36,28,19,12,5,2,0,2,
111,35,14,44,28,71,69,68,62,55,45,36,28,19,12,5,2,0,2,
98,114,14,23,28,71,69,68,62,55,45,36,28,19,12,5,2,0,2,
98,75,74,73,71,71,69,68,62,55,45,36,28,19,12,5,2,0,2,
56,69,20,111,52,33,69,68,62,55,45,36,28,19,12,5,2,0,2,
98,70,3,99,71,71,69,68,62,55,45,36,28,19,12,5,2,0,2,
45,75,74,73,71,71,69,68,62,55,45,36,28,19,12,5,2,0,2,
80,116,74,73,71,71,69,68,62,55,45,36,28,19,12,5,2,0,2,
107,70,57,111,71,71,69,68,62,55,45,36,28,19,12,5,2,0,2,
46,58,20,19,40,44,56,48,62,55,45,36,28,19,12,5,2,0,2,
36,75,74,73,71,71,69,68,62,55,45,36,28,19,12,5,2,0,2,
101,75,74,73,71,71,69,68,62,55,45,36,28,19,12,5,2,0,2,
54,105,74,73,71,71,69,68,62,55,45,36,28,19,12,5,2,0,2,
48,3,68,40,58,71,69,68,62,55,45,36,28,19,12,5,2,0,2,
86,75,74,73,71,71,69,68,62,55,45,36,28,19,12,5,2,0,2,
48,106,44,34,20,44,56,68,62,55,45,36,28,19,12,5,2,0,2,
14,69,18,73,71,71,69,68,62,55,45,36,28,19,12,5,2,0,2,
42,93,74,73,71,71,69,68,62,55,45,36,28,19,12,5,2,0,2,
55,75,74,73,71,71,69,68,62,55,45,36,28,19,12,5,2,0,2,
107,98,34,56,40,20,74,76,62,55,45,36,28,19,12,5,2,0,2,
14,109,51,73,71,71,69,68,62,55,45,36,28,19,12,5,2,0,2,
95,47,105,99,71,71,69,68,62,55,45,36,28,19,12,5,2,0,2,
71,69,14,109,40,71,69,68,62,55,45,36,28,19,12,5,2,0,2,
21,28,74,73,71,71,69,68,62,55,45,36,28,19,12,5,2,0,2,
48,70,62,50,71,71,69,68,62,55,45,36,28,19,12,5,2,0,2,
58,98,37,72,49,71,69,68,62,55,45,36,28,19,12,5,2,0,2,
98,75,74,73,71,71,69,68,62,55,45,36,28,19,12,5,2,0,2,
107,47,105,3,35,76,55,30,68,58,45,36,28,19,12,5,2,0,2,
14,106,96,40,28,9,47,68,62,55,45,36,28,19,12,5,2,0,2,
71,69,25,23,40,71,69,68,62,55,45,36,28,19,12,5,2,0,2,
14,44,105,82,93,41,52,24,44,55,45,36,28,19,12,5,2,0,2,
39,75,74,73,71,71,69,68,62,55,45,36,28,19,12,5,2,0,2,
20,75,74,73,71,71,69,68,62,55,45,36,28,19,12,5,2,0,2,
49,75,74,73,71,71,69,68,62,55,45,36,28,19,12,5,2,0,2,
98,54,74,73,71,71,69,68,62,55,45,36,28,19,12,5,2,0,2,
56,98,58,73,71,71,69,68,62,55,45,36,28,19,12,5,2,0,2,
14,47,22,106,84,44,69,68,62,55,45,36,28,19,12,5,2,0,2,
71,114,74,73,71,71,69,68,62,55,45,36,28,19,12,5,2,0,2,
48,70,79,72,62,71,69,68,62,55,45,36,28,19,12,5,2,0,2,
14,14,112,77,28,49,69,68,62,55,45,36,28,19,12,5,2,0,2,
36,15,74,73,71,71,69,68,62,55,45,36,28,19,12,5,2,0,2,
74,54,74,73,71,71,69,68,62,55,45,36,28,19,12,5,2,0,2,
34,70,34,40,71,71,69,68,62,55,45,36,28,19,12,5,2,0,2,
107,87,46,96,66,65,73,34,17,45,45,36,28,19,12,5,2,0,2,
101,68,74,73,71,71,69,68,62,55,45,36,28,19,12,5,2,0,2,
42,59,9,60,71,71,69,68,62,55,45,36,28,19,12,5,2,0,2,
24,3,68,34,29,93,69,68,62,55,45,36,28,19,12,5,2,0,2,
24,47,105,96,71,71,69,68,62,55,45,36,28,19,12,5,2,0,2,
14,35,22,40,59,49,69,68,62,55,45,36,28,19,12,5,2,0,2,
42,75,74,73,71,71,69,68,62,55,45,36,28,19,12,5,2,0,2,
20,75,74,73,71,71,69,68,62,55,45,36,28,19,12,5,2,0,2,
105,67,13,71,34,4,57,68,62,55,45,36,28,19,12,5,2,0,2,
7,73,74,73,71,71,69,68,62,55,45,36,28,19,12,5,2,0,2,
71,58,62,73,71,71,69,68,62,55,45,36,28,19,12,5,2,0,2,
42,75,74,73,71,71,69,68,62,55,45,36,28,19,12,5,2,0,2,
24,58,74,73,71,71,69,68,62,55,45,36,28,19,12,5,2,0,2,
98,97,14,86,99,106,69,68,62,55,45,36,28,19,12,5,2,0,2,
16,72,74,73,71,71,69,68,62,55,45,36,28,19,12,5,2,0,2,
74,38,109,50,71,71,69,68,62,55,45,36,28,19,12,5,2,0,2,
14,75,74,73,71,71,69,68,62,55,45,36,28,19,12,5,2,0,2,
95,69,78,50,71,71,69,68,62,55,45,36,28,19,12,5,2,0,2,
80,75,74,73,71,71,69,68,62,55,45,36,28,19,12,5,2,0,2,
37,75,74,73,71,71,69,68,62,55,45,36,28,19,12,5,2,0,2,
24,75,74,73,71,71,69,68,62,55,45,36,28,19,12,5,2,0,2,
14,98,3,73,71,71,69,68,62,55,45,36,28,19,12,5,2,0,2,
79,75,74,73,71,71,69,68,62,55,45,36,28,19,12,5,2,0,2,
54,98,69,34,21,19,39,76,62,55,45,36,28,19,12,5,2,0,2,
74,41,74,73,71,71,69,68,62,55,45,36,28,19,12,5,2,0,2,
56,106,69,95,65,100,15,11,41,28,35,12,23,19,12,5,2,0,2,
107,44,46,104,78,90,64,62,0,75,46,49,28,19,12,5,2,0,2,
48,3,68,0,21,34,99,46,41,55,45,36,28,19,12,5,2,0,2,
24,53,97,68,86,76,99,46,62,55,45,36,28,19,12,5,2,0,2,
54,98,57,38,71,71,69,68,62,55,45,36,28,19,12,5,2,0,2,
98,46,58,42,71,71,69,68,62,55,45,36,28,19,12,5,2,0,2,
53,103,74,73,71,71,69,68,62,55,45,36,28,19,12,5,2,0,2,
42,75,74,73,71,71,69,68,62,55,45,36,28,19,12,5,2,0,2,
24,49,28,37,71,71,69,68,62,55,45,36,28,19,12,5,2,0,2,
74,75,74,73,71,71,69,68,62,55,45,36,28,19,12,5,2,0,2,
87,21,112,73,71,71,69,68,62,55,45,36,28,19,12,5,2,0,2,
50,35,74,73,71,71,69,68,62,55,45,36,28,19,12,5,2,0,2,
74,75,74,73,71,71,69,68,62,55,45,36,28,19,12,5,2,0,2,
98,52,40,92,71,71,69,68,62,55,45,36,28,19,12,5,2,0,2,
39,75,74,73,71,71,69,68,62,55,45,36,28,19,12,5,2,0,2,
21,111,74,73,71,71,69,68,62,55,45,36,28,19,12,5,2,0,2,
58,47,69,29,40,99,69,68,62,55,45,36,28,19,12,5,2,0,2,
71,55,45,73,71,71,69,68,62,55,45,36,28,19,12,5,2,0,2,
24,69,78,73,71,71,69,68,62,55,45,36,28,19,12,5,2,0,2,
3,116,74,73,71,71,69,68,62,55,45,36,28,19,12,5,2,0,2,
16,29,51,73,71,71,69,68,62,55,45,36,28,19,12,5,2,0,2,
14,70,68,73,71,71,69,68,62,55,45,36,28,19,12,5,2,0,2,
83,109,74,73,71,71,69,68,62,55,45,36,28,19,12,5,2,0,2,
48,98,13,79,67,71,69,68,62,55,45,36,28,19,12,5,2,0,2,
74,75,74,73,71,71,69,68,62,55,45,36,28,19,12,5,2,0,2,
42,75,74,73,71,71,69,68,62,55,45,36,28,19,12,5,2,0,2,
16,41,74,73,71,71,69,68,62,55,45,36,28,19,12,5,2,0,2,
56,98,69,41,44,31,69,68,62,55,45,36,28,19,12,5,2,0,2,
71,42,34,23,71,71,69,68,62,55,45,36,28,19,12,5,2,0,2,
96,75,74,73,71,71,69,68,62,55,45,36,28,19,12,5,2,0,2,
93,75,74,73,71,71,69,68,62,55,45,36,28,19,12,5,2,0,2,
105,70,74,73,71,71,69,68,62,55,45,36,28,19,12,5,2,0,2,
29,75,74,73,71,71,69,68,62,55,45,36,28,19,12,5,2,0,2,
84,41,74,73,71,71,69,68,62,55,45,36,28,19,12,5,2,0,2,
50,69,74,73,71,71,69,68,62,55,45,36,28,19,12,5,2,0,2,
68,75,74,73,71,71,69,68,62,55,45,36,28,19,12,5,2,0,2,
78,75,74,73,71,71,69,68,62,55,45,36,28,19,12,5,2,0,2,
56,49,22,111,109,18,69,68,62,55,45,36,28,19,12,5,2,0,2,
48,106,69,21,86,69,23,48,62,55,45,36,28,19,12,5,2,0,2,
42,28,74,73,71,71,69,68,62,55,45,36,28,19,12,5,2,0,2,
42,75,74,73,71,71,69,68,62,55,45,36,28,19,12,5,2,0,2,
56,70,68,73,71,71,69,68,62,55,45,36,28,19,12,5,2,0,2,
107,47,97,3,14,21,99,16,81,55,45,36,28,19,12,5,2,0,2,
79,90,57,73,71,71,69,68,62,55,45,36,28,19,12,5,2,0,2,
48,53,97,68,69,81,45,40,48,55,45,36,28,19,12,5,2,0,2,
14,63,74,73,71,71,69,68,62,55,45,36,28,19,12,5,2,0,2,
48,79,103,73,71,71,69,68,62,55,45,36,28,19,12,5,2,0,2,
50,45,27,73,71,71,69,68,62,55,45,36,28,19,12,5,2,0,2,
39,117,74,73,71,71,69,68,62,55,45,36,28,19,12,5,2,0,2,
71,19,1,50,40,20,74,68,62,55,45,36,28,19,12,5,2,0,2,
90,75,74,73,71,71,69,68,62,55,45,36,28,19,12,5,2,0,2,
71,45,40,9,77,36,47,68,62,55,45,36,28,19,12,5,2,0,2,
14,47,52,96,41,44,31,12,62,55,45,36,28,19,12,5,2,0,2,
50,98,69,88,107,8,45,81,66,68,45,36,28,19,12,5,2,0,2,
58,70,96,56,42,71,69,68,62,55,45,36,28,19,12,5,2,0,2,
58,116,74,73,71,71,69,68,62,55,45,36,28,19,12,5,2,0,2,
112,75,74,73,71,71,69,68,62,55,45,36,28,19,12,5,2,0,2,
39,75,74,73,71,71,69,68,62,55,45,36,28,19,12,5,2,0,2,
14,47,68,106,19,23,39,37,11,55,45,36,28,19,12,5,2,0,2,
105,98,69,23,76,0,15,91,39,55,45,36,28,19,12,5,2,0,2,
107,35,74,73,71,71,69,68,62,55,45,36,28,19,12,5,2,0,2,
15,6,74,73,71,71,69,68,62,55,45,36,28,19,12,5,2,0,2,
71,114,74,73,71,71,69,68,62,55,45,36,28,19,12,5,2,0,2,
68,114,74,73,71,71,69,68,62,55,45,36,28,19,12,5,2,0,2,
71,75,74,73,71,71,69,68,62,55,45,36,28,19,12,5,2,0,2,
104,70,96,19,40,71,69,68,62,55,45,36,28,19,12,5,2,0,2,
97,21,28,40,71,71,69,68,62,55,45,36,28,19,12,5,2,0,2,
50,57,97,68,65,29,43,68,62,55,45,36,28,19,12,5,2,0,2,
87,75,74,73,71,71,69,68,62,55,45,36,28,19,12,5,2,0,2,
87,83,72,20,49,71,69,68,62,55,45,36,28,19,12,5,2,0,2,
54,83,3,5,107,12,32,24,41,28,56,36,28,19,12,5,2,0,2,
24,26,72,34,40,31,74,45,62,55,45,36,28,19,12,5,2,0,2,
15,21,51,28,71,71,69,68,62,55,45,36,28,19,12,5,2,0,2,
71,19,74,73,71,71,69,68,62,55,45,36,28,19,12,5,2,0,2,
29,37,74,73,71,71,69,68,62,55,45,36,28,19,12,5,2,0,2,
71,35,27,99,71,71,69,68,62,55,45,36,28,19,12,5,2,0,2,
78,75,74,73,71,71,69,68,62,55,45,36,28,19,12,5,2,0,2,
14,55,111,82,93,7,40,22,5,75,49,14,1,3,5,5,2,0,2,
107,5,28,6,56,64,69,68,62,55,45,36,28,19,12,5,2,0,2,
0,35,74,73,71,71,69,68,62,55,45,36,28,19,12,5,2,0,2,
14,55,69,95,3,65,99,83,4,55,45,36,28,19,12,5,2,0,2,
24,106,69,3,29,40,28,74,51,55,45,36,28,19,12,5,2,0,2,
68,69,74,73,71,71,69,68,62,55,45,36,28,19,12,5,2,0,2,
14,113,0,21,71,71,69,68,62,55,45,36,28,19,12,5,2,0,2,
24,69,74,73,71,71,69,68,62,55,45,36,28,19,12,5,2,0,2,
50,98,74,73,71,71,69,68,62,55,45,36,28,19,12,5,2,0,2,
20,75,74,73,71,71,69,68,62,55,45,36,28,19,12,5,2,0,2,
87,113,97,14,41,43,45,40,11,27,38,36,28,19,12,5,2,0,2,
48,70,62,73,71,71,69,68,62,55,45,36,28,19,12,5,2,0,2,
71,69,35,34,23,44,69,68,62,55,45,36,28,19,12,5,2,0,2,
57,63,57,73,71,71,69,68,62,55,45,36,28,19,12,5,2,0,2,
36,15,53,73,71,71,69,68,62,55,45,36,28,19,12,5,2,0,2,
48,70,74,73,71,71,69,68,62,55,45,36,28,19,12,5,2,0,2,
3,7,112,15,40,31,94,48,62,55,45,36,28,19,12,5,2,0,2,
64,75,74,73,71,71,69,68,62,55,45,36,28,19,12,5,2,0,2,
24,75,74,73,71,71,69,68,62,55,45,36,28,19,12,5,2,0,2,
98,70,101,73,71,71,69,68,62,55,45,36,28,19,12,5,2,0,2,
47,75,74,73,71,71,69,68,62,55,45,36,28,19,12,5,2,0,2,
80,37,61,42,110,71,69,68,62,55,45,36,28,19,12,5,2,0,2,
30,20,74,73,71,71,69,68,62,55,45,36,28,19,12,5,2,0,2,
65,75,74,73,71,71,69,68,62,55,45,36,28,19,12,5,2,0,2,
12,59,74,73,71,71,69,68,62,55,45,36,28,19,12,5,2,0,2,
64,75,74,73,71,71,69,68,62,55,45,36,28,19,12,5,2,0,2,
54,75,74,73,71,71,69,68,62,55,45,36,28,19,12,5,2,0,2,
105,20,100,113,49,71,69,68,62,55,45,36,28,19,12,5,2,0,2,
14,26,79,40,49,71,69,68,62,55,45,36,28,19,12,5,2,0,2,
98,70,58,73,71,71,69,68,62,55,45,36,28,19,12,5,2,0,2,
48,106,52,82,93,66,73,21,41,54,35,38,18,19,12,5,2,0,2,
64,75,74,73,71,71,69,68,62,55,45,36,28,19,12,5,2,0,2,
107,45,40,73,71,71,69,68,62,55,45,36,28,19,12,5,2,0,2,
47,75,74,73,71,71,69,68,62,55,45,36,28,19,12,5,2,0,2,
45,70,41,29,49,44,69,68,62,55,45,36,28,19,12,5,2,0,2,
107,57,69,73,71,71,69,68,62,55,45,36,28,19,12,5,2,0,2,
101,37,74,73,71,71,69,68,62,55,45,36,28,19,12,5,2,0,2,
95,35,40,99,49,71,69,68,62,55,45,36,28,19,12,5,2,0,2,
29,75,74,73,71,71,69,68,62,55,45,36,28,19,12,5,2,0,2,
29,75,74,73,71,71,69,68,62,55,45,36,28,19,12,5,2,0,2,
29,75,74,73,71,71,69,68,62,55,45,36,28,19,12,5,2,0,2,
15,41,85,73,71,71,69,68,62,55,45,36,28,19,12,5,2,0,2,
95,106,97,68,92,72,74,70,84,55,45,36,28,19,12,5,2,0,2,
71,38,92,102,71,71,69,68,62,55,45,36,28,19,12,5,2,0,2,
95,75,74,73,71,71,69,68,62,55,45,36,28,19,12,5,2,0,2,
29,75,74,73,71,71,69,68,62,55,45,36,28,19,12,5,2,0,2,
3,75,74,73,71,71,69,68,62,55,45,36,28,19,12,5,2,0,2,
45,70,3,34,20,11,69,68,62,55,45,36,28,19,12,5,2,0,2,
56,35,19,73,71,71,69,68,62,55,45,36,28,19,12,5,2,0,2,
105,35,74,73,71,71,69,68,62,55,45,36,28,19,12,5,2,0,2,
15,80,34,44,59,71,69,68,62,55,45,36,28,19,12,5,2,0,2,
29,75,74,73,71,71,69,68,62,55,45,36,28,19,12,5,2,0,2,
98,70,66,29,71,71,69,68,62,55,45,36,28,19,12,5,2,0,2,
71,67,20,50,71,71,69,68,62,55,45,36,28,19,12,5,2,0,2,
14,106,52,68,26,34,29,24,62,55,45,36,28,19,12,5,2,0,2,
29,75,74,73,71,71,69,68,62,55,45,36,28,19,12,5,2,0,2,
70,35,74,73,71,71,69,68,62,55,45,36,28,19,12,5,2,0,2,
39,75,74,73,71,71,69,68,62,55,45,36,28,19,12,5,2,0,2,
29,52,74,73,71,71,69,68,62,55,45,36,28,19,12,5,2,0,2,
50,47,105,96,76,76,44,48,62,55,45,36,28,19,12,5,2,0,2,
29,75,74,73,71,71,69,68,62,55,45,36,28,19,12,5,2,0,2,
105,41,74,73,71,71,69,68,62,55,45,36,28,19,12,5,2,0,2,
56,49,7,77,29,64,69,68,62,55,45,36,28,19,12,5,2,0,2,
50,106,89,111,71,71,69,68,62,55,45,36,28,19,12,5,2,0,2,
98,70,5,98,15,29,37,68,62,55,45,36,28,19,12,5,2,0,2,
71,80,74,73,71,71,69,68,62,55,45,36,28,19,12,5,2,0,2,
14,23,74,73,71,71,69,68,62,55,45,36,28,19,12,5,2,0,2,
21,75,74,73,71,71,69,68,62,55,45,36,28,19,12,5,2,0,2,
24,63,74,73,71,71,69,68,62,55,45,36,28,19,12,5,2,0,2,
58,106,69,23,92,65,38,51,69,55,45,36,28,19,12,5,2,0,2,
48,23,19,61,71,71,69,68,62,55,45,36,28,19,12,5,2,0,2,
36,114,40,20,37,71,69,68,62,55,45,36,28,19,12,5,2,0,2,
29,75,74,73,71,71,69,68,62,55,45,36,28,19,12,5,2,0,2,
14,98,68,34,40,28,69,68,62,55,45,36,28,19,12,5,2,0,2,
0,80,34,23,40,67,69,68,62,55,45,36,28,19,12,5,2,0,2,
50,98,69,21,73,34,15,68,62,55,45,36,28,19,12,5,2,0,2,
42,75,74,73,71,71,69,68,62,55,45,36,28,19,12,5,2,0,2,
36,75,74,73,71,71,69,68,62,55,45,36,28,19,12,5,2,0,2,
42,38,74,73,71,71,69,68,62,55,45,36,28,19,12,5,2,0,2,
80,75,74,73,71,71,69,68,62,55,45,36,28,19,12,5,2,0,2,
45,108,89,15,71,71,69,68,62,55,45,36,28,19,12,5,2,0,2,
98,70,28,76,55,49,69,68,62,55,45,36,28,19,12,5,2,0,2,
29,75,74,73,71,71,69,68,62,55,45,36,28,19,12,5,2,0,2,
29,75,74,73,71,71,69,68,62,55,45,36,28,19,12,5,2,0,2,
29,75,74,73,71,71,69,68,62,55,45,36,28,19,12,5,2,0,2,
48,106,52,96,66,89,63,90,22,41,11,29,28,19,12,5,2,0,2,
48,70,35,40,55,36,57,68,62,55,45,36,28,19,12,5,2,0,2,
29,10,74,73,71,71,69,68,62,55,45,36,28,19,12,5,2,0,2,
29,37,74,73,71,71,69,68,62,55,45,36,28,19,12,5,2,0,2,
24,41,74,73,71,71,69,68,62,55,45,36,28,19,12,5,2,0,2,
107,87,80,96,66,63,73,6,47,4,17,26,2,21,12,5,2,0,2,
53,75,74,73,71,71,69,68,62,55,45,36,28,19,12,5,2,0,2,
48,98,20,38,31,71,69,68,62,55,45,36,28,19,12,5,2,0,2,
95,97,68,61,71,71,69,68,62,55,45,36,28,19,12,5,2,0,2,
71,97,77,29,54,71,69,68,62,55,45,36,28,19,12,5,2,0,2,
58,53,40,44,82,59,69,68,62,55,45,36,28,19,12,5,2,0,2,
47,71,74,73,71,71,69,68,62,55,45,36,28,19,12,5,2,0,2,
107,13,46,51,66,15,69,68,62,55,45,36,28,19,12,5,2,0,2,
58,95,52,68,23,59,69,68,62,55,45,36,28,19,12,5,2,0,2,
58,70,14,59,17,71,69,68,62,55,45,36,28,19,12,5,2,0,2,
29,75,74,73,71,71,69,68,62,55,45,36,28,19,12,5,2,0,2,
29,75,74,73,71,71,69,68,62,55,45,36,28,19,12,5,2,0,2,
36,75,74,73,71,71,69,68,62,55,45,36,28,19,12,5,2,0,2,
98,21,74,73,71,71,69,68,62,55,45,36,28,19,12,5,2,0,2,
14,70,25,5,34,15,17,24,44,55,45,36,28,19,12,5,2,0,2,
36,75,74,73,71,71,69,68,62,55,45,36,28,19,12,5,2,0,2,
70,51,34,15,40,44,41,68,62,55,45,36,28,19,12,5,2,0,2,
50,70,14,21,59,71,69,68,62,55,45,36,28,19,12,5,2,0,2,
48,53,69,67,76,34,29,22,68,17,45,36,28,19,12,5,2,0,2,
36,29,22,63,70,31,11,73,62,55,45,36,28,19,12,5,2,0,2,
87,70,19,72,71,71,69,68,62,55,45,36,28,19,12,5,2,0,2,
105,15,74,73,71,71,69,68,62,55,45,36,28,19,12,5,2,0,2,
71,23,37,61,71,71,69,68,62,55,45,36,28,19,12,5,2,0,2,
16,75,74,73,71,71,69,68,62,55,45,36,28,19,12,5,2,0,2,
71,21,18,73,71,71,69,68,62,55,45,36,28,19,12,5,2,0,2,
14,53,69,78,34,6,69,68,62,55,45,36,28,19,12,5,2,0,2,
29,75,74,73,71,71,69,68,62,55,45,36,28,19,12,5,2,0,2,
58,35,74,73,71,71,69,68,62,55,45,36,28,19,12,5,2,0,2,
29,75,74,73,71,71,69,68,62,55,45,36,28,19,12,5,2,0,2,
107,57,97,21,77,38,53,48,62,55,45,36,28,19,12,5,2,0,2,
16,52,100,73,71,71,69,68,62,55,45,36,28,19,12,5,2,0,2,
14,49,41,34,17,84,69,68,62,55,45,36,28,19,12,5,2,0,2,
48,23,74,73,71,71,69,68,62,55,45,36,28,19,12,5,2,0,2,
71,75,74,73,71,71,69,68,62,55,45,36,28,19,12,5,2,0,2,
14,49,19,73,71,71,69,68,62,55,45,36,28,19,12,5,2,0,2,
54,98,20,79,71,71,69,68,62,55,45,36,28,19,12,5,2,0,2,
108,75,74,73,71,71,69,68,62,55,45,36,28,19,12,5,2,0,2,
98,23,27,99,59,71,69,68,62,55,45,36,28,19,12,5,2,0,2,
24,87,104,3,35,74,39,80,62,55,45,36,28,19,12,5,2,0,2,
24,28,74,73,71,71,69,68,62,55,45,36,28,19,12,5,2,0,2,
71,69,74,73,71,71,69,68,62,55,45,36,28,19,12,5,2,0,2,
98,115,112,15,59,71,69,68,62,55,45,36,28,19,12,5,2,0,2,
39,75,74,73,71,71,69,68,62,55,45,36,28,19,12,5,2,0,2,
98,70,74,73,71,71,69,68,62,55,45,36,28,19,12,5,2,0,2,
47,10,74,73,71,71,69,68,62,55,45,36,28,19,12,5,2,0,2,
21,75,74,73,71,71,69,68,62,55,45,36,28,19,12,5,2,0,2,
105,15,28,73,71,71,69,68,62,55,45,36,28,19,12,5,2,0,2,
14,23,97,68,76,76,33,59,62,55,45,36,28,19,12,5,2,0,2,
54,70,41,24,23,44,69,68,62,55,45,36,28,19,12,5,2,0,2,
96,19,90,73,71,71,69,68,62,55,45,36,28,19,12,5,2,0,2,
48,69,13,23,40,71,69,68,62,55,45,36,28,19,12,5,2,0,2,
54,35,74,73,71,71,69,68,62,55,45,36,28,19,12,5,2,0,2,
29,75,74,73,71,71,69,68,62,55,45,36,28,19,12,5,2,0,2,
58,106,52,68,7,37,78,68,62,55,45,36,28,19,12,5,2,0,2,
87,53,69,67,107,15,36,97,88,55,45,36,28,19,12,5,2,0,2,
98,73,112,40,62,59,69,68,62,55,45,36,28,19,12,5,2,0,2,
93,75,74,73,71,71,69,68,62,55,45,36,28,19,12,5,2,0,2,
105,53,89,34,51,40,20,56,62,55,45,36,28,19,12,5,2,0,2,
64,75,74,73,71,71,69,68,62,55,45,36,28,19,12,5,2,0,2,
107,47,52,96,23,75,40,53,41,44,29,36,28,19,12,5,2,0,2,
36,29,22,37,71,71,69,68,62,55,45,36,28,19,12,5,2,0,2,
14,41,74,73,71,71,69,68,62,55,45,36,28,19,12,5,2,0,2,
58,29,37,114,71,71,69,68,62,55,45,36,28,19,12,5,2,0,2,
71,69,112,79,59,71,69,68,62,55,45,36,28,19,12,5,2,0,2,
71,35,38,79,71,71,69,68,62,55,45,36,28,19,12,5,2,0,2,
105,70,89,23,71,71,69,68,62,55,45,36,28,19,12,5,2,0,2,
56,70,34,73,71,71,69,68,62,55,45,36,28,19,12,5,2,0,2,
87,70,75,71,24,55,18,68,62,55,45,36,28,19,12,5,2,0,2,
17,75,74,73,71,71,69,68,62,55,45,36,28,19,12,5,2,0,2,
98,75,74,73,71,71,69,68,62,55,45,36,28,19,12,5,2,0,2,
54,58,112,73,71,71,69,68,62,55,45,36,28,19,12,5,2,0,2,
98,58,16,40,49,71,69,68,62,55,45,36,28,19,12,5,2,0,2,
95,106,97,68,86,23,69,68,62,55,45,36,28,19,12,5,2,0,2,
58,75,74,73,71,71,69,68,62,55,45,36,28,19,12,5,2,0,2,
107,70,68,88,49,23,36,68,62,55,45,36,28,19,12,5,2,0,2,
45,57,46,19,71,71,69,68,62,55,45,36,28,19,12,5,2,0,2,
42,38,36,73,71,71,69,68,62,55,45,36,28,19,12,5,2,0,2,
39,63,74,73,71,71,69,68,62,55,45,36,28,19,12,5,2,0,2,
42,38,74,73,71,71,69,68,62,55,45,36,28,19,12,5,2,0,2,
107,49,56,103,93,7,81,34,70,55,45,36,28,19,12,5,2,0,2,
50,75,74,73,71,71,69,68,62,55,45,36,28,19,12,5,2,0,2,
95,47,105,96,92,63,14,93,86,38,21,20,37,19,12,5,2,0,2,
81,98,69,21,71,71,69,68,62,55,45,36,28,19,12,5,2,0,2,
98,70,22,79,11,58,62,76,62,55,45,36,28,19,12,5,2,0,2,
54,98,69,67,76,57,31,48,62,55,45,36,28,19,12,5,2,0,2,
48,75,74,73,71,71,69,68,62,55,45,36,28,19,12,5,2,0,2,
36,75,74,73,71,71,69,68,62,55,45,36,28,19,12,5,2,0,2,
95,98,74,73,71,71,69,68,62,55,45,36,28,19,12,5,2,0,2,
24,57,97,73,71,71,69,68,62,55,45,36,28,19,12,5,2,0,2,
48,79,22,40,37,67,69,68,62,55,45,36,28,19,12,5,2,0,2,
48,70,23,109,77,59,69,68,62,55,45,36,28,19,12,5,2,0,2,
98,42,62,73,71,71,69,68,62,55,45,36,28,19,12,5,2,0,2,
30,20,37,73,71,71,69,68,62,55,45,36,28,19,12,5,2,0,2,
50,70,22,79,29,59,69,68,62,55,45,36,28,19,12,5,2,0,2,
107,87,13,5,34,15,6,53,68,30,54,41,18,19,12,5,2,0,2,
45,23,52,82,93,65,73,1,72,75,43,29,28,19,12,5,2,0,2,
24,75,74,73,71,71,69,68,62,55,45,36,28,19,12,5,2,0,2,
29,75,74,73,71,71,69,68,62,55,45,36,28,19,12,5,2,0,2,
100,35,112,73,71,71,69,68,62,55,45,36,28,19,12,5,2,0,2,
105,75,74,73,71,71,69,68,62,55,45,36,28,19,12,5,2,0,2,
98,70,28,73,71,71,69,68,62,55,45,36,28,19,12,5,2,0,2,
24,47,52,96,66,3,63,16,51,55,45,36,28,19,12,5,2,0,2,
105,98,45,73,71,71,69,68,62,55,45,36,28,19,12,5,2,0,2,
107,95,97,65,65,75,33,96,16,24,60,36,28,19,12,5,2,0,2,
108,73,99,73,71,71,69,68,62,55,45,36,28,19,12,5,2,0,2,
54,83,69,95,65,75,7,22,24,57,24,2,28,19,12,5,2,0,2,
58,75,74,73,71,71,69,68,62,55,45,36,28,19,12,5,2,0,2,
14,97,44,15,71,71,69,68,62,55,45,36,28,19,12,5,2,0,2,
71,76,34,17,71,71,69,68,62,55,45,36,28,19,12,5,2,0,2,
58,53,97,68,65,75,21,20,39,55,45,36,28,19,12,5,2,0,2,
50,80,40,73,71,71,69,68,62,55,45,36,28,19,12,5,2,0,2,
107,44,46,67,25,72,86,30,41,55,45,36,28,19,12,5,2,0,2,
36,34,27,73,71,71,69,68,62,55,45,36,28,19,12,5,2,0,2,
29,63,74,73,71,71,69,68,62,55,45,36,28,19,12,5,2,0,2,
5,35,40,113,71,71,69,68,62,55,45,36,28,19,12,5,2,0,2,
36,46,74,73,71,71,69,68,62,55,45,36,28,19,12,5,2,0,2,
14,0,27,73,71,71,69,68,62,55,45,36,28,19,12,5,2,0,2,
43,107,74,73,71,71,69,68,62,55,45,36,28,19,12,5,2,0,2,
107,70,57,29,37,80,65,68,62,55,45,36,28,19,12,5,2,0,2,
107,55,69,78,14,41,47,12,39,55,45,36,28,19,12,5,2,0,2,
24,63,74,73,71,71,69,68,62,55,45,36,28,19,12,5,2,0,2,
14,106,69,56,12,81,72,22,22,30,26,36,28,19,12,5,2,0,2,
71,75,74,73,71,71,69,68,62,55,45,36,28,19,12,5,2,0,2,
95,80,76,73,71,71,69,68,62,55,45,36,28,19,12,5,2,0,2,
50,75,74,73,71,71,69,68,62,55,45,36,28,19,12,5,2,0,2,
41,29,45,28,71,71,69,68,62,55,45,36,28,19,12,5,2,0,2,
112,28,74,73,71,71,69,68,62,55,45,36,28,19,12,5,2,0,2,
107,13,34,111,40,49,69,68,62,55,45,36,28,19,12,5,2,0,2,
80,116,74,73,71,71,69,68,62,55,45,36,28,19,12,5,2,0,2,
14,53,35,34,40,71,69,68,62,55,45,36,28,19,12,5,2,0,2,
98,70,68,34,85,96,69,68,62,55,45,36,28,19,12,5,2,0,2,
50,54,40,56,71,71,69,68,62,55,45,36,28,19,12,5,2,0,2,
98,70,96,78,86,8,49,52,55,55,45,36,28,19,12,5,2,0,2,
107,95,34,40,71,71,69,68,62,55,45,36,28,19,12,5,2,0,2,
58,53,89,111,20,71,69,68,62,55,45,36,28,19,12,5,2,0,2,
50,78,23,50,40,28,84,55,51,55,45,36,28,19,12,5,2,0,2,
59,20,30,73,71,71,69,68,62,55,45,36,28,19,12,5,2,0,2,
3,75,74,73,71,71,69,68,62,55,45,36,28,19,12,5,2,0,2,
105,53,13,39,73,58,69,68,62,55,45,36,28,19,12,5,2,0,2,
14,47,69,78,97,40,69,68,62,55,45,36,28,19,12,5,2,0,2,
107,35,22,73,71,71,69,68,62,55,45,36,28,19,12,5,2,0,2,
24,81,52,68,77,80,57,68,62,55,45,36,28,19,12,5,2,0,2,
98,75,74,73,71,71,69,68,62,55,45,36,28,19,12,5,2,0,2,
67,75,74,73,71,71,69,68,62,55,45,36,28,19,12,5,2,0,2,
50,70,22,40,42,71,69,68,62,55,45,36,28,19,12,5,2,0,2,
37,63,74,73,71,71,69,68,62,55,45,36,28,19,12,5,2,0,2,
24,114,67,73,71,71,69,68,62,55,45,36,28,19,12,5,2,0,2,
107,70,20,113,71,71,69,68,62,55,45,36,28,19,12,5,2,0,2,
111,98,68,78,23,11,62,68,62,55,45,36,28,19,12,5,2,0,2,
95,53,97,73,71,71,69,68,62,55,45,36,28,19,12,5,2,0,2,
29,75,74,73,71,71,69,68,62,55,45,36,28,19,12,5,2,0,2,
29,75,74,73,71,71,69,68,62,55,45,36,28,19,12,5,2,0,2,
48,97,74,73,71,71,69,68,62,55,45,36,28,19,12,5,2,0,2,
71,114,26,79,99,67,69,68,62,55,45,36,28,19,12,5,2,0,2,
71,35,40,28,79,49,69,68,62,55,45,36,28,19,12,5,2,0,2,
98,38,65,73,71,71,69,68,62,55,45,36,28,19,12,5,2,0,2,
95,53,97,68,71,71,69,68,62,55,45,36,28,19,12,5,2,0,2,
50,57,52,96,66,14,81,77,36,20,28,36,28,19,12,5,2,0,2,
58,98,78,61,71,71,69,68,62,55,45,36,28,19,12,5,2,0,2,
56,106,97,111,8,40,69,68,62,55,45,36,28,19,12,5,2,0,2,
29,75,74,73,71,71,69,68,62,55,45,36,28,19,12,5,2,0,2,
71,23,34,73,71,71,69,68,62,55,45,36,28,19,12,5,2,0,2,
26,23,19,73,71,71,69,68,62,55,45,36,28,19,12,5,2,0,2,
95,47,82,14,68,23,39,44,35,41,38,36,28,19,12,5,2,0,2,
71,23,74,73,71,71,69,68,62,55,45,36,28,19,12,5,2,0,2,
22,75,74,73,71,71,69,68,62,55,45,36,28,19,12,5,2,0,2,
24,90,107,49,71,71,69,68,62,55,45,36,28,19,12,5,2,0,2,
95,47,97,68,92,34,69,68,62,55,45,36,28,19,12,5,2,0,2,
14,23,104,96,66,75,0,73,32,78,20,18,2,9,12,5,2,0,2,
71,35,74,73,71,71,69,68,62,55,45,36,28,19,12,5,2,0,2,
71,75,74,73,71,71,69,68,62,55,45,36,28,19,12,5,2,0,2,
36,75,74,73,71,71,69,68,62,55,45,36,28,19,12,5,2,0,2,
50,53,69,79,84,56,94,56,62,55,45,36,28,19,12,5,2,0,2,
54,83,69,78,17,71,69,68,62,55,45,36,28,19,12,5,2,0,2,
95,53,97,68,29,96,69,68,62,55,45,36,28,19,12,5,2,0,2,
95,47,69,67,76,71,69,68,62,55,45,36,28,19,12,5,2,0,2,
71,67,74,73,71,71,69,68,62,55,45,36,28,19,12,5,2,0,2,
50,57,97,78,11,93,69,68,62,55,45,36,28,19,12,5,2,0,2,
95,98,22,44,49,71,69,68,62,55,45,36,28,19,12,5,2,0,2,
107,106,52,96,92,63,26,23,54,55,45,36,28,19,12,5,2,0,2,
95,98,68,73,71,71,69,68,62,55,45,36,28,19,12,5,2,0,2,
14,55,48,55,50,90,14,54,69,37,45,36,28,19,12,5,2,0,2,
98,70,68,34,71,71,69,68,62,55,45,36,28,19,12,5,2,0,2,
83,98,34,50,109,71,69,68,62,55,45,36,28,19,12,5,2,0,2,
87,3,40,44,71,71,69,68,62,55,45,36,28,19,12,5,2,0,2,
107,97,34,111,6,58,69,68,62,55,45,36,28,19,12,5,2,0,2,
29,58,74,73,71,71,69,68,62,55,45,36,28,19,12,5,2,0,2,
24,28,19,73,71,71,69,68,62,55,45,36,28,19,12,5,2,0,2,
42,75,74,73,71,71,69,68,62,55,45,36,28,19,12,5,2,0,2,
107,98,22,34,15,74,69,68,62,55,45,36,28,19,12,5,2,0,2,
36,46,74,73,71,71,69,68,62,55,45,36,28,19,12,5,2,0,2,
90,35,74,73,71,71,69,68,62,55,45,36,28,19,12,5,2,0,2,
98,97,28,73,71,71,69,68,62,55,45,36,28,19,12,5,2,0,2,
50,87,46,104,93,75,34,51,62,55,45,36,28,19,12,5,2,0,2,
42,75,74,73,71,71,69,68,62,55,45,36,28,19,12,5,2,0,2,
14,35,14,23,71,71,69,68,62,55,45,36,28,19,12,5,2,0,2,
71,79,79,56,16,71,69,68,62,55,45,36,28,19,12,5,2,0,2,
64,75,74,73,71,71,69,68,62,55,45,36,28,19,12,5,2,0,2,
53,75,74,73,71,71,69,68,62,55,45,36,28,19,12,5,2,0,2,
87,53,97,68,0,71,69,68,62,55,45,36,28,19,12,5,2,0,2,
107,106,97,68,86,71,69,68,62,55,45,36,28,19,12,5,2,0,2,
14,47,97,35,43,34,39,89,62,55,45,36,28,19,12,5,2,0,2,
71,67,11,21,40,31,11,68,62,55,45,36,28,19,12,5,2,0,2,
98,70,22,73,71,71,69,68,62,55,45,36,28,19,12,5,2,0,2,
53,75,74,73,71,71,69,68,62,55,45,36,28,19,12,5,2,0,2,
50,70,24,88,19,71,69,68,62,55,45,36,28,19,12,5,2,0,2,
50,41,74,73,71,71,69,68,62,55,45,36,28,19,12,5,2,0,2,
58,87,97,0,71,71,69,68,62,55,45,36,28,19,12,5,2,0,2,
71,38,74,73,71,71,69,68,62,55,45,36,28,19,12,5,2,0,2,
42,75,74,73,71,71,69,68,62,55,45,36,28,19,12,5,2,0,2,
29,75,74,73,71,71,69,68,62,55,45,36,28,19,12,5,2,0,2,
58,113,52,82,57,6,39,37,48,70,45,36,28,19,12,5,2,0,2,
107,85,22,96,66,89,55,77,48,55,45,36,28,19,12,5,2,0,2,
98,75,74,73,71,71,69,68,62,55,45,36,28,19,12,5,2,0,2,
98,70,96,67,21,15,53,68,62,55,45,36,28,19,12,5,2,0,2,
54,70,79,87,59,71,69,68,62,55,45,36,28,19,12,5,2,0,2,
105,41,37,28,11,76,69,68,62,55,45,36,28,19,12,5,2,0,2,
14,49,46,51,100,66,87,62,65,71,1,29,28,19,12,5,2,0,2,
98,23,40,37,79,61,44,91,51,55,45,36,28,19,12,5,2,0,2,
50,75,74,73,71,71,69,68,62,55,45,36,28,19,12,5,2,0,2,
56,70,0,111,15,44,57,68,62,55,45,36,28,19,12,5,2,0,2,
50,98,69,23,76,41,19,2,44,61,29,47,5,19,12,5,2,0,2,
3,35,42,61,49,71,69,68,62,55,45,36,28,19,12,5,2,0,2,
98,21,28,48,37,71,69,68,62,55,45,36,28,19,12,5,2,0,2,
41,35,112,50,23,40,69,68,62,55,45,36,28,19,12,5,2,0,2,
74,114,74,73,71,71,69,68,62,55,45,36,28,19,12,5,2,0,2,
24,70,107,79,107,56,27,21,39,55,45,36,28,19,12,5,2,0,2,
54,70,39,88,34,54,69,68,62,55,45,36,28,19,12,5,2,0,2,
87,75,74,73,71,71,69,68,62,55,45,36,28,19,12,5,2,0,2,
15,73,22,40,49,71,69,68,62,55,45,36,28,19,12,5,2,0,2,
107,13,22,93,50,90,81,77,51,55,45,36,28,19,12,5,2,0,2,
16,41,74,73,71,71,69,68,62,55,45,36,28,19,12,5,2,0,2,
98,35,37,73,71,71,69,68,62,55,45,36,28,19,12,5,2,0,2,
83,98,40,44,71,71,69,68,62,55,45,36,28,19,12,5,2,0,2,
16,28,4,61,71,71,69,68,62,55,45,36,28,19,12,5,2,0,2,
95,53,69,67,76,39,33,54,30,55,45,36,28,19,12,5,2,0,2,
87,75,74,73,71,71,69,68,62,55,45,36,28,19,12,5,2,0,2,
71,58,60,21,67,71,69,68,62,55,45,36,28,19,12,5,2,0,2,
53,75,74,73,71,71,69,68,62,55,45,36,28,19,12,5,2,0,2,
95,53,28,20,31,11,69,68,62,55,45,36,28,19,12,5,2,0,2,
95,53,104,96,23,75,5,58,11,55,45,36,28,19,12,5,2,0,2,
24,69,78,49,40,67,69,68,62,55,45,36,28,19,12,5,2,0,2,
39,75,74,73,71,71,69,68,62,55,45,36,28,19,12,5,2,0,2,
114,75,74,73,71,71,69,68,62,55,45,36,28,19,12,5,2,0,2,
98,70,68,73,71,71,69,68,62,55,45,36,28,19,12,5,2,0,2,
50,53,69,14,103,53,47,68,62,55,45,36,28,19,12,5,2,0,2,
71,75,74,73,71,71,69,68,62,55,45,36,28,19,12,5,2,0,2,
58,47,105,51,93,66,63,72,5,55,45,36,28,19,12,5,2,0,2,
14,55,46,34,29,23,36,91,44,55,45,36,28,19,12,5,2,0,2,
54,105,97,68,63,75,47,68,62,55,45,36,28,19,12,5,2,0,2,
107,57,97,78,38,19,74,51,62,55,45,36,28,19,12,5,2,0,2,
42,75,74,73,71,71,69,68,62,55,45,36,28,19,12,5,2,0,2,
54,105,69,23,92,34,39,73,50,55,45,36,28,19,12,5,2,0,2,
14,70,53,59,44,42,69,68,62,55,45,36,28,19,12,5,2,0,2,
16,41,27,20,59,71,69,68,62,55,45,36,28,19,12,5,2,0,2,
14,95,105,68,3,76,99,30,87,55,45,36,28,19,12,5,2,0,2,
70,35,74,73,71,71,69,68,62,55,45,36,28,19,12,5,2,0,2,
105,53,97,68,23,75,0,73,21,37,50,36,28,19,12,5,2,0,2,
45,23,94,96,66,65,73,37,66,39,42,36,28,19,12,5,2,0,2,
56,70,3,7,103,34,20,32,66,27,45,36,28,19,12,5,2,0,2,
98,23,45,57,77,71,69,68,62,55,45,36,28,19,12,5,2,0,2,
56,23,94,96,66,65,81,51,39,55,45,36,28,19,12,5,2,0,2,
36,75,74,73,71,71,69,68,62,55,45,36,28,19,12,5,2,0,2,
24,87,80,96,76,103,28,81,88,55,45,36,28,19,12,5,2,0,2,
14,53,69,67,71,71,69,68,62,55,45,36,28,19,12,5,2,0,2,
29,75,74,73,71,71,69,68,62,55,45,36,28,19,12,5,2,0,2,
70,75,74,73,71,71,69,68,62,55,45,36,28,19,12,5,2,0,2,
24,87,97,88,34,15,69,68,62,55,45,36,28,19,12,5,2,0,2,
87,52,74,73,71,71,69,68,62,55,45,36,28,19,12,5,2,0,2,
71,97,14,73,71,71,69,68,62,55,45,36,28,19,12,5,2,0,2,
107,106,69,40,71,71,69,68,62,55,45,36,28,19,12,5,2,0,2,
64,75,74,73,71,71,69,68,62,55,45,36,28,19,12,5,2,0,2,
71,5,40,61,71,71,69,68,62,55,45,36,28,19,12,5,2,0,2,
36,28,74,73,71,71,69,68,62,55,45,36,28,19,12,5,2,0,2,
98,70,68,78,34,11,62,68,62,55,45,36,28,19,12,5,2,0,2,
14,23,74,73,71,71,69,68,62,55,45,36,28,19,12,5,2,0,2,
29,75,74,73,71,71,69,68,62,55,45,36,28,19,12,5,2,0,2,
48,113,52,96,66,21,96,51,37,41,29,23,28,19,12,5,2,0,2,
41,41,74,73,71,71,69,68,62,55,45,36,28,19,12,5,2,0,2,
30,31,106,73,71,71,69,68,62,55,45,36,28,19,12,5,2,0,2,
71,1,74,73,71,71,69,68,62,55,45,36,28,19,12,5,2,0,2,
70,23,27,42,71,71,69,68,62,55,45,36,28,19,12,5,2,0,2,
46,35,40,114,71,71,69,68,62,55,45,36,28,19,12,5,2,0,2,
81,35,14,37,71,71,69,68,62,55,45,36,28,19,12,5,2,0,2,
29,75,74,73,71,71,69,68,62,55,45,36,28,19,12,5,2,0,2,
42,75,74,73,71,71,69,68,62,55,45,36,28,19,12,5,2,0,2,
71,35,62,73,71,71,69,68,62,55,45,36,28,19,12,5,2,0,2,
14,98,69,67,32,83,90,9,70,13,13,20,14,12,17,5,2,0,2,
50,36,57,73,71,71,69,68,62,55,45,36,28,19,12,5,2,0,2,
50,106,52,95,65,75,14,73,12,22,36,36,28,19,12,5,2,0,2,
107,57,53,73,71,71,69,68,62,55,45,36,28,19,12,5,2,0,2,
98,43,74,73,71,71,69,68,62,55,45,36,28,19,12,5,2,0,2,
79,75,74,73,71,71,69,68,62,55,45,36,28,19,12,5,2,0,2,
43,11,49,73,71,71,69,68,62,55,45,36,28,19,12,5,2,0,2,
50,87,97,68,107,29,23,37,88,55,45,36,28,19,12,5,2,0,2,
95,113,96,67,40,71,69,68,62,55,45,36,28,19,12,5,2,0,2,
14,71,74,73,71,71,69,68,62,55,45,36,28,19,12,5,2,0,2,
95,98,107,79,44,67,69,68,62,55,45,36,28,19,12,5,2,0,2,
98,25,74,73,71,71,69,68,62,55,45,36,28,19,12,5,2,0,2,
84,31,114,62,62,71,69,68,62,55,45,36,28,19,12,5,2,0,2,
14,53,72,56,12,71,69,68,62,55,45,36,28,19,12,5,2,0,2,
107,106,41,23,77,71,69,68,62,55,45,36,28,19,12,5,2,0,2,
24,117,74,73,71,71,69,68,62,55,45,36,28,19,12,5,2,0,2,
98,63,74,73,71,71,69,68,62,55,45,36,28,19,12,5,2,0,2,
24,108,94,45,106,78,64,62,65,25,8,10,6,6,10,5,2,0,2,
24,98,3,40,71,71,69,68,62,55,45,36,28,19,12,5,2,0,2,
105,70,68,100,77,55,16,68,62,55,45,36,28,19,12,5,2,0,2,
14,23,48,51,93,66,33,44,27,55,45,36,28,19,12,5,2,0,2,
45,57,97,67,33,71,69,68,62,55,45,36,28,19,12,5,2,0,2,
98,75,74,73,71,71,69,68,62,55,45,36,28,19,12,5,2,0,2,
14,95,97,73,71,71,69,68,62,55,45,36,28,19,12,5,2,0,2,
48,98,69,3,23,40,28,61,62,55,45,36,28,19,12,5,2,0,2,
45,47,62,73,71,71,69,68,62,55,45,36,28,19,12,5,2,0,2,
48,35,79,46,59,71,69,68,62,55,45,36,28,19,12,5,2,0,2,
29,75,74,73,71,71,69,68,62,55,45,36,28,19,12,5,2,0,2,
22,20,62,73,71,71,69,68,62,55,45,36,28,19,12,5,2,0,2,
24,41,74,73,71,71,69,68,62,55,45,36,28,19,12,5,2,0,2,
71,69,37,73,71,71,69,68,62,55,45,36,28,19,12,5,2,0,2,
105,98,66,100,86,54,21,48,62,55,45,36,28,19,12,5,2,0,2,
36,52,58,31,11,71,69,68,62,55,45,36,28,19,12,5,2,0,2,
71,79,79,23,40,105,65,68,62,55,45,36,28,19,12,5,2,0,2,
87,113,97,73,71,71,69,68,62,55,45,36,28,19,12,5,2,0,2,
42,62,74,73,71,71,69,68,62,55,45,36,28,19,12,5,2,0,2,
79,31,42,69,71,71,69,68,62,55,45,36,28,19,12,5,2,0,2,
14,98,92,72,71,71,69,68,62,55,45,36,28,19,12,5,2,0,2,
83,98,74,73,71,71,69,68,62,55,45,36,28,19,12,5,2,0,2,
14,57,94,45,106,50,64,51,86,34,26,30,28,19,12,5,2,0,2,
54,98,69,15,60,49,69,68,62,55,45,36,28,19,12,5,2,0,2,
71,97,40,69,49,71,69,68,62,55,45,36,28,19,12,5,2,0,2,
107,55,56,96,86,54,15,23,16,13,28,36,28,19,12,5,2,0,2,
15,23,100,62,49,71,69,68,62,55,45,36,28,19,12,5,2,0,2,
90,41,74,73,71,71,69,68,62,55,45,36,28,19,12,5,2,0,2,
105,109,72,44,71,71,69,68,62,55,45,36,28,19,12,5,2,0,2,
48,53,79,73,71,71,69,68,62,55,45,36,28,19,12,5,2,0,2,
56,13,94,68,75,22,69,68,62,55,45,36,28,19,12,5,2,0,2,
98,58,40,37,71,71,69,68,62,55,45,36,28,19,12,5,2,0,2,
54,98,91,97,49,71,69,68,62,55,45,36,28,19,12,5,2,0,2,
42,75,74,73,71,71,69,68,62,55,45,36,28,19,12,5,2,0,2,
30,41,74,73,71,71,69,68,62,55,45,36,28,19,12,5,2,0,2,
107,57,105,51,93,89,63,30,20,55,45,36,28,19,12,5,2,0,2,
80,15,74,73,71,71,69,68,62,55,45,36,28,19,12,5,2,0,2,
41,15,88,50,71,71,69,68,62,55,45,36,28,19,12,5,2,0,2,
29,52,74,73,71,71,69,68,62,55,45,36,28,19,12,5,2,0,2,
107,55,48,93,65,75,81,88,37,40,45,36,28,19,12,5,2,0,2,
50,47,68,21,23,71,69,68,62,55,45,36,28,19,12,5,2,0,2,
71,75,74,73,71,71,69,68,62,55,45,36,28,19,12,5,2,0,2,
48,70,35,34,71,71,69,68,62,55,45,36,28,19,12,5,2,0,2,
50,47,68,56,44,71,69,68,62,55,45,36,28,19,12,5,2,0,2,
54,98,114,73,71,71,69,68,62,55,45,36,28,19,12,5,2,0,2,
95,41,19,73,71,71,69,68,62,55,45,36,28,19,12,5,2,0,2,
67,75,74,73,71,71,69,68,62,55,45,36,28,19,12,5,2,0,2,
105,75,74,73,71,71,69,68,62,55,45,36,28,19,12,5,2,0,2,
45,106,68,106,23,40,41,68,62,55,45,36,28,19,12,5,2,0,2,
11,63,74,73,71,71,69,68,62,55,45,36,28,19,12,5,2,0,2,
37,14,95,20,71,71,69,68,62,55,45,36,28,19,12,5,2,0,2,
37,75,74,73,71,71,69,68,62,55,45,36,28,19,12,5,2,0,2,
95,106,111,75,54,15,31,12,34,45,45,36,28,19,12,5,2,0,2,
74,58,73,57,77,105,85,68,62,55,45,36,28,19,12,5,2,0,2,
60,80,74,73,71,71,69,68,62,55,45,36,28,19,12,5,2,0,2,
36,75,74,73,71,71,69,68,62,55,45,36,28,19,12,5,2,0,2,
59,114,74,73,71,71,69,68,62,55,45,36,28,19,12,5,2,0,2,
48,106,111,71,54,71,69,68,62,55,45,36,28,19,12,5,2,0,2,
80,75,74,73,71,71,69,68,62,55,45,36,28,19,12,5,2,0,2,
71,90,14,2,71,71,69,68,62,55,45,36,28,19,12,5,2,0,2,
70,75,74,73,71,71,69,68,62,55,45,36,28,19,12,5,2,0,2,
53,74,74,73,71,71,69,68,62,55,45,36,28,19,12,5,2,0,2,
42,75,74,73,71,71,69,68,62,55,45,36,28,19,12,5,2,0,2,
68,42,71,73,71,71,69,68,62,55,45,36,28,19,12,5,2,0,2,
50,53,97,15,71,71,69,68,62,55,45,36,28,19,12,5,2,0,2,
41,35,51,23,40,20,9,68,62,55,45,36,28,19,12,5,2,0,2,
22,52,74,73,71,71,69,68,62,55,45,36,28,19,12,5,2,0,2,
107,13,82,96,92,3,38,8,32,9,5,18,25,28,5,5,2,0,2,
14,115,68,34,64,71,69,68,62,55,45,36,28,19,12,5,2,0,2,
24,75,74,73,71,71,69,68,62,55,45,36,28,19,12,5,2,0,2,
14,57,46,51,93,66,99,56,62,55,45,36,28,19,12,5,2,0,2,
60,75,74,73,71,71,69,68,62,55,45,36,28,19,12,5,2,0,2,
83,70,27,102,49,71,69,68,62,55,45,36,28,19,12,5,2,0,2,
48,70,68,71,23,40,94,42,62,55,45,36,28,19,12,5,2,0,2,
23,50,74,73,71,71,69,68,62,55,45,36,28,19,12,5,2,0,2,
71,75,74,73,71,71,69,68,62,55,45,36,28,19,12,5,2,0,2,
24,41,88,73,71,71,69,68,62,55,45,36,28,19,12,5,2,0,2,
98,70,112,73,71,71,69,68,62,55,45,36,28,19,12,5,2,0,2,
42,38,81,73,71,71,69,68,62,55,45,36,28,19,12,5,2,0,2,
107,98,74,73,71,71,69,68,62,55,45,36,28,19,12,5,2,0,2,
80,15,103,73,71,71,69,68,62,55,45,36,28,19,12,5,2,0,2,
26,38,74,73,71,71,69,68,62,55,45,36,28,19,12,5,2,0,2,
24,42,57,79,58,71,69,68,62,55,45,36,28,19,12,5,2,0,2,
71,21,8,42,104,60,69,68,62,55,45,36,28,19,12,5,2,0,2,
16,75,74,73,71,71,69,68,62,55,45,36,28,19,12,5,2,0,2,
48,78,74,73,71,71,69,68,62,55,45,36,28,19,12,5,2,0,2,
21,28,74,73,71,71,69,68,62,55,45,36,28,19,12,5,2,0,2,
98,75,74,73,71,71,69,68,62,55,45,36,28,19,12,5,2,0,2,
54,38,79,73,71,71,69,68,62,55,45,36,28,19,12,5,2,0,2,
45,47,26,40,28,71,69,68,62,55,45,36,28,19,12,5,2,0,2,
36,75,74,73,71,71,69,68,62,55,45,36,28,19,12,5,2,0,2,
16,41,74,73,71,71,69,68,62,55,45,36,28,19,12,5,2,0,2,
47,75,74,73,71,71,69,68,62,55,45,36,28,19,12,5,2,0,2,
101,75,74,73,71,71,69,68,62,55,45,36,28,19,12,5,2,0,2,
14,53,113,67,95,103,39,55,62,55,45,36,28,19,12,5,2,0,2,
98,40,51,84,71,71,69,68,62,55,45,36,28,19,12,5,2,0,2,
71,15,74,73,71,71,69,68,62,55,45,36,28,19,12,5,2,0,2,
54,83,97,68,71,71,69,68,62,55,45,36,28,19,12,5,2,0,2,
74,58,74,73,71,71,69,68,62,55,45,36,28,19,12,5,2,0,2,
29,75,74,73,71,71,69,68,62,55,45,36,28,19,12,5,2,0,2,
48,98,68,99,71,71,69,68,62,55,45,36,28,19,12,5,2,0,2,
95,98,113,67,29,21,37,92,62,55,45,36,28,19,12,5,2,0,2,
114,16,74,73,71,71,69,68,62,55,45,36,28,19,12,5,2,0,2,
63,75,74,73,71,71,69,68,62,55,45,36,28,19,12,5,2,0,2,
30,17,51,37,46,71,69,68,62,55,45,36,28,19,12,5,2,0,2,
98,109,79,73,71,71,69,68,62,55,45,36,28,19,12,5,2,0,2,
48,98,62,73,71,71,69,68,62,55,45,36,28,19,12,5,2,0,2,
48,98,68,73,71,71,69,68,62,55,45,36,28,19,12,5,2,0,2,
114,75,74,73,71,71,69,68,62,55,45,36,28,19,12,5,2,0,2,
107,13,46,68,65,75,52,54,64,30,61,36,28,19,12,5,2,0,2,
21,10,61,73,71,71,69,68,62,55,45,36,28,19,12,5,2,0,2,
48,81,97,95,35,15,69,68,62,55,45,36,28,19,12,5,2,0,2,
45,70,57,37,71,71,69,68,62,55,45,36,28,19,12,5,2,0,2,
98,7,107,111,33,71,69,68,62,55,45,36,28,19,12,5,2,0,2,
48,53,97,95,65,75,21,30,22,45,45,36,28,19,12,5,2,0,2,
29,75,74,73,71,71,69,68,62,55,45,36,28,19,12,5,2,0,2,
58,75,74,73,71,71,69,68,62,55,45,36,28,19,12,5,2,0,2,
87,70,51,73,71,71,69,68,62,55,45,36,28,19,12,5,2,0,2,
71,3,35,84,110,71,69,68,62,55,45,36,28,19,12,5,2,0,2,
85,57,94,67,95,15,22,48,50,55,45,36,28,19,12,5,2,0,2,
98,69,57,73,71,71,69,68,62,55,45,36,28,19,12,5,2,0,2,
95,98,13,34,57,71,69,68,62,55,45,36,28,19,12,5,2,0,2,
14,98,34,44,71,71,69,68,62,55,45,36,28,19,12,5,2,0,2,
14,69,34,73,71,71,69,68,62,55,45,36,28,19,12,5,2,0,2,
50,63,74,73,71,71,69,68,62,55,45,36,28,19,12,5,2,0,2,
111,98,68,29,6,44,78,68,62,55,45,36,28,19,12,5,2,0,2,
88,75,74,73,71,71,69,68,62,55,45,36,28,19,12,5,2,0,2,
98,48,74,73,71,71,69,68,62,55,45,36,28,19,12,5,2,0,2,
98,97,21,33,71,71,69,68,62,55,45,36,28,19,12,5,2,0,2,
107,13,48,104,80,66,74,96,81,45,34,36,28,19,12,5,2,0,2,
14,75,74,73,71,71,69,68,62,55,45,36,28,19,12,5,2,0,2,
15,114,6,50,40,84,69,68,62,55,45,36,28,19,12,5,2,0,2,
71,23,74,73,71,71,69,68,62,55,45,36,28,19,12,5,2,0,2,
21,43,74,73,71,71,69,68,62,55,45,36,28,19,12,5,2,0,2,
34,3,79,40,2,49,69,68,62,55,45,36,28,19,12,5,2,0,2,
1,23,40,91,71,71,69,68,62,55,45,36,28,19,12,5,2,0,2,
71,79,20,40,71,71,69,68,62,55,45,36,28,19,12,5,2,0,2,
24,98,74,73,71,71,69,68,62,55,45,36,28,19,12,5,2,0,2,
3,31,74,73,71,71,69,68,62,55,45,36,28,19,12,5,2,0,2,
50,57,40,28,71,71,69,68,62,55,45,36,28,19,12,5,2,0,2,
58,53,113,68,34,15,72,24,37,21,45,36,28,19,12,5,2,0,2,
42,86,74,73,71,71,69,68,62,55,45,36,28,19,12,5,2,0,2,
1,52,37,73,71,71,69,68,62,55,45,36,28,19,12,5,2,0,2,
54,79,74,73,71,71,69,68,62,55,45,36,28,19,12,5,2,0,2,
48,106,69,67,103,34,39,55,17,55,45,36,28,19,12,5,2,0,2,
24,53,97,68,86,34,29,40,62,55,45,36,28,19,12,5,2,0,2,
42,20,74,73,71,71,69,68,62,55,45,36,28,19,12,5,2,0,2,
24,53,74,73,71,71,69,68,62,55,45,36,28,19,12,5,2,0,2,
48,69,35,14,44,96,69,68,62,55,45,36,28,19,12,5,2,0,2,
37,37,74,73,71,71,69,68,62,55,45,36,28,19,12,5,2,0,2,
83,75,74,73,71,71,69,68,62,55,45,36,28,19,12,5,2,0,2,
71,38,64,73,71,71,69,68,62,55,45,36,28,19,12,5,2,0,2,
24,41,74,73,71,71,69,68,62,55,45,36,28,19,12,5,2,0,2,
48,69,50,79,98,71,69,68,62,55,45,36,28,19,12,5,2,0,2,
95,23,109,73,71,71,69,68,62,55,45,36,28,19,12,5,2,0,2,
55,38,81,73,71,71,69,68,62,55,45,36,28,19,12,5,2,0,2,
48,98,96,3,0,54,39,44,62,55,45,36,28,19,12,5,2,0,2,
87,95,46,68,65,103,41,48,62,55,45,36,28,19,12,5,2,0,2,
14,87,69,3,34,105,78,68,62,55,45,36,28,19,12,5,2,0,2,
48,98,14,31,11,76,35,48,62,55,45,36,28,19,12,5,2,0,2,
97,75,74,73,71,71,69,68,62,55,45,36,28,19,12,5,2,0,2,
48,69,34,73,71,71,69,68,62,55,45,36,28,19,12,5,2,0,2,
48,98,16,73,71,71,69,68,62,55,45,36,28,19,12,5,2,0,2,
71,79,14,57,31,93,69,68,62,55,45,36,28,19,12,5,2,0,2,
96,75,74,73,71,71,69,68,62,55,45,36,28,19,12,5,2,0,2,
22,26,74,73,71,71,69,68,62,55,45,36,28,19,12,5,2,0,2,
36,37,74,73,71,71,69,68,62,55,45,36,28,19,12,5,2,0,2,
56,47,97,60,71,71,69,68,62,55,45,36,28,19,12,5,2,0,2,
112,24,1,73,71,71,69,68,62,55,45,36,28,19,12,5,2,0,2,
42,75,74,73,71,71,69,68,62,55,45,36,28,19,12,5,2,0,2,
107,13,69,99,71,71,69,68,62,55,45,36,28,19,12,5,2,0,2,
56,23,52,96,66,75,33,3,39,48,45,36,28,19,12,5,2,0,2,
71,75,74,73,71,71,69,68,62,55,45,36,28,19,12,5,2,0,2,
14,87,113,68,43,83,33,51,80,23,39,4,28,19,12,5,2,0,2,
104,98,0,21,12,74,29,44,35,71,61,36,28,19,12,5,2,0,2,
71,67,74,73,71,71,69,68,62,55,45,36,28,19,12,5,2,0,2,
98,75,74,73,71,71,69,68,62,55,45,36,28,19,12,5,2,0,2,
112,77,45,73,71,71,69,68,62,55,45,36,28,19,12,5,2,0,2,
79,75,74,73,71,71,69,68,62,55,45,36,28,19,12,5,2,0,2,
98,39,42,73,71,71,69,68,62,55,45,36,28,19,12,5,2,0,2,
50,47,69,34,77,59,69,68,62,55,45,36,28,19,12,5,2,0,2,
71,23,74,73,71,71,69,68,62,55,45,36,28,19,12,5,2,0,2,
81,53,69,95,76,73,69,68,62,55,45,36,28,19,12,5,2,0,2,
34,49,94,96,65,20,69,68,62,55,45,36,28,19,12,5,2,0,2,
36,75,74,73,71,71,69,68,62,55,45,36,28,19,12,5,2,0,2,
95,47,82,68,77,19,69,68,62,55,45,36,28,19,12,5,2,0,2,
14,70,74,73,71,71,69,68,62,55,45,36,28,19,12,5,2,0,2,
16,77,74,73,71,71,69,68,62,55,45,36,28,19,12,5,2,0,2,
37,23,30,73,71,71,69,68,62,55,45,36,28,19,12,5,2,0,2,
37,114,14,40,59,49,69,68,62,55,45,36,28,19,12,5,2,0,2,
98,70,112,19,96,42,69,68,62,55,45,36,28,19,12,5,2,0,2,
48,115,0,73,71,71,69,68,62,55,45,36,28,19,12,5,2,0,2,
58,53,57,40,71,71,69,68,62,55,45,36,28,19,12,5,2,0,2,
52,29,40,50,71,71,69,68,62,55,45,36,28,19,12,5,2,0,2,
42,75,74,73,71,71,69,68,62,55,45,36,28,19,12,5,2,0,2,
50,23,40,37,71,71,69,68,62,55,45,36,28,19,12,5,2,0,2,
36,23,93,50,71,71,69,68,62,55,45,36,28,19,12,5,2,0,2,
80,59,98,42,71,71,69,68,62,55,45,36,28,19,12,5,2,0,2,
71,77,33,11,71,71,69,68,62,55,45,36,28,19,12,5,2,0,2,
63,75,74,73,71,71,69,68,62,55,45,36,28,19,12,5,2,0,2,
50,98,96,78,107,74,21,53,48,55,45,36,28,19,12,5,2,0,2,
107,55,105,71,107,17,71,33,67,6,38,36,28,19,12,5,2,0,2,
45,14,74,73,71,71,69,68,62,55,45,36,28,19,12,5,2,0,2,
60,75,74,73,71,71,69,68,62,55,45,36,28,19,12,5,2,0,2,
71,9,74,73,71,71,69,68,62,55,45,36,28,19,12,5,2,0,2,
29,75,74,73,71,71,69,68,62,55,45,36,28,19,12,5,2,0,2,
64,75,74,73,71,71,69,68,62,55,45,36,28,19,12,5,2,0,2,
43,35,20,60,71,71,69,68,62,55,45,36,28,19,12,5,2,0,2,
48,53,69,23,77,71,69,68,62,55,45,36,28,19,12,5,2,0,2,
70,29,45,50,71,71,69,68,62,55,45,36,28,19,12,5,2,0,2,
48,70,44,111,57,21,24,2,62,55,45,36,28,19,12,5,2,0,2,
71,69,74,73,71,71,69,68,62,55,45,36,28,19,12,5,2,0,2,
74,28,74,73,71,71,69,68,62,55,45,36,28,19,12,5,2,0,2,
39,75,74,73,71,71,69,68,62,55,45,36,28,19,12,5,2,0,2,
95,63,74,73,71,71,69,68,62,55,45,36,28,19,12,5,2,0,2,
87,95,69,23,65,19,94,48,62,55,45,36,28,19,12,5,2,0,2,
76,21,9,46,58,54,69,68,62,55,45,36,28,19,12,5,2,0,2,
90,75,74,73,71,71,69,68,62,55,45,36,28,19,12,5,2,0,2,
48,70,40,72,71,71,69,68,62,55,45,36,28,19,12,5,2,0,2,
95,83,68,0,34,37,47,68,62,55,45,36,28,19,12,5,2,0,2,
14,98,96,67,7,103,43,89,62,55,45,36,28,19,12,5,2,0,2,
79,90,103,73,71,71,69,68,62,55,45,36,28,19,12,5,2,0,2,
14,115,69,3,35,83,74,96,14,22,2,23,15,5,12,5,2,0,2,
70,36,107,31,71,71,69,68,62,55,45,36,28,19,12,5,2,0,2,
16,41,74,73,71,71,69,68,62,55,45,36,28,19,12,5,2,0,2,
50,58,42,73,71,71,69,68,62,55,45,36,28,19,12,5,2,0,2,
97,27,37,73,71,71,69,68,62,55,45,36,28,19,12,5,2,0,2,
14,35,40,73,71,71,69,68,62,55,45,36,28,19,12,5,2,0,2,
14,35,45,73,71,71,69,68,62,55,45,36,28,19,12,5,2,0,2,
111,15,67,50,71,71,69,68,62,55,45,36,28,19,12,5,2,0,2,
54,105,97,60,64,49,69,68,62,55,45,36,28,19,12,5,2,0,2,
36,75,74,73,71,71,69,68,62,55,45,36,28,19,12,5,2,0,2,
80,41,9,73,71,71,69,68,62,55,45,36,28,19,12,5,2,0,2,
97,35,30,73,71,71,69,68,62,55,45,36,28,19,12,5,2,0,2,
103,75,74,73,71,71,69,68,62,55,45,36,28,19,12,5,2,0,2,
27,35,33,73,71,71,69,68,62,55,45,36,28,19,12,5,2,0,2,
111,69,19,28,79,9,69,68,62,55,45,36,28,19,12,5,2,0,2,
53,41,74,73,71,71,69,68,62,55,45,36,28,19,12,5,2,0,2,
98,70,34,73,71,71,69,68,62,55,45,36,28,19,12,5,2,0,2,
107,98,69,50,99,71,69,68,62,55,45,36,28,19,12,5,2,0,2,
14,95,69,15,23,40,36,29,62,55,45,36,28,19,12,5,2,0,2,
74,75,74,73,71,71,69,68,62,55,45,36,28,19,12,5,2,0,2,
107,7,34,28,71,71,69,68,62,55,45,36,28,19,12,5,2,0,2,
3,46,30,11,71,71,69,68,62,55,45,36,28,19,12,5,2,0,2,
45,75,74,73,71,71,69,68,62,55,45,36,28,19,12,5,2,0,2,
55,31,10,84,59,49,69,68,62,55,45,36,28,19,12,5,2,0,2,
71,79,74,73,71,71,69,68,62,55,45,36,28,19,12,5,2,0,2,
54,69,18,50,60,71,69,68,62,55,45,36,28,19,12,5,2,0,2,
58,35,27,42,71,71,69,68,62,55,45,36,28,19,12,5,2,0,2,
95,106,57,111,15,11,69,68,62,55,45,36,28,19,12,5,2,0,2,
95,75,74,73,71,71,69,68,62,55,45,36,28,19,12,5,2,0,2,
24,75,74,73,71,71,69,68,62,55,45,36,28,19,12,5,2,0,2,
50,98,69,67,73,34,8,54,20,17,28,36,28,19,12,5,2,0,2,
107,70,6,99,71,71,69,68,62,55,45,36,28,19,12,5,2,0,2,
111,53,69,73,71,71,69,68,62,55,45,36,28,19,12,5,2,0,2,
39,82,74,73,71,71,69,68,62,55,45,36,28,19,12,5,2,0,2,
45,69,63,73,71,71,69,68,62,55,45,36,28,19,12,5,2,0,2,
71,29,74,73,71,71,69,68,62,55,45,36,28,19,12,5,2,0,2,
53,75,74,73,71,71,69,68,62,55,45,36,28,19,12,5,2,0,2,
24,57,46,110,86,88,97,68,62,55,45,36,28,19,12,5,2,0,2,
107,35,79,73,71,71,69,68,62,55,45,36,28,19,12,5,2,0,2,
58,23,74,73,71,71,69,68,62,55,45,36,28,19,12,5,2,0,2,
29,75,74,73,71,71,69,68,62,55,45,36,28,19,12,5,2,0,2,
36,75,74,73,71,71,69,68,62,55,45,36,28,19,12,5,2,0,2,
71,41,74,73,71,71,69,68,62,55,45,36,28,19,12,5,2,0,2,
105,70,74,73,71,71,69,68,62,55,45,36,28,19,12,5,2,0,2,
42,75,74,73,71,71,69,68,62,55,45,36,28,19,12,5,2,0,2,
39,75,74,73,71,71,69,68,62,55,45,36,28,19,12,5,2,0,2,
107,35,40,36,71,71,69,68,62,55,45,36,28,19,12,5,2,0,2,
14,75,74,73,71,71,69,68,62,55,45,36,28,19,12,5,2,0,2,
98,75,74,73,71,71,69,68,62,55,45,36,28,19,12,5,2,0,2,
42,68,74,73,71,71,69,68,62,55,45,36,28,19,12,5,2,0,2,
83,70,79,21,99,71,69,68,62,55,45,36,28,19,12,5,2,0,2,
54,98,68,43,17,59,69,68,62,55,45,36,28,19,12,5,2,0,2,
98,75,74,73,71,71,69,68,62,55,45,36,28,19,12,5,2,0,2,
101,116,74,73,71,71,69,68,62,55,45,36,28,19,12,5,2,0,2,
47,75,74,73,71,71,69,68,62,55,45,36,28,19,12,5,2,0,2,
50,113,82,73,71,71,69,68,62,55,45,36,28,19,12,5,2,0,2,
3,26,14,40,64,71,69,68,62,55,45,36,28,19,12,5,2,0,2,
62,21,74,73,71,71,69,68,62,55,45,36,28,19,12,5,2,0,2,
48,106,69,73,71,71,69,68,62,55,45,36,28,19,12,5,2,0,2,
105,113,68,73,71,71,69,68,62,55,45,36,28,19,12,5,2,0,2,
70,29,74,73,71,71,69,68,62,55,45,36,28,19,12,5,2,0,2,
74,75,74,73,71,71,69,68,62,55,45,36,28,19,12,5,2,0,2,
16,75,74,73,71,71,69,68,62,55,45,36,28,19,12,5,2,0,2,
71,19,74,73,71,71,69,68,62,55,45,36,28,19,12,5,2,0,2,
95,115,68,20,31,71,69,68,62,55,45,36,28,19,12,5,2,0,2,
83,79,51,44,110,71,69,68,62,55,45,36,28,19,12,5,2,0,2,
111,23,79,40,70,71,69,68,62,55,45,36,28,19,12,5,2,0,2,
48,75,74,73,71,71,69,68,62,55,45,36,28,19,12,5,2,0,2,
24,20,74,73,71,71,69,68,62,55,45,36,28,19,12,5,2,0,2,
71,29,74,73,71,71,69,68,62,55,45,36,28,19,12,5,2,0,2,
15,75,74,73,71,71,69,68,62,55,45,36,28,19,12,5,2,0,2,
50,70,57,15,105,82,69,68,62,55,45,36,28,19,12,5,2,0,2,
16,41,74,73,71,71,69,68,62,55,45,36,28,19,12,5,2,0,2,
98,70,41,31,99,71,69,68,62,55,45,36,28,19,12,5,2,0,2,
108,41,74,73,71,71,69,68,62,55,45,36,28,19,12,5,2,0,2,
54,70,96,73,71,71,69,68,62,55,45,36,28,19,12,5,2,0,2,
42,75,74,73,71,71,69,68,62,55,45,36,28,19,12,5,2,0,2,
24,53,104,96,28,86,47,68,62,55,45,36,28,19,12,5,2,0,2,
3,109,40,66,71,71,69,68,62,55,45,36,28,19,12,5,2,0,2,
14,37,74,73,71,71,69,68,62,55,45,36,28,19,12,5,2,0,2,
98,70,68,35,41,44,69,68,62,55,45,36,28,19,12,5,2,0,2,
42,46,74,73,71,71,69,68,62,55,45,36,28,19,12,5,2,0,2,
58,19,62,73,71,71,69,68,62,55,45,36,28,19,12,5,2,0,2,
111,115,68,34,20,71,69,68,62,55,45,36,28,19,12,5,2,0,2,
45,70,34,23,20,71,69,68,62,55,45,36,28,19,12,5,2,0,2,
95,79,74,73,71,71,69,68,62,55,45,36,28,19,12,5,2,0,2,
111,79,79,73,71,71,69,68,62,55,45,36,28,19,12,5,2,0,2,
56,23,97,68,71,71,69,68,62,55,45,36,28,19,12,5,2,0,2,
53,41,27,73,71,71,69,68,62,55,45,36,28,19,12,5,2,0,2,
32,75,74,73,71,71,69,68,62,55,45,36,28,19,12,5,2,0,2,
71,36,112,15,109,71,69,68,62,55,45,36,28,19,12,5,2,0,2,
54,70,68,111,15,105,56,68,62,55,45,36,28,19,12,5,2,0,2,
50,53,87,90,99,59,47,51,62,55,45,36,28,19,12,5,2,0,2,
70,80,74,73,71,71,69,68,62,55,45,36,28,19,12,5,2,0,2,
42,75,74,73,71,71,69,68,62,55,45,36,28,19,12,5,2,0,2,
107,13,112,33,23,28,95,68,62,55,45,36,28,19,12,5,2,0,2,
17,75,74,73,71,71,69,68,62,55,45,36,28,19,12,5,2,0,2,
48,3,7,111,49,71,69,68,62,55,45,36,28,19,12,5,2,0,2,
24,69,20,100,29,47,39,55,81,76,45,36,28,19,12,5,2,0,2,
42,38,51,73,71,71,69,68,62,55,45,36,28,19,12,5,2,0,2,
14,70,27,73,71,71,69,68,62,55,45,36,28,19,12,5,2,0,2,
95,53,97,71,71,71,69,68,62,55,45,36,28,19,12,5,2,0,2,
16,75,74,73,71,71,69,68,62,55,45,36,28,19,12,5,2,0,2,
43,88,49,33,40,71,69,68,62,55,45,36,28,19,12,5,2,0,2,
97,61,27,73,71,71,69,68,62,55,45,36,28,19,12,5,2,0,2,
111,79,51,23,40,20,53,91,62,55,45,36,28,19,12,5,2,0,2,
20,28,114,102,42,49,69,68,62,55,45,36,28,19,12,5,2,0,2,
24,75,74,73,71,71,69,68,62,55,45,36,28,19,12,5,2,0,2,
42,117,74,73,71,71,69,68,62,55,45,36,28,19,12,5,2,0,2,
47,104,42,73,71,71,69,68,62,55,45,36,28,19,12,5,2,0,2,
112,75,74,73,71,71,69,68,62,55,45,36,28,19,12,5,2,0,2,
95,53,69,95,71,71,69,68,62,55,45,36,28,19,12,5,2,0,2,
79,90,62,73,71,71,69,68,62,55,45,36,28,19,12,5,2,0,2,
70,0,107,73,71,71,69,68,62,55,45,36,28,19,12,5,2,0,2,
24,98,74,73,71,71,69,68,62,55,45,36,28,19,12,5,2,0,2,
17,75,74,73,71,71,69,68,62,55,45,36,28,19,12,5,2,0,2,
14,95,46,104,78,23,39,37,9,55,45,36,28,19,12,5,2,0,2,
48,6,23,73,71,71,69,68,62,55,45,36,28,19,12,5,2,0,2,
71,29,40,42,16,71,69,68,62,55,45,36,28,19,12,5,2,0,2,
24,97,74,73,71,71,69,68,62,55,45,36,28,19,12,5,2,0,2,
95,47,105,14,73,40,43,91,39,55,45,36,28,19,12,5,2,0,2,
50,75,74,73,71,71,69,68,62,55,45,36,28,19,12,5,2,0,2,
76,75,74,73,71,71,69,68,62,55,45,36,28,19,12,5,2,0,2,
58,75,74,73,71,71,69,68,62,55,45,36,28,19,12,5,2,0,2,
98,14,49,23,9,49,69,68,62,55,45,36,28,19,12,5,2,0,2,
37,75,74,73,71,71,69,68,62,55,45,36,28,19,12,5,2,0,2,
50,75,74,73,71,71,69,68,62,55,45,36,28,19,12,5,2,0,2,
63,16,74,73,71,71,69,68,62,55,45,36,28,19,12,5,2,0,2,
71,75,74,73,71,71,69,68,62,55,45,36,28,19,12,5,2,0,2,
98,90,79,40,28,77,47,68,62,55,45,36,28,19,12,5,2,0,2,
53,75,74,73,71,71,69,68,62,55,45,36,28,19,12,5,2,0,2,
42,86,74,73,71,71,69,68,62,55,45,36,28,19,12,5,2,0,2,
48,69,40,61,49,71,69,68,62,55,45,36,28,19,12,5,2,0,2,
45,53,82,103,21,88,65,68,62,55,45,36,28,19,12,5,2,0,2,
14,20,27,11,49,71,69,68,62,55,45,36,28,19,12,5,2,0,2,
109,75,74,73,71,71,69,68,62,55,45,36,28,19,12,5,2,0,2,
98,35,19,73,71,71,69,68,62,55,45,36,28,19,12,5,2,0,2,
55,38,81,60,71,71,69,68,62,55,45,36,28,19,12,5,2,0,2,
14,47,52,96,92,65,0,22,79,65,49,8,28,19,12,5,2,0,2,
95,35,36,73,71,71,69,68,62,55,45,36,28,19,12,5,2,0,2,
39,75,74,73,71,71,69,68,62,55,45,36,28,19,12,5,2,0,2,
42,20,61,73,71,71,69,68,62,55,45,36,28,19,12,5,2,0,2,
16,31,10,42,71,71,69,68,62,55,45,36,28,19,12,5,2,0,2,
39,75,74,73,71,71,69,68,62,55,45,36,28,19,12,5,2,0,2,
114,75,74,73,71,71,69,68,62,55,45,36,28,19,12,5,2,0,2,
42,46,74,73,71,71,69,68,62,55,45,36,28,19,12,5,2,0,2,
21,75,74,73,71,71,69,68,62,55,45,36,28,19,12,5,2,0,2,
69,75,74,73,71,71,69,68,62,55,45,36,28,19,12,5,2,0,2,
70,37,74,73,71,71,69,68,62,55,45,36,28,19,12,5,2,0,2,
107,47,69,21,34,1,23,42,84,37,45,36,28,19,12,5,2,0,2,
107,83,16,73,71,71,69,68,62,55,45,36,28,19,12,5,2,0,2,
113,75,74,73,71,71,69,68,62,55,45,36,28,19,12,5,2,0,2,
54,69,78,35,41,21,39,21,41,67,66,23,28,19,12,5,2,0,2,
16,75,74,73,71,71,69,68,62,55,45,36,28,19,12,5,2,0,2,
107,115,7,40,71,71,69,68,62,55,45,36,28,19,12,5,2,0,2,
71,23,112,15,105,40,57,68,62,55,45,36,28,19,12,5,2,0,2,
95,47,74,73,71,71,69,68,62,55,45,36,28,19,12,5,2,0,2,
58,70,57,73,71,71,69,68,62,55,45,36,28,19,12,5,2,0,2,
107,13,52,96,65,14,52,32,66,27,37,36,28,19,12,5,2,0,2,
3,38,61,73,71,71,69,68,62,55,45,36,28,19,12,5,2,0,2,
3,15,27,73,71,71,69,68,62,55,45,36,28,19,12,5,2,0,2,
98,70,68,23,89,71,69,68,62,55,45,36,28,19,12,5,2,0,2,
37,19,90,42,49,71,69,68,62,55,45,36,28,19,12,5,2,0,2,
107,95,80,34,15,44,74,55,44,55,45,36,28,19,12,5,2,0,2,
95,81,78,59,29,21,22,38,30,6,49,15,34,23,9,5,2,0,2,
16,9,74,73,71,71,69,68,62,55,45,36,28,19,12,5,2,0,2,
70,23,36,73,71,71,69,68,62,55,45,36,28,19,12,5,2,0,2,
71,114,40,73,71,71,69,68,62,55,45,36,28,19,12,5,2,0,2,
14,49,94,23,40,20,28,67,62,55,45,36,28,19,12,5,2,0,2,
105,98,107,73,71,71,69,68,62,55,45,36,28,19,12,5,2,0,2,
14,58,74,73,71,71,69,68,62,55,45,36,28,19,12,5,2,0,2,
24,75,74,73,71,71,69,68,62,55,45,36,28,19,12,5,2,0,2,
85,75,74,73,71,71,69,68,62,55,45,36,28,19,12,5,2,0,2,
98,75,74,73,71,71,69,68,62,55,45,36,28,19,12,5,2,0,2,
80,75,74,73,71,71,69,68,62,55,45,36,28,19,12,5,2,0,2,
42,75,74,73,71,71,69,68,62,55,45,36,28,19,12,5,2,0,2,
24,95,46,104,66,54,69,68,62,55,45,36,28,19,12,5,2,0,2,
42,37,74,73,71,71,69,68,62,55,45,36,28,19,12,5,2,0,2,
71,54,95,40,28,71,69,68,62,55,45,36,28,19,12,5,2,0,2,
36,75,74,73,71,71,69,68,62,55,45,36,28,19,12,5,2,0,2,
29,75,74,73,71,71,69,68,62,55,45,36,28,19,12,5,2,0,2,
39,75,74,73,71,71,69,68,62,55,45,36,28,19,12,5,2,0,2,
95,70,68,79,96,71,69,68,62,55,45,36,28,19,12,5,2,0,2,
44,75,74,73,71,71,69,68,62,55,45,36,28,19,12,5,2,0,2,
58,47,69,35,86,71,69,68,62,55,45,36,28,19,12,5,2,0,2,
29,75,74,73,71,71,69,68,62,55,45,36,28,19,12,5,2,0,2,
45,53,69,23,76,41,33,68,62,55,45,36,28,19,12,5,2,0,2,
107,55,48,55,106,90,64,73,68,37,45,36,28,19,12,5,2,0,2,
70,7,34,36,71,71,69,68,62,55,45,36,28,19,12,5,2,0,2,
107,57,52,68,71,71,69,68,62,55,45,36,28,19,12,5,2,0,2,
71,75,74,73,71,71,69,68,62,55,45,36,28,19,12,5,2,0,2,
70,21,38,44,59,71,69,68,62,55,45,36,28,19,12,5,2,0,2,
24,98,69,88,34,15,69,68,62,55,45,36,28,19,12,5,2,0,2,
71,80,22,40,49,71,69,68,62,55,45,36,28,19,12,5,2,0,2,
14,49,97,68,49,71,69,68,62,55,45,36,28,19,12,5,2,0,2,
95,113,97,68,3,75,21,24,62,55,45,36,28,19,12,5,2,0,2,
48,98,68,73,71,71,69,68,62,55,45,36,28,19,12,5,2,0,2,
36,75,74,73,71,71,69,68,62,55,45,36,28,19,12,5,2,0,2,
15,104,42,62,71,71,69,68,62,55,45,36,28,19,12,5,2,0,2,
63,75,74,73,71,71,69,68,62,55,45,36,28,19,12,5,2,0,2,
105,23,19,61,71,71,69,68,62,55,45,36,28,19,12,5,2,0,2,
71,69,6,23,59,71,69,68,62,55,45,36,28,19,12,5,2,0,2,
14,55,112,23,40,28,47,68,62,55,45,36,28,19,12,5,2,0,2,
95,98,33,23,71,71,69,68,62,55,45,36,28,19,12,5,2,0,2,
36,75,74,73,71,71,69,68,62,55,45,36,28,19,12,5,2,0,2,
71,69,51,73,71,71,69,68,62,55,45,36,28,19,12,5,2,0,2,
79,35,74,73,71,71,69,68,62,55,45,36,28,19,12,5,2,0,2,
95,47,57,44,42,49,69,68,62,55,45,36,28,19,12,5,2,0,2,
68,11,12,19,71,71,69,68,62,55,45,36,28,19,12,5,2,0,2,
107,57,97,68,77,34,69,68,62,55,45,36,28,19,12,5,2,0,2,
107,67,34,50,71,71,69,68,62,55,45,36,28,19,12,5,2,0,2,
24,41,74,73,71,71,69,68,62,55,45,36,28,19,12,5,2,0,2,
50,104,74,73,71,71,69,68,62,55,45,36,28,19,12,5,2,0,2,
74,114,22,40,71,71,69,68,62,55,45,36,28,19,12,5,2,0,2,
45,98,107,86,17,40,20,55,62,55,45,36,28,19,12,5,2,0,2,
68,79,26,50,40,59,69,68,62,55,45,36,28,19,12,5,2,0,2,
107,75,74,73,71,71,69,68,62,55,45,36,28,19,12,5,2,0,2,
50,114,22,40,71,71,69,68,62,55,45,36,28,19,12,5,2,0,2,
14,49,46,96,65,83,33,24,62,55,45,36,28,19,12,5,2,0,2,
71,75,74,73,71,71,69,68,62,55,45,36,28,19,12,5,2,0,2,
98,35,74,73,71,71,69,68,62,55,45,36,28,19,12,5,2,0,2,
14,98,34,28,49,71,69,68,62,55,45,36,28,19,12,5,2,0,2,
36,23,27,61,71,71,69,68,62,55,45,36,28,19,12,5,2,0,2,
70,75,74,73,71,71,69,68,62,55,45,36,28,19,12,5,2,0,2,
54,115,14,73,71,71,69,68,62,55,45,36,28,19,12,5,2,0,2,
36,41,74,73,71,71,69,68,62,55,45,36,28,19,12,5,2,0,2,
104,115,74,73,71,71,69,68,62,55,45,36,28,19,12,5,2,0,2,
98,70,14,11,36,49,69,68,62,55,45,36,28,19,12,5,2,0,2,
105,70,96,67,76,34,72,30,6,74,38,36,28,19,12,5,2,0,2,
50,53,97,73,71,71,69,68,62,55,45,36,28,19,12,5,2,0,2,
42,75,74,73,71,71,69,68,62,55,45,36,28,19,12,5,2,0,2,
98,75,74,73,71,71,69,68,62,55,45,36,28,19,12,5,2,0,2,
66,75,74,73,71,71,69,68,62,55,45,36,28,19,12,5,2,0,2,
53,75,74,73,71,71,69,68,62,55,45,36,28,19,12,5,2,0,2,
98,70,74,73,71,71,69,68,62,55,45,36,28,19,12,5,2,0,2,
58,95,87,27,40,44,97,48,62,55,45,36,28,19,12,5,2,0,2,
54,75,74,73,71,71,69,68,62,55,45,36,28,19,12,5,2,0,2,
107,75,74,73,71,71,69,68,62,55,45,36,28,19,12,5,2,0,2,
107,98,69,95,73,76,29,90,35,21,45,36,28,19,12,5,2,0,2,
74,51,74,73,71,71,69,68,62,55,45,36,28,19,12,5,2,0,2,
16,41,74,73,71,71,69,68,62,55,45,36,28,19,12,5,2,0,2,
24,75,74,73,71,71,69,68,62,55,45,36,28,19,12,5,2,0,2,
40,41,51,73,71,71,69,68,62,55,45,36,28,19,12,5,2,0,2,
111,98,74,73,71,71,69,68,62,55,45,36,28,19,12,5,2,0,2,
1,75,74,73,71,71,69,68,62,55,45,36,28,19,12,5,2,0,2,
21,75,74,73,71,71,69,68,62,55,45,36,28,19,12,5,2,0,2,
14,57,105,68,21,54,99,61,81,55,45,36,28,19,12,5,2,0,2,
79,25,114,73,71,71,69,68,62,55,45,36,28,19,12,5,2,0,2,
80,75,74,73,71,71,69,68,62,55,45,36,28,19,12,5,2,0,2,
50,53,35,56,21,71,69,68,62,55,45,36,28,19,12,5,2,0,2,
36,75,74,73,71,71,69,68,62,55,45,36,28,19,12,5,2,0,2,
107,70,68,88,34,80,69,68,62,55,45,36,28,19,12,5,2,0,2,
60,63,15,73,71,71,69,68,62,55,45,36,28,19,12,5,2,0,2,
17,75,74,73,71,71,69,68,62,55,45,36,28,19,12,5,2,0,2,
17,75,74,73,71,71,69,68,62,55,45,36,28,19,12,5,2,0,2,
42,28,74,73,71,71,69,68,62,55,45,36,28,19,12,5,2,0,2,
39,28,74,73,71,71,69,68,62,55,45,36,28,19,12,5,2,0,2,
108,41,74,73,71,71,69,68,62,55,45,36,28,19,12,5,2,0,2,
95,3,67,73,71,71,69,68,62,55,45,36,28,19,12,5,2,0,2,
80,114,45,11,71,71,69,68,62,55,45,36,28,19,12,5,2,0,2,
48,69,22,40,36,71,69,68,62,55,45,36,28,19,12,5,2,0,2,
69,75,74,73,71,71,69,68,62,55,45,36,28,19,12,5,2,0,2,
81,70,72,23,77,71,69,68,62,55,45,36,28,19,12,5,2,0,2,
53,75,74,73,71,71,69,68,62,55,45,36,28,19,12,5,2,0,2,
55,75,74,73,71,71,69,68,62,55,45,36,28,19,12,5,2,0,2,
48,67,79,34,23,40,43,68,62,55,45,36,28,19,12,5,2,0,2,
69,75,74,73,71,71,69,68,62,55,45,36,28,19,12,5,2,0,2,
60,37,42,61,71,71,69,68,62,55,45,36,28,19,12,5,2,0,2,
95,37,74,73,71,71,69,68,62,55,45,36,28,19,12,5,2,0,2,
36,28,51,56,71,71,69,68,62,55,45,36,28,19,12,5,2,0,2,
74,41,74,73,71,71,69,68,62,55,45,36,28,19,12,5,2,0,2,
14,35,74,73,71,71,69,68,62,55,45,36,28,19,12,5,2,0,2,
70,41,74,73,71,71,69,68,62,55,45,36,28,19,12,5,2,0,2,
16,41,36,73,71,71,69,68,62,55,45,36,28,19,12,5,2,0,2,
87,98,34,70,99,71,69,68,62,55,45,36,28,19,12,5,2,0,2,
83,98,101,23,49,71,69,68,62,55,45,36,28,19,12,5,2,0,2,
79,90,74,73,71,71,69,68,62,55,45,36,28,19,12,5,2,0,2,
64,75,74,73,71,71,69,68,62,55,45,36,28,19,12,5,2,0,2,
98,8,22,37,71,71,69,68,62,55,45,36,28,19,12,5,2,0,2,
34,70,68,98,77,34,20,68,62,55,45,36,28,19,12,5,2,0,2,
36,88,37,73,71,71,69,68,62,55,45,36,28,19,12,5,2,0,2,
29,52,74,73,71,71,69,68,62,55,45,36,28,19,12,5,2,0,2,
39,63,74,73,71,71,69,68,62,55,45,36,28,19,12,5,2,0,2,
108,75,74,73,71,71,69,68,62,55,45,36,28,19,12,5,2,0,2,
72,52,74,73,71,71,69,68,62,55,45,36,28,19,12,5,2,0,2,
50,47,10,61,71,71,69,68,62,55,45,36,28,19,12,5,2,0,2,
111,59,74,73,71,71,69,68,62,55,45,36,28,19,12,5,2,0,2,
14,57,52,96,92,19,39,12,62,55,45,36,28,19,12,5,2,0,2,
59,54,40,73,71,71,69,68,62,55,45,36,28,19,12,5,2,0,2,
53,75,74,73,71,71,69,68,62,55,45,36,28,19,12,5,2,0,2,
22,35,40,99,71,71,69,68,62,55,45,36,28,19,12,5,2,0,2,
111,41,74,73,71,71,69,68,62,55,45,36,28,19,12,5,2,0,2,
48,75,74,73,71,71,69,68,62,55,45,36,28,19,12,5,2,0,2,
108,75,74,73,71,71,69,68,62,55,45,36,28,19,12,5,2,0,2,
74,18,74,73,71,71,69,68,62,55,45,36,28,19,12,5,2,0,2,
107,35,79,73,71,71,69,68,62,55,45,36,28,19,12,5,2,0,2,
36,75,74,73,71,71,69,68,62,55,45,36,28,19,12,5,2,0,2,
47,80,74,73,71,71,69,68,62,55,45,36,28,19,12,5,2,0,2,
37,21,34,73,71,71,69,68,62,55,45,36,28,19,12,5,2,0,2,
111,70,78,35,44,59,69,68,62,55,45,36,28,19,12,5,2,0,2,
47,75,74,73,71,71,69,68,62,55,45,36,28,19,12,5,2,0,2,
14,41,37,81,70,71,69,68,62,55,45,36,28,19,12,5,2,0,2,
48,41,74,73,71,71,69,68,62,55,45,36,28,19,12,5,2,0,2,
42,75,74,73,71,71,69,68,62,55,45,36,28,19,12,5,2,0,2,
85,21,22,36,49,71,69,68,62,55,45,36,28,19,12,5,2,0,2,
12,75,74,73,71,71,69,68,62,55,45,36,28,19,12,5,2,0,2,
111,69,35,14,77,34,6,68,62,55,45,36,28,19,12,5,2,0,2,
10,75,74,73,71,71,69,68,62,55,45,36,28,19,12,5,2,0,2,
45,35,37,73,71,71,69,68,62,55,45,36,28,19,12,5,2,0,2,
114,63,74,73,71,71,69,68,62,55,45,36,28,19,12,5,2,0,2,
71,79,70,73,71,71,69,68,62,55,45,36,28,19,12,5,2,0,2,
16,75,74,73,71,71,69,68,62,55,45,36,28,19,12,5,2,0,2,
81,113,1,69,71,71,69,68,62,55,45,36,28,19,12,5,2,0,2,
72,75,74,73,71,71,69,68,62,55,45,36,28,19,12,5,2,0,2,
98,70,96,73,71,71,69,68,62,55,45,36,28,19,12,5,2,0,2,
54,98,74,73,71,71,69,68,62,55,45,36,28,19,12,5,2,0,2,
42,75,74,73,71,71,69,68,62,55,45,36,28,19,12,5,2,0,2,
39,75,74,73,71,71,69,68,62,55,45,36,28,19,12,5,2,0,2,
36,20,74,73,71,71,69,68,62,55,45,36,28,19,12,5,2,0,2,
81,113,52,96,108,89,63,96,14,55,45,36,28,19,12,5,2,0,2,
48,3,13,21,86,103,20,68,62,55,45,36,28,19,12,5,2,0,2,
95,52,74,73,71,71,69,68,62,55,45,36,28,19,12,5,2,0,2,
24,70,74,73,71,71,69,68,62,55,45,36,28,19,12,5,2,0,2,
95,47,52,96,66,94,45,68,62,55,45,36,28,19,12,5,2,0,2,
2,75,74,73,71,71,69,68,62,55,45,36,28,19,12,5,2,0,2,
29,75,74,73,71,71,69,68,62,55,45,36,28,19,12,5,2,0,2,
21,75,74,73,71,71,69,68,62,55,45,36,28,19,12,5,2,0,2,
86,43,74,73,71,71,69,68,62,55,45,36,28,19,12,5,2,0,2,
114,75,74,73,71,71,69,68,62,55,45,36,28,19,12,5,2,0,2,
105,70,89,42,102,71,69,68,62,55,45,36,28,19,12,5,2,0,2,
50,25,34,73,71,71,69,68,62,55,45,36,28,19,12,5,2,0,2,
50,105,69,67,76,83,72,82,62,55,45,36,28,19,12,5,2,0,2,
20,1,58,50,71,71,69,68,62,55,45,36,28,19,12,5,2,0,2,
48,75,74,73,71,71,69,68,62,55,45,36,28,19,12,5,2,0,2,
92,75,74,73,71,71,69,68,62,55,45,36,28,19,12,5,2,0,2,
98,3,27,99,110,54,69,68,62,55,45,36,28,19,12,5,2,0,2,
91,75,74,73,71,71,69,68,62,55,45,36,28,19,12,5,2,0,2,
48,69,34,11,71,71,69,68,62,55,45,36,28,19,12,5,2,0,2,
50,23,40,102,71,71,69,68,62,55,45,36,28,19,12,5,2,0,2,
50,57,80,96,38,40,69,68,62,55,45,36,28,19,12,5,2,0,2,
107,57,80,51,34,40,31,68,62,55,45,36,28,19,12,5,2,0,2,
36,23,37,73,71,71,69,68,62,55,45,36,28,19,12,5,2,0,2,
70,31,74,73,71,71,69,68,62,55,45,36,28,19,12,5,2,0,2,
113,41,42,73,71,71,69,68,62,55,45,36,28,19,12,5,2,0,2,
14,113,113,73,71,71,69,68,62,55,45,36,28,19,12,5,2,0,2,
48,98,69,3,54,23,20,10,62,55,45,36,28,19,12,5,2,0,2,
22,35,74,73,71,71,69,68,62,55,45,36,28,19,12,5,2,0,2,
97,35,74,73,71,71,69,68,62,55,45,36,28,19,12,5,2,0,2,
71,36,74,73,71,71,69,68,62,55,45,36,28,19,12,5,2,0,2,
71,75,74,73,71,71,69,68,62,55,45,36,28,19,12,5,2,0,2,
98,75,74,73,71,71,69,68,62,55,45,36,28,19,12,5,2,0,2,
14,57,52,68,23,89,63,22,32,22,45,36,28,19,12,5,2,0,2,
24,58,74,73,71,71,69,68,62,55,45,36,28,19,12,5,2,0,2,
48,98,89,56,15,21,39,48,62,55,45,36,28,19,12,5,2,0,2,
87,75,74,73,71,71,69,68,62,55,45,36,28,19,12,5,2,0,2,
24,95,46,80,93,66,63,73,49,59,31,20,28,19,12,5,2,0,2,
96,31,74,73,71,71,69,68,62,55,45,36,28,19,12,5,2,0,2,
22,116,74,73,71,71,69,68,62,55,45,36,28,19,12,5,2,0,2,
14,75,74,73,71,71,69,68,62,55,45,36,28,19,12,5,2,0,2,
96,75,74,73,71,71,69,68,62,55,45,36,28,19,12,5,2,0,2,
11,75,74,73,71,71,69,68,62,55,45,36,28,19,12,5,2,0,2,
70,15,21,84,110,71,69,68,62,55,45,36,28,19,12,5,2,0,2,
56,98,96,0,84,49,69,68,62,55,45,36,28,19,12,5,2,0,2,
14,75,74,73,71,71,69,68,62,55,45,36,28,19,12,5,2,0,2,
107,95,46,104,78,21,49,30,41,27,31,36,28,19,12,5,2,0,2,
95,106,13,1,49,37,69,68,62,55,45,36,28,19,12,5,2,0,2,
29,37,74,73,71,71,69,68,62,55,45,36,28,19,12,5,2,0,2,
71,9,74,73,71,71,69,68,62,55,45,36,28,19,12,5,2,0,2,
71,75,74,73,71,71,69,68,62,55,45,36,28,19,12,5,2,0,2,
111,98,66,67,23,71,69,68,62,55,45,36,28,19,12,5,2,0,2,
87,88,21,24,71,71,69,68,62,55,45,36,28,19,12,5,2,0,2,
82,48,74,73,71,71,69,68,62,55,45,36,28,19,12,5,2,0,2,
80,75,74,73,71,71,69,68,62,55,45,36,28,19,12,5,2,0,2,
14,35,79,73,71,71,69,68,62,55,45,36,28,19,12,5,2,0,2,
80,48,62,73,71,71,69,68,62,55,45,36,28,19,12,5,2,0,2,
14,23,46,80,106,69,20,68,62,55,45,36,28,19,12,5,2,0,2,
68,52,74,73,71,71,69,68,62,55,45,36,28,19,12,5,2,0,2,
45,57,69,78,21,69,23,97,62,55,45,36,28,19,12,5,2,0,2,
71,3,14,31,71,71,69,68,62,55,45,36,28,19,12,5,2,0,2,
58,95,105,73,71,71,69,68,62,55,45,36,28,19,12,5,2,0,2,
38,75,74,73,71,71,69,68,62,55,45,36,28,19,12,5,2,0,2,
53,75,74,73,71,71,69,68,62,55,45,36,28,19,12,5,2,0,2,
37,75,74,73,71,71,69,68,62,55,45,36,28,19,12,5,2,0,2,
105,98,69,88,96,71,69,68,62,55,45,36,28,19,12,5,2,0,2,
53,75,74,73,71,71,69,68,62,55,45,36,28,19,12,5,2,0,2,
29,75,74,73,71,71,69,68,62,55,45,36,28,19,12,5,2,0,2,
76,48,61,4,71,71,69,68,62,55,45,36,28,19,12,5,2,0,2,
71,35,14,73,71,71,69,68,62,55,45,36,28,19,12,5,2,0,2,
71,3,34,8,57,13,21,23,41,60,45,36,28,19,12,5,2,0,2,
16,75,74,73,71,71,69,68,62,55,45,36,28,19,12,5,2,0,2,
14,26,34,73,71,71,69,68,62,55,45,36,28,19,12,5,2,0,2,
58,75,74,73,71,71,69,68,62,55,45,36,28,19,12,5,2,0,2,
107,98,3,73,71,71,69,68,62,55,45,36,28,19,12,5,2,0,2,
71,63,74,73,71,71,69,68,62,55,45,36,28,19,12,5,2,0,2,
29,20,74,73,71,71,69,68,62,55,45,36,28,19,12,5,2,0,2,
36,41,74,73,71,71,69,68,62,55,45,36,28,19,12,5,2,0,2,
105,75,74,73,71,71,69,68,62,55,45,36,28,19,12,5,2,0,2,
71,73,40,73,71,71,69,68,62,55,45,36,28,19,12,5,2,0,2,
14,53,97,3,42,71,69,68,62,55,45,36,28,19,12,5,2,0,2,
58,113,68,52,84,23,20,91,62,55,45,36,28,19,12,5,2,0,2,
16,38,81,72,71,71,69,68,62,55,45,36,28,19,12,5,2,0,2,
107,98,69,95,77,54,98,48,62,55,45,36,28,19,12,5,2,0,2,
70,109,40,73,71,71,69,68,62,55,45,36,28,19,12,5,2,0,2,
20,20,51,73,71,71,69,68,62,55,45,36,28,19,12,5,2,0,2,
1,41,19,73,71,71,69,68,62,55,45,36,28,19,12,5,2,0,2,
45,47,22,67,43,54,39,44,34,55,45,36,28,19,12,5,2,0,2,
14,47,111,68,23,3,15,40,41,23,58,44,28,19,12,5,2,0,2,
48,106,69,73,71,71,69,68,62,55,45,36,28,19,12,5,2,0,2,
71,15,62,73,71,71,69,68,62,55,45,36,28,19,12,5,2,0,2,
51,38,74,73,71,71,69,68,62,55,45,36,28,19,12,5,2,0,2,
50,75,74,73,71,71,69,68,62,55,45,36,28,19,12,5,2,0,2,
105,109,40,50,71,71,69,68,62,55,45,36,28,19,12,5,2,0,2,
14,83,68,84,54,71,69,68,62,55,45,36,28,19,12,5,2,0,2,
50,57,94,51,100,90,8,24,35,79,45,36,28,19,12,5,2,0,2,
95,70,68,56,21,40,41,48,62,55,45,36,28,19,12,5,2,0,2,
95,75,74,73,71,71,69,68,62,55,45,36,28,19,12,5,2,0,2,
14,49,68,26,19,47,53,57,44,55,45,36,28,19,12,5,2,0,2,
111,63,74,73,71,71,69,68,62,55,45,36,28,19,12,5,2,0,2,
112,55,22,44,71,71,69,68,62,55,45,36,28,19,12,5,2,0,2,
97,79,20,29,31,71,69,68,62,55,45,36,28,19,12,5,2,0,2,
79,75,74,73,71,71,69,68,62,55,45,36,28,19,12,5,2,0,2,
105,70,22,3,77,81,21,52,62,55,45,36,28,19,12,5,2,0,2,
14,97,40,73,71,71,69,68,62,55,45,36,28,19,12,5,2,0,2,
53,75,74,73,71,71,69,68,62,55,45,36,28,19,12,5,2,0,2,
95,104,63,73,71,71,69,68,62,55,45,36,28,19,12,5,2,0,2,
78,38,74,73,71,71,69,68,62,55,45,36,28,19,12,5,2,0,2,
37,75,74,73,71,71,69,68,62,55,45,36,28,19,12,5,2,0,2,
42,9,61,73,71,71,69,68,62,55,45,36,28,19,12,5,2,0,2,
71,41,67,73,71,71,69,68,62,55,45,36,28,19,12,5,2,0,2,
50,57,20,40,71,71,69,68,62,55,45,36,28,19,12,5,2,0,2,
24,75,74,73,71,71,69,68,62,55,45,36,28,19,12,5,2,0,2,
112,75,74,73,71,71,69,68,62,55,45,36,28,19,12,5,2,0,2,
71,90,74,73,71,71,69,68,62,55,45,36,28,19,12,5,2,0,2,
36,75,74,73,71,71,69,68,62,55,45,36,28,19,12,5,2,0,2,
71,30,74,73,71,71,69,68,62,55,45,36,28,19,12,5,2,0,2,
45,85,78,41,84,71,69,68,62,55,45,36,28,19,12,5,2,0,2,
107,95,82,96,28,76,69,68,62,55,45,36,28,19,12,5,2,0,2,
102,41,74,73,71,71,69,68,62,55,45,36,28,19,12,5,2,0,2,
50,47,40,28,89,59,69,68,62,55,45,36,28,19,12,5,2,0,2,
95,6,40,28,55,76,56,48,62,55,45,36,28,19,12,5,2,0,2,
51,23,74,73,71,71,69,68,62,55,45,36,28,19,12,5,2,0,2,
14,106,97,41,107,74,94,68,62,55,45,36,28,19,12,5,2,0,2,
107,44,3,67,43,54,15,40,62,55,45,36,28,19,12,5,2,0,2,
80,28,74,73,71,71,69,68,62,55,45,36,28,19,12,5,2,0,2,
14,69,19,73,71,71,69,68,62,55,45,36,28,19,12,5,2,0,2,
27,20,74,73,71,71,69,68,62,55,45,36,28,19,12,5,2,0,2,
98,80,42,108,71,71,69,68,62,55,45,36,28,19,12,5,2,0,2,
21,116,61,73,71,71,69,68,62,55,45,36,28,19,12,5,2,0,2,
95,47,68,75,34,47,39,44,61,60,37,33,37,19,12,5,2,0,2,
58,53,103,73,71,71,69,68,62,55,45,36,28,19,12,5,2,0,2,
70,68,74,73,71,71,69,68,62,55,45,36,28,19,12,5,2,0,2,
14,49,52,96,66,23,63,72,0,69,14,23,28,19,12,5,2,0,2,
80,75,74,73,71,71,69,68,62,55,45,36,28,19,12,5,2,0,2,
98,76,16,27,55,49,69,68,62,55,45,36,28,19,12,5,2,0,2,
24,73,112,37,61,71,69,68,62,55,45,36,28,19,12,5,2,0,2,
48,68,74,73,71,71,69,68,62,55,45,36,28,19,12,5,2,0,2,
98,112,30,84,71,71,69,68,62,55,45,36,28,19,12,5,2,0,2,
29,80,70,73,71,71,69,68,62,55,45,36,28,19,12,5,2,0,2,
14,15,74,73,71,71,69,68,62,55,45,36,28,19,12,5,2,0,2,
97,59,74,73,71,71,69,68,62,55,45,36,28,19,12,5,2,0,2,
60,75,74,73,71,71,69,68,62,55,45,36,28,19,12,5,2,0,2,
98,70,68,34,56,47,41,17,62,55,45,36,28,19,12,5,2,0,2,
95,47,69,67,7,19,23,73,87,55,45,36,28,19,12,5,2,0,2,
14,41,51,73,71,71,69,68,62,55,45,36,28,19,12,5,2,0,2,
95,47,34,77,6,22,98,40,27,6,49,15,34,19,12,5,2,0,2,
48,52,40,20,28,11,74,68,62,55,45,36,28,19,12,5,2,0,2,
21,80,51,73,71,71,69,68,62,55,45,36,28,19,12,5,2,0,2,
14,98,112,73,71,71,69,68,62,55,45,36,28,19,12,5,2,0,2,
14,30,62,73,71,71,69,68,62,55,45,36,28,19,12,5,2,0,2,
20,89,74,73,71,71,69,68,62,55,45,36,28,19,12,5,2,0,2,
58,53,104,112,107,47,69,68,62,55,45,36,28,19,12,5,2,0,2,
107,47,74,73,71,71,69,68,62,55,45,36,28,19,12,5,2,0,2,
48,31,74,73,71,71,69,68,62,55,45,36,28,19,12,5,2,0,2,
24,116,74,73,71,71,69,68,62,55,45,36,28,19,12,5,2,0,2,
71,3,72,20,28,9,69,68,62,55,45,36,28,19,12,5,2,0,2,
1,75,74,73,71,71,69,68,62,55,45,36,28,19,12,5,2,0,2,
45,69,13,0,86,48,49,95,41,45,31,36,28,19,12,5,2,0,2,
105,3,66,67,76,83,33,68,62,55,45,36,28,19,12,5,2,0,2,
24,4,74,73,71,71,69,68,62,55,45,36,28,19,12,5,2,0,2,
48,114,28,19,82,60,57,68,62,55,45,36,28,19,12,5,2,0,2,
50,53,14,37,71,71,69,68,62,55,45,36,28,19,12,5,2,0,2,
95,70,14,40,70,71,69,68,62,55,45,36,28,19,12,5,2,0,2,
64,75,74,73,71,71,69,68,62,55,45,36,28,19,12,5,2,0,2,
97,102,60,31,71,71,69,68,62,55,45,36,28,19,12,5,2,0,2,
71,21,114,60,71,71,69,68,62,55,45,36,28,19,12,5,2,0,2,
14,23,37,73,71,71,69,68,62,55,45,36,28,19,12,5,2,0,2,
15,28,74,73,71,71,69,68,62,55,45,36,28,19,12,5,2,0,2,
48,40,26,23,44,105,69,68,62,55,45,36,28,19,12,5,2,0,2,
70,23,19,44,58,59,69,68,62,55,45,36,28,19,12,5,2,0,2,
98,69,35,14,21,31,94,42,62,55,45,36,28,19,12,5,2,0,2,
16,60,79,42,71,71,69,68,62,55,45,36,28,19,12,5,2,0,2,
79,62,74,73,71,71,69,68,62,55,45,36,28,19,12,5,2,0,2,
21,75,74,73,71,71,69,68,62,55,45,36,28,19,12,5,2,0,2,
112,75,74,73,71,71,69,68,62,55,45,36,28,19,12,5,2,0,2,
45,23,97,43,54,80,69,68,62,55,45,36,28,19,12,5,2,0,2,
14,3,0,111,82,18,65,48,62,55,45,36,28,19,12,5,2,0,2,
48,69,35,34,11,105,47,68,62,55,45,36,28,19,12,5,2,0,2,
95,53,68,41,44,71,69,68,62,55,45,36,28,19,12,5,2,0,2,
17,75,74,73,71,71,69,68,62,55,45,36,28,19,12,5,2,0,2,
14,98,34,111,29,21,23,29,44,55,45,36,28,19,12,5,2,0,2,
50,100,87,114,71,71,69,68,62,55,45,36,28,19,12,5,2,0,2,
107,95,46,68,54,93,69,68,62,55,45,36,28,19,12,5,2,0,2,
112,15,22,73,71,71,69,68,62,55,45,36,28,19,12,5,2,0,2,
50,53,82,3,76,14,99,56,62,55,45,36,28,19,12,5,2,0,2,
80,71,51,73,71,71,69,68,62,55,45,36,28,19,12,5,2,0,2,
107,69,28,23,71,71,69,68,62,55,45,36,28,19,12,5,2,0,2,
71,36,37,73,71,71,69,68,62,55,45,36,28,19,12,5,2,0,2,
24,106,52,103,66,83,74,68,62,55,45,36,28,19,12,5,2,0,2,
95,53,113,68,65,19,23,73,39,55,45,36,28,19,12,5,2,0,2,
87,47,52,96,65,75,21,34,36,55,45,36,28,19,12,5,2,0,2,
54,70,22,62,71,71,69,68,62,55,45,36,28,19,12,5,2,0,2,
85,1,40,73,71,71,69,68,62,55,45,36,28,19,12,5,2,0,2,
29,75,74,73,71,71,69,68,62,55,45,36,28,19,12,5,2,0,2,
71,88,6,58,27,40,57,68,62,55,45,36,28,19,12,5,2,0,2,
24,46,19,73,71,71,69,68,62,55,45,36,28,19,12,5,2,0,2,
107,70,79,34,57,6,19,32,62,55,45,36,28,19,12,5,2,0,2,
48,106,68,106,34,23,39,56,62,55,45,36,28,19,12,5,2,0,2,
86,56,51,73,71,71,69,68,62,55,45,36,28,19,12,5,2,0,2,
82,75,74,73,71,71,69,68,62,55,45,36,28,19,12,5,2,0,2,
95,70,70,73,71,71,69,68,62,55,45,36,28,19,12,5,2,0,2,
71,75,74,73,71,71,69,68,62,55,45,36,28,19,12,5,2,0,2,
107,106,97,40,37,71,69,68,62,55,45,36,28,19,12,5,2,0,2,
107,29,62,50,71,71,69,68,62,55,45,36,28,19,12,5,2,0,2,
11,75,74,73,71,71,69,68,62,55,45,36,28,19,12,5,2,0,2,
71,69,34,22,49,71,69,68,62,55,45,36,28,19,12,5,2,0,2,
111,70,41,43,77,34,52,30,20,6,45,36,28,19,12,5,2,0,2,
107,13,86,104,93,66,3,93,66,30,45,36,28,19,12,5,2,0,2,
95,47,68,34,70,71,69,68,62,55,45,36,28,19,12,5,2,0,2,
42,75,74,73,71,71,69,68,62,55,45,36,28,19,12,5,2,0,2,
50,53,69,17,49,71,69,68,62,55,45,36,28,19,12,5,2,0,2,
107,49,46,104,93,75,34,51,62,55,45,36,28,19,12,5,2,0,2,
45,70,0,23,42,71,69,68,62,55,45,36,28,19,12,5,2,0,2,
107,70,22,73,71,71,69,68,62,55,45,36,28,19,12,5,2,0,2,
75,75,74,73,71,71,69,68,62,55,45,36,28,19,12,5,2,0,2,
24,41,70,73,71,71,69,68,62,55,45,36,28,19,12,5,2,0,2,
42,75,74,73,71,71,69,68,62,55,45,36,28,19,12,5,2,0,2,
42,75,74,73,71,71,69,68,62,55,45,36,28,19,12,5,2,0,2,
70,75,74,73,71,71,69,68,62,55,45,36,28,19,12,5,2,0,2,
2,75,74,73,71,71,69,68,62,55,45,36,28,19,12,5,2,0,2,
107,98,68,14,7,76,33,80,62,55,45,36,28,19,12,5,2,0,2,
107,83,69,73,71,71,69,68,62,55,45,36,28,19,12,5,2,0,2,
105,69,7,111,64,71,69,68,62,55,45,36,28,19,12,5,2,0,2,
45,70,7,31,71,71,69,68,62,55,45,36,28,19,12,5,2,0,2,
41,35,20,19,71,71,69,68,62,55,45,36,28,19,12,5,2,0,2,
42,31,51,73,71,71,69,68,62,55,45,36,28,19,12,5,2,0,2,
58,35,26,40,71,71,69,68,62,55,45,36,28,19,12,5,2,0,2,
36,75,74,73,71,71,69,68,62,55,45,36,28,19,12,5,2,0,2,
50,98,34,73,71,71,69,68,62,55,45,36,28,19,12,5,2,0,2,
14,44,52,96,7,0,6,37,53,23,45,36,28,19,12,5,2,0,2,
14,55,22,85,45,97,88,66,47,30,66,40,28,19,12,5,2,0,2,
24,90,28,9,71,71,69,68,62,55,45,36,28,19,12,5,2,0,2,
111,36,74,73,71,71,69,68,62,55,45,36,28,19,12,5,2,0,2,
14,70,22,21,17,44,31,68,62,55,45,36,28,19,12,5,2,0,2,
14,53,69,15,40,80,69,68,62,55,45,36,28,19,12,5,2,0,2,
14,95,105,68,63,71,69,68,62,55,45,36,28,19,12,5,2,0,2,
87,98,34,73,71,71,69,68,62,55,45,36,28,19,12,5,2,0,2,
98,23,0,21,34,29,39,21,62,55,45,36,28,19,12,5,2,0,2,
42,38,74,73,71,71,69,68,62,55,45,36,28,19,12,5,2,0,2,
14,41,19,99,49,71,69,68,62,55,45,36,28,19,12,5,2,0,2,
36,114,27,73,71,71,69,68,62,55,45,36,28,19,12,5,2,0,2,
58,83,97,78,77,15,55,2,41,21,38,36,28,19,12,5,2,0,2,
50,57,52,96,66,76,79,22,41,28,50,29,28,19,12,5,2,0,2,
36,75,74,73,71,71,69,68,62,55,45,36,28,19,12,5,2,0,2,
105,53,104,68,92,65,32,64,62,55,45,36,28,19,12,5,2,0,2,
71,23,70,73,71,71,69,68,62,55,45,36,28,19,12,5,2,0,2,
107,53,69,29,71,71,69,68,62,55,45,36,28,19,12,5,2,0,2,
50,57,52,73,71,71,69,68,62,55,45,36,28,19,12,5,2,0,2,
14,70,28,73,71,71,69,68,62,55,45,36,28,19,12,5,2,0,2,
113,70,35,34,42,71,69,68,62,55,45,36,28,19,12,5,2,0,2,
53,23,63,73,71,71,69,68,62,55,45,36,28,19,12,5,2,0,2,
98,70,96,79,99,71,69,68,62,55,45,36,28,19,12,5,2,0,2,
14,95,82,96,66,0,21,13,51,55,45,36,28,19,12,5,2,0,2,
45,47,35,56,15,11,101,36,62,55,45,36,28,19,12,5,2,0,2,
24,20,74,73,71,71,69,68,62,55,45,36,28,19,12,5,2,0,2,
24,41,74,73,71,71,69,68,62,55,45,36,28,19,12,5,2,0,2,
45,53,82,68,77,34,99,16,51,55,45,36,28,19,12,5,2,0,2,
48,53,69,95,77,103,43,68,62,55,45,36,28,19,12,5,2,0,2,
48,106,97,40,37,86,69,68,62,55,45,36,28,19,12,5,2,0,2,
111,75,74,73,71,71,69,68,62,55,45,36,28,19,12,5,2,0,2,
71,35,112,29,71,71,69,68,62,55,45,36,28,19,12,5,2,0,2,
51,63,74,73,71,71,69,68,62,55,45,36,28,19,12,5,2,0,2,
98,100,77,50,71,71,69,68,62,55,45,36,28,19,12,5,2,0,2,
105,14,57,111,29,53,41,68,62,55,45,36,28,19,12,5,2,0,2,
98,70,1,40,28,55,69,68,62,55,45,36,28,19,12,5,2,0,2,
48,69,57,40,44,58,41,68,62,55,45,36,28,19,12,5,2,0,2,
36,28,74,73,71,71,69,68,62,55,45,36,28,19,12,5,2,0,2,
24,35,74,73,71,71,69,68,62,55,45,36,28,19,12,5,2,0,2,
71,79,74,73,71,71,69,68,62,55,45,36,28,19,12,5,2,0,2,
111,98,68,78,7,43,15,9,49,13,45,36,28,19,12,5,2,0,2,
50,98,74,73,71,71,69,68,62,55,45,36,28,19,12,5,2,0,2,
20,28,62,73,71,71,69,68,62,55,45,36,28,19,12,5,2,0,2,
98,115,69,56,71,71,69,68,62,55,45,36,28,19,12,5,2,0,2,
71,71,74,73,71,71,69,68,62,55,45,36,28,19,12,5,2,0,2,
109,75,74,73,71,71,69,68,62,55,45,36,28,19,12,5,2,0,2,
71,35,70,50,71,71,69,68,62,55,45,36,28,19,12,5,2,0,2,
71,69,51,73,71,71,69,68,62,55,45,36,28,19,12,5,2,0,2,
50,53,22,40,71,71,69,68,62,55,45,36,28,19,12,5,2,0,2,
14,35,40,73,71,71,69,68,62,55,45,36,28,19,12,5,2,0,2,
79,10,114,73,71,71,69,68,62,55,45,36,28,19,12,5,2,0,2,
50,47,80,51,93,66,23,62,32,55,45,36,28,19,12,5,2,0,2,
80,75,74,73,71,71,69,68,62,55,45,36,28,19,12,5,2,0,2,
32,63,74,73,71,71,69,68,62,55,45,36,28,19,12,5,2,0,2,
58,47,52,96,92,34,93,24,81,80,45,36,28,19,12,5,2,0,2,
24,87,46,104,50,90,33,13,43,37,28,9,28,19,12,5,2,0,2,
98,70,96,78,77,34,69,68,62,55,45,36,28,19,12,5,2,0,2,
71,23,68,106,34,88,29,18,41,28,45,36,28,19,12,5,2,0,2,
79,75,74,73,71,71,69,68,62,55,45,36,28,19,12,5,2,0,2,
96,59,98,11,77,71,69,68,62,55,45,36,28,19,12,5,2,0,2,
50,38,58,84,42,71,69,68,62,55,45,36,28,19,12,5,2,0,2,
36,8,18,50,71,71,69,68,62,55,45,36,28,19,12,5,2,0,2,
54,98,22,73,71,71,69,68,62,55,45,36,28,19,12,5,2,0,2,
95,83,68,34,71,71,69,68,62,55,45,36,28,19,12,5,2,0,2,
105,83,97,13,11,71,69,68,62,55,45,36,28,19,12,5,2,0,2,
14,26,6,23,2,49,69,68,62,55,45,36,28,19,12,5,2,0,2,
107,87,105,96,63,65,0,48,34,55,45,36,28,19,12,5,2,0,2,
24,70,58,31,71,71,69,68,62,55,45,36,28,19,12,5,2,0,2,
14,98,113,37,70,71,69,68,62,55,45,36,28,19,12,5,2,0,2,
32,75,74,73,71,71,69,68,62,55,45,36,28,19,12,5,2,0,2,
111,69,79,61,71,71,69,68,62,55,45,36,28,19,12,5,2,0,2,
74,19,100,73,71,71,69,68,62,55,45,36,28,19,12,5,2,0,2,
79,73,70,73,71,71,69,68,62,55,45,36,28,19,12,5,2,0,2,
24,87,104,96,66,65,74,34,62,55,45,36,28,19,12,5,2,0,2,
39,82,92,31,71,71,69,68,62,55,45,36,28,19,12,5,2,0,2,
44,75,74,73,71,71,69,68,62,55,45,36,28,19,12,5,2,0,2,
14,95,68,15,68,40,41,56,62,55,45,36,28,19,12,5,2,0,2,
48,98,68,88,29,17,19,76,58,55,45,36,28,19,12,5,2,0,2,
58,41,85,114,71,71,69,68,62,55,45,36,28,19,12,5,2,0,2,
79,75,74,73,71,71,69,68,62,55,45,36,28,19,12,5,2,0,2,
78,75,74,73,71,71,69,68,62,55,45,36,28,19,12,5,2,0,2,
98,79,34,15,105,76,69,68,62,55,45,36,28,19,12,5,2,0,2,
74,75,74,73,71,71,69,68,62,55,45,36,28,19,12,5,2,0,2,
107,44,56,110,93,66,63,73,14,30,26,35,42,19,12,5,2,0,2,
43,75,74,73,71,71,69,68,62,55,45,36,28,19,12,5,2,0,2,
29,75,74,73,71,71,69,68,62,55,45,36,28,19,12,5,2,0,2,
98,75,74,73,71,71,69,68,62,55,45,36,28,19,12,5,2,0,2,
71,97,3,8,98,37,28,57,62,55,45,36,28,19,12,5,2,0,2,
14,35,14,40,64,49,69,68,62,55,45,36,28,19,12,5,2,0,2,
54,80,74,73,71,71,69,68,62,55,45,36,28,19,12,5,2,0,2,
98,38,73,113,71,71,69,68,62,55,45,36,28,19,12,5,2,0,2,
0,42,51,40,37,93,94,51,62,55,45,36,28,19,12,5,2,0,2,
71,3,74,73,71,71,69,68,62,55,45,36,28,19,12,5,2,0,2,
70,7,74,73,71,71,69,68,62,55,45,36,28,19,12,5,2,0,2,
95,106,97,73,71,71,69,68,62,55,45,36,28,19,12,5,2,0,2,
107,55,57,61,71,71,69,68,62,55,45,36,28,19,12,5,2,0,2,
24,117,74,73,71,71,69,68,62,55,45,36,28,19,12,5,2,0,2,
85,3,14,50,71,71,69,68,62,55,45,36,28,19,12,5,2,0,2,
3,20,45,73,71,71,69,68,62,55,45,36,28,19,12,5,2,0,2,
98,70,22,67,35,0,19,64,62,55,45,36,28,19,12,5,2,0,2,
97,79,22,73,71,71,69,68,62,55,45,36,28,19,12,5,2,0,2,
39,75,74,73,71,71,69,68,62,55,45,36,28,19,12,5,2,0,2,
79,63,74,73,71,71,69,68,62,55,45,36,28,19,12,5,2,0,2,
107,75,74,73,71,71,69,68,62,55,45,36,28,19,12,5,2,0,2,
42,75,74,73,71,71,69,68,62,55,45,36,28,19,12,5,2,0,2,
102,86,74,73,71,71,69,68,62,55,45,36,28,19,12,5,2,0,2,
98,70,89,49,22,40,41,98,62,55,45,36,28,19,12,5,2,0,2,
21,80,51,73,71,71,69,68,62,55,45,36,28,19,12,5,2,0,2,
24,75,74,73,71,71,69,68,62,55,45,36,28,19,12,5,2,0,2,
42,101,74,73,71,71,69,68,62,55,45,36,28,19,12,5,2,0,2,
98,75,74,73,71,71,69,68,62,55,45,36,28,19,12,5,2,0,2,
95,54,62,73,71,71,69,68,62,55,45,36,28,19,12,5,2,0,2,
54,98,69,1,40,71,69,68,62,55,45,36,28,19,12,5,2,0,2,
70,28,74,73,71,71,69,68,62,55,45,36,28,19,12,5,2,0,2,
95,98,57,111,8,29,47,44,62,55,45,36,28,19,12,5,2,0,2,
105,20,74,73,71,71,69,68,62,55,45,36,28,19,12,5,2,0,2,
97,69,77,23,37,4,69,68,62,55,45,36,28,19,12,5,2,0,2,
34,75,74,73,71,71,69,68,62,55,45,36,28,19,12,5,2,0,2,
71,45,14,40,71,71,69,68,62,55,45,36,28,19,12,5,2,0,2,
58,98,113,27,71,71,69,68,62,55,45,36,28,19,12,5,2,0,2,
74,111,74,73,71,71,69,68,62,55,45,36,28,19,12,5,2,0,2,
58,73,74,73,71,71,69,68,62,55,45,36,28,19,12,5,2,0,2,
50,57,22,78,103,72,33,16,31,13,6,37,18,19,12,5,2,0,2,
105,29,40,31,11,105,78,80,81,48,45,36,28,19,12,5,2,0,2,
24,98,35,30,99,71,69,68,62,55,45,36,28,19,12,5,2,0,2,
111,69,78,73,71,71,69,68,62,55,45,36,28,19,12,5,2,0,2,
14,14,79,56,40,9,69,68,62,55,45,36,28,19,12,5,2,0,2,
14,53,22,77,17,37,47,68,62,55,45,36,28,19,12,5,2,0,2,
98,15,79,108,71,71,69,68,62,55,45,36,28,19,12,5,2,0,2,
39,75,74,73,71,71,69,68,62,55,45,36,28,19,12,5,2,0,2,
14,55,111,68,76,54,43,32,11,55,45,36,28,19,12,5,2,0,2,
24,41,74,73,71,71,69,68,62,55,45,36,28,19,12,5,2,0,2,
64,75,74,73,71,71,69,68,62,55,45,36,28,19,12,5,2,0,2,
42,75,74,73,71,71,69,68,62,55,45,36,28,19,12,5,2,0,2,
113,75,74,73,71,71,69,68,62,55,45,36,28,19,12,5,2,0,2,
3,35,10,73,71,71,69,68,62,55,45,36,28,19,12,5,2,0,2,
87,106,102,37,20,71,69,68,62,55,45,36,28,19,12,5,2,0,2,
59,41,51,73,71,71,69,68,62,55,45,36,28,19,12,5,2,0,2,
14,55,94,67,41,100,39,44,39,45,45,36,28,19,12,5,2,0,2,
58,53,104,88,44,105,69,68,62,55,45,36,28,19,12,5,2,0,2,
95,106,97,34,71,71,69,68,62,55,45,36,28,19,12,5,2,0,2,
100,68,74,73,71,71,69,68,62,55,45,36,28,19,12,5,2,0,2,
97,36,14,69,71,71,69,68,62,55,45,36,28,19,12,5,2,0,2,
107,57,97,79,49,71,69,68,62,55,45,36,28,19,12,5,2,0,2,
79,14,79,73,71,71,69,68,62,55,45,36,28,19,12,5,2,0,2,
71,41,36,61,71,71,69,68,62,55,45,36,28,19,12,5,2,0,2,
16,28,79,61,71,71,69,68,62,55,45,36,28,19,12,5,2,0,2,
71,97,40,37,60,71,69,68,62,55,45,36,28,19,12,5,2,0,2,
71,20,58,31,49,71,69,68,62,55,45,36,28,19,12,5,2,0,2,
95,78,38,60,104,71,69,68,62,55,45,36,28,19,12,5,2,0,2,
71,34,37,2,71,71,69,68,62,55,45,36,28,19,12,5,2,0,2,
78,62,74,73,71,71,69,68,62,55,45,36,28,19,12,5,2,0,2,
56,87,112,73,71,71,69,68,62,55,45,36,28,19,12,5,2,0,2,
114,75,74,73,71,71,69,68,62,55,45,36,28,19,12,5,2,0,2,
39,75,74,73,71,71,69,68,62,55,45,36,28,19,12,5,2,0,2,
74,75,74,73,71,71,69,68,62,55,45,36,28,19,12,5,2,0,2,
98,75,74,73,71,71,69,68,62,55,45,36,28,19,12,5,2,0,2,
58,79,8,73,71,71,69,68,62,55,45,36,28,19,12,5,2,0,2,
51,89,51,73,71,71,69,68,62,55,45,36,28,19,12,5,2,0,2,
58,95,52,96,66,65,74,16,45,7,14,48,15,8,11,5,2,0,2,
14,95,74,73,71,71,69,68,62,55,45,36,28,19,12,5,2,0,2,
24,38,74,73,71,71,69,68,62,55,45,36,28,19,12,5,2,0,2,
48,75,74,73,71,71,69,68,62,55,45,36,28,19,12,5,2,0,2,
98,70,3,65,65,21,17,68,62,55,45,36,28,19,12,5,2,0,2,
54,75,74,73,71,71,69,68,62,55,45,36,28,19,12,5,2,0,2,
3,23,45,73,71,71,69,68,62,55,45,36,28,19,12,5,2,0,2,
101,37,74,73,71,71,69,68,62,55,45,36,28,19,12,5,2,0,2,
83,70,96,40,71,71,69,68,62,55,45,36,28,19,12,5,2,0,2,
105,53,97,68,29,23,69,68,62,55,45,36,28,19,12,5,2,0,2,
42,75,74,73,71,71,69,68,62,55,45,36,28,19,12,5,2,0,2,
113,75,74,73,71,71,69,68,62,55,45,36,28,19,12,5,2,0,2,
29,75,74,73,71,71,69,68,62,55,45,36,28,19,12,5,2,0,2,
42,20,36,73,71,71,69,68,62,55,45,36,28,19,12,5,2,0,2,
78,28,74,73,71,71,69,68,62,55,45,36,28,19,12,5,2,0,2,
48,75,74,73,71,71,69,68,62,55,45,36,28,19,12,5,2,0,2,
42,75,74,73,71,71,69,68,62,55,45,36,28,19,12,5,2,0,2,
24,97,74,73,71,71,69,68,62,55,45,36,28,19,12,5,2,0,2,
98,115,3,88,77,57,12,22,62,55,45,36,28,19,12,5,2,0,2,
3,117,74,73,71,71,69,68,62,55,45,36,28,19,12,5,2,0,2,
14,98,50,15,44,31,69,68,62,55,45,36,28,19,12,5,2,0,2,
41,15,79,73,71,71,69,68,62,55,45,36,28,19,12,5,2,0,2,
112,41,74,73,71,71,69,68,62,55,45,36,28,19,12,5,2,0,2,
105,75,74,73,71,71,69,68,62,55,45,36,28,19,12,5,2,0,2,
24,41,45,57,59,71,69,68,62,55,45,36,28,19,12,5,2,0,2,
53,75,74,73,71,71,69,68,62,55,45,36,28,19,12,5,2,0,2,
14,92,74,73,71,71,69,68,62,55,45,36,28,19,12,5,2,0,2,
71,90,22,73,71,71,69,68,62,55,45,36,28,19,12,5,2,0,2,
42,75,74,73,71,71,69,68,62,55,45,36,28,19,12,5,2,0,2,
71,69,89,73,71,71,69,68,62,55,45,36,28,19,12,5,2,0,2,
16,80,36,73,71,71,69,68,62,55,45,36,28,19,12,5,2,0,2,
95,47,69,95,65,76,23,40,44,55,45,36,28,19,12,5,2,0,2,
74,75,74,73,71,71,69,68,62,55,45,36,28,19,12,5,2,0,2,
71,14,99,38,1,91,56,68,62,55,45,36,28,19,12,5,2,0,2,
71,3,68,56,71,71,69,68,62,55,45,36,28,19,12,5,2,0,2,
107,81,74,73,71,71,69,68,62,55,45,36,28,19,12,5,2,0,2,
95,78,19,73,71,71,69,68,62,55,45,36,28,19,12,5,2,0,2,
70,23,40,61,71,71,69,68,62,55,45,36,28,19,12,5,2,0,2,
70,10,103,73,71,71,69,68,62,55,45,36,28,19,12,5,2,0,2,
36,38,103,73,71,71,69,68,62,55,45,36,28,19,12,5,2,0,2,
42,46,37,73,71,71,69,68,62,55,45,36,28,19,12,5,2,0,2,
83,70,44,15,75,71,69,68,62,55,45,36,28,19,12,5,2,0,2,
68,58,1,61,71,71,69,68,62,55,45,36,28,19,12,5,2,0,2,
107,3,34,6,28,84,4,68,62,55,45,36,28,19,12,5,2,0,2,
52,56,74,73,71,71,69,68,62,55,45,36,28,19,12,5,2,0,2,
95,47,105,67,69,40,69,68,62,55,45,36,28,19,12,5,2,0,2,
48,98,69,95,73,76,37,57,62,55,45,36,28,19,12,5,2,0,2,
43,15,98,69,71,71,69,68,62,55,45,36,28,19,12,5,2,0,2,
79,75,74,73,71,71,69,68,62,55,45,36,28,19,12,5,2,0,2,
50,23,19,73,71,71,69,68,62,55,45,36,28,19,12,5,2,0,2,
83,58,103,73,71,71,69,68,62,55,45,36,28,19,12,5,2,0,2,
48,106,69,41,103,54,86,81,46,73,38,36,28,19,12,5,2,0,2,
98,75,74,73,71,71,69,68,62,55,45,36,28,19,12,5,2,0,2,
14,98,112,20,44,76,56,68,62,55,45,36,28,19,12,5,2,0,2,
80,75,74,73,71,71,69,68,62,55,45,36,28,19,12,5,2,0,2,
42,75,74,73,71,71,69,68,62,55,45,36,28,19,12,5,2,0,2,
70,109,40,73,71,71,69,68,62,55,45,36,28,19,12,5,2,0,2,
105,28,74,73,71,71,69,68,62,55,45,36,28,19,12,5,2,0,2,
24,41,79,50,71,71,69,68,62,55,45,36,28,19,12,5,2,0,2,
39,75,74,73,71,71,69,68,62,55,45,36,28,19,12,5,2,0,2,
90,75,74,73,71,71,69,68,62,55,45,36,28,19,12,5,2,0,2,
86,75,74,73,71,71,69,68,62,55,45,36,28,19,12,5,2,0,2,
24,41,9,79,49,71,69,68,62,55,45,36,28,19,12,5,2,0,2,
98,75,74,73,71,71,69,68,62,55,45,36,28,19,12,5,2,0,2,
70,29,22,99,71,71,69,68,62,55,45,36,28,19,12,5,2,0,2,
110,10,74,73,71,71,69,68,62,55,45,36,28,19,12,5,2,0,2,
48,69,25,111,71,71,69,68,62,55,45,36,28,19,12,5,2,0,2,
71,114,62,73,71,71,69,68,62,55,45,36,28,19,12,5,2,0,2,
95,41,74,73,71,71,69,68,62,55,45,36,28,19,12,5,2,0,2,
95,106,80,96,107,19,23,42,62,55,45,36,28,19,12,5,2,0,2,
95,98,107,86,37,28,69,68,62,55,45,36,28,19,12,5,2,0,2,
50,75,74,73,71,71,69,68,62,55,45,36,28,19,12,5,2,0,2,
70,41,45,73,71,71,69,68,62,55,45,36,28,19,12,5,2,0,2,
58,47,52,68,34,23,53,68,62,55,45,36,28,19,12,5,2,0,2,
53,75,74,73,71,71,69,68,62,55,45,36,28,19,12,5,2,0,2,
79,43,74,73,71,71,69,68,62,55,45,36,28,19,12,5,2,0,2,
98,114,74,73,71,71,69,68,62,55,45,36,28,19,12,5,2,0,2,
22,75,74,73,71,71,69,68,62,55,45,36,28,19,12,5,2,0,2,
113,70,40,73,71,71,69,68,62,55,45,36,28,19,12,5,2,0,2,
48,23,78,34,71,71,69,68,62,55,45,36,28,19,12,5,2,0,2,
71,73,74,73,71,71,69,68,62,55,45,36,28,19,12,5,2,0,2,
29,75,74,73,71,71,69,68,62,55,45,36,28,19,12,5,2,0,2,
48,70,68,15,40,20,69,68,62,55,45,36,28,19,12,5,2,0,2,
101,104,74,73,71,71,69,68,62,55,45,36,28,19,12,5,2,0,2,
48,70,30,79,71,71,69,68,62,55,45,36,28,19,12,5,2,0,2,
21,75,74,73,71,71,69,68,62,55,45,36,28,19,12,5,2,0,2,
71,52,74,73,71,71,69,68,62,55,45,36,28,19,12,5,2,0,2,
29,75,74,73,71,71,69,68,62,55,45,36,28,19,12,5,2,0,2,
48,106,97,95,35,15,39,12,62,55,45,36,28,19,12,5,2,0,2,
24,57,113,3,76,7,96,34,47,64,31,36,28,19,12,5,2,0,2,
110,104,65,73,71,71,69,68,62,55,45,36,28,19,12,5,2,0,2,
113,46,58,73,71,71,69,68,62,55,45,36,28,19,12,5,2,0,2,
98,70,74,73,71,71,69,68,62,55,45,36,28,19,12,5,2,0,2,
95,40,60,73,71,71,69,68,62,55,45,36,28,19,12,5,2,0,2,
79,75,74,73,71,71,69,68,62,55,45,36,28,19,12,5,2,0,2,
87,95,52,96,69,76,33,51,27,23,39,36,28,19,12,5,2,0,2,
24,41,74,73,71,71,69,68,62,55,45,36,28,19,12,5,2,0,2,
108,76,50,15,28,31,11,42,44,55,45,36,28,19,12,5,2,0,2,
59,61,45,102,71,71,69,68,62,55,45,36,28,19,12,5,2,0,2,
16,17,27,73,71,71,69,68,62,55,45,36,28,19,12,5,2,0,2,
39,75,74,73,71,71,69,68,62,55,45,36,28,19,12,5,2,0,2,
48,69,78,0,49,40,43,76,62,55,45,36,28,19,12,5,2,0,2,
14,47,69,7,107,44,69,68,62,55,45,36,28,19,12,5,2,0,2,
42,75,74,73,71,71,69,68,62,55,45,36,28,19,12,5,2,0,2,
36,75,74,73,71,71,69,68,62,55,45,36,28,19,12,5,2,0,2,
15,23,74,73,71,71,69,68,62,55,45,36,28,19,12,5,2,0,2,
29,75,74,73,71,71,69,68,62,55,45,36,28,19,12,5,2,0,2,
48,53,69,39,34,37,11,68,62,55,45,36,28,19,12,5,2,0,2,
78,17,103,73,71,71,69,68,62,55,45,36,28,19,12,5,2,0,2,
36,75,74,73,71,71,69,68,62,55,45,36,28,19,12,5,2,0,2,
95,47,69,34,54,71,69,68,62,55,45,36,28,19,12,5,2,0,2,
111,69,74,73,71,71,69,68,62,55,45,36,28,19,12,5,2,0,2,
58,95,52,86,28,4,94,68,62,55,45,36,28,19,12,5,2,0,2,
95,35,100,50,71,71,69,68,62,55,45,36,28,19,12,5,2,0,2,
107,15,40,73,71,71,69,68,62,55,45,36,28,19,12,5,2,0,2,
71,0,34,50,71,71,69,68,62,55,45,36,28,19,12,5,2,0,2,
58,83,97,34,71,71,69,68,62,55,45,36,28,19,12,5,2,0,2,
105,91,42,73,71,71,69,68,62,55,45,36,28,19,12,5,2,0,2,
80,62,74,73,71,71,69,68,62,55,45,36,28,19,12,5,2,0,2,
54,23,96,15,77,18,69,68,62,55,45,36,28,19,12,5,2,0,2,
57,75,74,73,71,71,69,68,62,55,45,36,28,19,12,5,2,0,2,
71,23,20,50,71,71,69,68,62,55,45,36,28,19,12,5,2,0,2,
107,104,74,73,71,71,69,68,62,55,45,36,28,19,12,5,2,0,2,
24,53,97,95,65,35,29,92,88,55,45,36,28,19,12,5,2,0,2,
97,69,57,73,71,71,69,68,62,55,45,36,28,19,12,5,2,0,2,
107,52,74,73,71,71,69,68,62,55,45,36,28,19,12,5,2,0,2,
105,97,28,38,71,71,69,68,62,55,45,36,28,19,12,5,2,0,2,
70,75,74,73,71,71,69,68,62,55,45,36,28,19,12,5,2,0,2,
36,75,74,73,71,71,69,68,62,55,45,36,28,19,12,5,2,0,2,
24,53,96,36,59,71,69,68,62,55,45,36,28,19,12,5,2,0,2,
58,75,74,73,71,71,69,68,62,55,45,36,28,19,12,5,2,0,2,
58,7,37,73,71,71,69,68,62,55,45,36,28,19,12,5,2,0,2,
36,23,74,73,71,71,69,68,62,55,45,36,28,19,12,5,2,0,2,
16,41,74,73,71,71,69,68,62,55,45,36,28,19,12,5,2,0,2,
29,75,74,73,71,71,69,68,62,55,45,36,28,19,12,5,2,0,2,
71,75,74,73,71,71,69,68,62,55,45,36,28,19,12,5,2,0,2,
58,20,74,73,71,71,69,68,62,55,45,36,28,19,12,5,2,0,2,
56,75,74,73,71,71,69,68,62,55,45,36,28,19,12,5,2,0,2,
15,40,20,50,60,71,69,68,62,55,45,36,28,19,12,5,2,0,2,
14,0,34,40,71,71,69,68,62,55,45,36,28,19,12,5,2,0,2,
39,82,51,73,71,71,69,68,62,55,45,36,28,19,12,5,2,0,2,
42,75,74,73,71,71,69,68,62,55,45,36,28,19,12,5,2,0,2,
48,70,96,67,107,15,19,61,62,55,45,36,28,19,12,5,2,0,2,
98,70,34,59,71,71,69,68,62,55,45,36,28,19,12,5,2,0,2,
87,35,106,73,71,71,69,68,62,55,45,36,28,19,12,5,2,0,2,
70,21,25,34,23,40,43,37,66,45,45,36,28,19,12,5,2,0,2,
48,69,51,62,59,71,69,68,62,55,45,36,28,19,12,5,2,0,2,
56,53,14,73,71,71,69,68,62,55,45,36,28,19,12,5,2,0,2,
24,41,58,73,71,71,69,68,62,55,45,36,28,19,12,5,2,0,2,
87,70,68,12,47,40,58,68,62,55,45,36,28,19,12,5,2,0,2,
56,53,41,111,71,71,69,68,62,55,45,36,28,19,12,5,2,0,2,
107,75,74,73,71,71,69,68,62,55,45,36,28,19,12,5,2,0,2,
24,98,78,17,71,71,69,68,62,55,45,36,28,19,12,5,2,0,2,
60,75,74,73,71,71,69,68,62,55,45,36,28,19,12,5,2,0,2,
71,79,74,73,71,71,69,68,62,55,45,36,28,19,12,5,2,0,2,
36,75,74,73,71,71,69,68,62,55,45,36,28,19,12,5,2,0,2,
58,87,74,73,71,71,69,68,62,55,45,36,28,19,12,5,2,0,2,
95,83,21,73,71,71,69,68,62,55,45,36,28,19,12,5,2,0,2,
24,105,96,77,40,28,41,68,62,55,45,36,28,19,12,5,2,0,2,
95,98,96,111,99,71,69,68,62,55,45,36,28,19,12,5,2,0,2,
24,20,58,73,71,71,69,68,62,55,45,36,28,19,12,5,2,0,2,
14,98,69,14,86,72,58,59,44,55,45,36,28,19,12,5,2,0,2,
105,81,69,34,71,71,69,68,62,55,45,36,28,19,12,5,2,0,2,
107,57,69,46,71,71,69,68,62,55,45,36,28,19,12,5,2,0,2,
45,87,69,43,34,15,77,44,48,35,45,36,28,19,12,5,2,0,2,
24,0,112,73,71,71,69,68,62,55,45,36,28,19,12,5,2,0,2,
50,95,69,95,65,37,97,68,62,55,45,36,28,19,12,5,2,0,2,
50,36,74,73,71,71,69,68,62,55,45,36,28,19,12,5,2,0,2,
95,106,97,39,86,15,11,68,62,55,45,36,28,19,12,5,2,0,2,
29,75,74,73,71,71,69,68,62,55,45,36,28,19,12,5,2,0,2,
111,82,74,73,71,71,69,68,62,55,45,36,28,19,12,5,2,0,2,
41,23,45,37,28,71,69,68,62,55,45,36,28,19,12,5,2,0,2,
36,75,74,73,71,71,69,68,62,55,45,36,28,19,12,5,2,0,2,
50,95,46,104,71,71,69,68,62,55,45,36,28,19,12,5,2,0,2,
71,35,85,42,59,71,69,68,62,55,45,36,28,19,12,5,2,0,2,
54,90,74,73,71,71,69,68,62,55,45,36,28,19,12,5,2,0,2,
24,57,52,68,92,65,40,22,66,77,18,19,28,19,12,5,2,0,2,
54,98,69,67,41,83,33,68,62,55,45,36,28,19,12,5,2,0,2,
48,98,69,29,71,71,69,68,62,55,45,36,28,19,12,5,2,0,2,
54,98,68,21,34,71,69,68,62,55,45,36,28,19,12,5,2,0,2,
101,75,74,73,71,71,69,68,62,55,45,36,28,19,12,5,2,0,2,
54,70,35,12,71,71,69,68,62,55,45,36,28,19,12,5,2,0,2,
24,81,69,34,20,101,69,68,62,55,45,36,28,19,12,5,2,0,2,
29,75,74,73,71,71,69,68,62,55,45,36,28,19,12,5,2,0,2,
71,75,74,73,71,71,69,68,62,55,45,36,28,19,12,5,2,0,2,
95,47,52,106,73,23,69,68,62,55,45,36,28,19,12,5,2,0,2,
39,75,74,73,71,71,69,68,62,55,45,36,28,19,12,5,2,0,2,
71,75,74,73,71,71,69,68,62,55,45,36,28,19,12,5,2,0,2,
83,98,68,78,14,21,69,68,62,55,45,36,28,19,12,5,2,0,2,
14,47,111,96,66,89,5,34,49,22,14,1,31,19,12,5,2,0,2,
98,75,74,73,71,71,69,68,62,55,45,36,28,19,12,5,2,0,2,
39,75,74,73,71,71,69,68,62,55,45,36,28,19,12,5,2,0,2,
71,75,74,73,71,71,69,68,62,55,45,36,28,19,12,5,2,0,2,
70,34,74,73,71,71,69,68,62,55,45,36,28,19,12,5,2,0,2,
14,15,40,57,59,49,69,68,62,55,45,36,28,19,12,5,2,0,2,
114,75,74,73,71,71,69,68,62,55,45,36,28,19,12,5,2,0,2,
96,111,74,73,71,71,69,68,62,55,45,36,28,19,12,5,2,0,2,
90,75,74,73,71,71,69,68,62,55,45,36,28,19,12,5,2,0,2,
107,35,74,73,71,71,69,68,62,55,45,36,28,19,12,5,2,0,2,
71,35,22,73,71,71,69,68,62,55,45,36,28,19,12,5,2,0,2,
107,47,52,65,35,103,43,68,62,55,45,36,28,19,12,5,2,0,2,
50,28,67,73,71,71,69,68,62,55,45,36,28,19,12,5,2,0,2,
51,75,74,73,71,71,69,68,62,55,45,36,28,19,12,5,2,0,2,
24,113,97,67,86,71,69,68,62,55,45,36,28,19,12,5,2,0,2,
105,53,97,35,71,71,69,68,62,55,45,36,28,19,12,5,2,0,2,
14,0,34,21,58,71,69,68,62,55,45,36,28,19,12,5,2,0,2,
71,78,106,73,71,71,69,68,62,55,45,36,28,19,12,5,2,0,2,
50,75,74,73,71,71,69,68,62,55,45,36,28,19,12,5,2,0,2,
24,75,74,73,71,71,69,68,62,55,45,36,28,19,12,5,2,0,2,
53,89,42,73,71,71,69,68,62,55,45,36,28,19,12,5,2,0,2,
14,53,89,106,34,23,69,68,62,55,45,36,28,19,12,5,2,0,2,
14,35,4,73,71,71,69,68,62,55,45,36,28,19,12,5,2,0,2,
39,75,74,73,71,71,69,68,62,55,45,36,28,19,12,5,2,0,2,
26,75,74,73,71,71,69,68,62,55,45,36,28,19,12,5,2,0,2,
107,35,74,73,71,71,69,68,62,55,45,36,28,19,12,5,2,0,2,
14,47,34,15,71,71,69,68,62,55,45,36,28,19,12,5,2,0,2,
42,59,74,73,71,71,69,68,62,55,45,36,28,19,12,5,2,0,2,
36,34,27,11,59,71,69,68,62,55,45,36,28,19,12,5,2,0,2,
48,75,74,73,71,71,69,68,62,55,45,36,28,19,12,5,2,0,2,
24,36,0,15,49,71,69,68,62,55,45,36,28,19,12,5,2,0,2,
107,20,90,73,71,71,69,68,62,55,45,36,28,19,12,5,2,0,2,
85,75,74,73,71,71,69,68,62,55,45,36,28,19,12,5,2,0,2,
34,106,80,96,71,71,69,68,62,55,45,36,28,19,12,5,2,0,2,
68,72,74,73,71,71,69,68,62,55,45,36,28,19,12,5,2,0,2,
71,97,73,61,54,71,69,68,62,55,45,36,28,19,12,5,2,0,2,
71,23,34,86,58,71,69,68,62,55,45,36,28,19,12,5,2,0,2,
71,69,107,11,42,59,69,68,62,55,45,36,28,19,12,5,2,0,2,
14,57,69,34,15,44,69,68,62,55,45,36,28,19,12,5,2,0,2,
11,75,74,73,71,71,69,68,62,55,45,36,28,19,12,5,2,0,2,
95,75,74,73,71,71,69,68,62,55,45,36,28,19,12,5,2,0,2,
71,75,74,73,71,71,69,68,62,55,45,36,28,19,12,5,2,0,2,
50,63,74,73,71,71,69,68,62,55,45,36,28,19,12,5,2,0,2,
111,98,68,26,34,71,69,68,62,55,45,36,28,19,12,5,2,0,2,
24,116,74,73,71,71,69,68,62,55,45,36,28,19,12,5,2,0,2,
80,75,74,73,71,71,69,68,62,55,45,36,28,19,12,5,2,0,2,
47,75,74,73,71,71,69,68,62,55,45,36,28,19,12,5,2,0,2,
71,75,74,73,71,71,69,68,62,55,45,36,28,19,12,5,2,0,2,
49,75,74,73,71,71,69,68,62,55,45,36,28,19,12,5,2,0,2,
24,70,74,73,71,71,69,68,62,55,45,36,28,19,12,5,2,0,2,
103,75,74,73,71,71,69,68,62,55,45,36,28,19,12,5,2,0,2,
50,75,74,73,71,71,69,68,62,55,45,36,28,19,12,5,2,0,2,
54,14,39,56,49,71,69,68,62,55,45,36,28,19,12,5,2,0,2,
24,73,74,73,71,71,69,68,62,55,45,36,28,19,12,5,2,0,2,
54,83,68,78,14,12,47,24,35,55,45,36,28,19,12,5,2,0,2,
105,70,79,109,40,71,69,68,62,55,45,36,28,19,12,5,2,0,2,
105,70,34,58,30,76,69,68,62,55,45,36,28,19,12,5,2,0,2,
39,75,74,73,71,71,69,68,62,55,45,36,28,19,12,5,2,0,2,
36,63,74,73,71,71,69,68,62,55,45,36,28,19,12,5,2,0,2,
71,23,37,73,71,71,69,68,62,55,45,36,28,19,12,5,2,0,2,
63,75,74,73,71,71,69,68,62,55,45,36,28,19,12,5,2,0,2,
97,84,36,73,71,71,69,68,62,55,45,36,28,19,12,5,2,0,2,
14,108,105,95,65,83,52,46,85,30,30,44,28,19,12,5,2,0,2,
107,13,46,96,76,41,33,49,66,66,31,36,28,19,12,5,2,0,2,
104,98,103,42,71,71,69,68,62,55,45,36,28,19,12,5,2,0,2,
81,113,74,73,71,71,69,68,62,55,45,36,28,19,12,5,2,0,2,
14,53,97,68,40,58,69,68,62,55,45,36,28,19,12,5,2,0,2,
39,74,74,73,71,71,69,68,62,55,45,36,28,19,12,5,2,0,2,
70,26,14,50,71,71,69,68,62,55,45,36,28,19,12,5,2,0,2,
29,74,74,73,71,71,69,68,62,55,45,36,28,19,12,5,2,0,2,
81,113,40,73,71,71,69,68,62,55,45,36,28,19,12,5,2,0,2,
81,98,50,73,71,71,69,68,62,55,45,36,28,19,12,5,2,0,2,
95,54,74,73,71,71,69,68,62,55,45,36,28,19,12,5,2,0,2,
71,28,74,73,71,71,69,68,62,55,45,36,28,19,12,5,2,0,2,
36,114,74,73,71,71,69,68,62,55,45,36,28,19,12,5,2,0,2,
36,75,74,73,71,71,69,68,62,55,45,36,28,19,12,5,2,0,2,
29,75,74,73,71,71,69,68,62,55,45,36,28,19,12,5,2,0,2,
24,75,74,73,71,71,69,68,62,55,45,36,28,19,12,5,2,0,2,
58,47,52,67,107,33,28,67,51,55,45,36,28,19,12,5,2,0,2,
42,75,74,73,71,71,69,68,62,55,45,36,28,19,12,5,2,0,2,
14,70,34,50,59,71,69,68,62,55,45,36,28,19,12,5,2,0,2,
14,35,40,73,71,71,69,68,62,55,45,36,28,19,12,5,2,0,2,
22,52,22,73,71,71,69,68,62,55,45,36,28,19,12,5,2,0,2,
32,10,62,73,71,71,69,68,62,55,45,36,28,19,12,5,2,0,2,
98,67,68,73,71,71,69,68,62,55,45,36,28,19,12,5,2,0,2,
29,63,74,73,71,71,69,68,62,55,45,36,28,19,12,5,2,0,2,
24,41,37,73,71,71,69,68,62,55,45,36,28,19,12,5,2,0,2,
81,75,74,73,71,71,69,68,62,55,45,36,28,19,12,5,2,0,2,
39,75,74,73,71,71,69,68,62,55,45,36,28,19,12,5,2,0,2,
73,75,74,73,71,71,69,68,62,55,45,36,28,19,12,5,2,0,2,
111,69,18,79,71,71,69,68,62,55,45,36,28,19,12,5,2,0,2,
95,17,54,113,71,71,69,68,62,55,45,36,28,19,12,5,2,0,2,
58,70,74,73,71,71,69,68,62,55,45,36,28,19,12,5,2,0,2,
70,38,19,57,42,71,69,68,62,55,45,36,28,19,12,5,2,0,2,
108,96,45,57,31,105,94,42,62,55,45,36,28,19,12,5,2,0,2,
48,17,45,73,71,71,69,68,62,55,45,36,28,19,12,5,2,0,2,
95,23,0,79,71,71,69,68,62,55,45,36,28,19,12,5,2,0,2,
60,75,74,73,71,71,69,68,62,55,45,36,28,19,12,5,2,0,2,
42,80,74,73,71,71,69,68,62,55,45,36,28,19,12,5,2,0,2,
58,53,68,78,86,22,69,68,62,55,45,36,28,19,12,5,2,0,2,
95,47,105,96,91,49,69,68,62,55,45,36,28,19,12,5,2,0,2,
14,69,74,73,71,71,69,68,62,55,45,36,28,19,12,5,2,0,2,
54,70,74,73,71,71,69,68,62,55,45,36,28,19,12,5,2,0,2,
107,98,22,67,7,34,57,68,62,55,45,36,28,19,12,5,2,0,2,
97,3,40,37,9,71,69,68,62,55,45,36,28,19,12,5,2,0,2,
97,75,74,73,71,71,69,68,62,55,45,36,28,19,12,5,2,0,2,
71,6,74,73,71,71,69,68,62,55,45,36,28,19,12,5,2,0,2,
71,35,74,73,71,71,69,68,62,55,45,36,28,19,12,5,2,0,2,
83,98,69,67,86,23,43,37,48,70,45,36,28,19,12,5,2,0,2,
54,83,69,23,75,22,36,68,62,55,45,36,28,19,12,5,2,0,2,
105,98,112,44,109,71,69,68,62,55,45,36,28,19,12,5,2,0,2,
58,106,97,68,25,34,15,40,62,55,45,36,28,19,12,5,2,0,2,
14,87,52,82,52,42,57,68,62,55,45,36,28,19,12,5,2,0,2,
74,35,74,73,71,71,69,68,62,55,45,36,28,19,12,5,2,0,2,
74,80,74,73,71,71,69,68,62,55,45,36,28,19,12,5,2,0,2,
48,70,22,40,71,71,69,68,62,55,45,36,28,19,12,5,2,0,2,
48,35,33,113,42,71,69,68,62,55,45,36,28,19,12,5,2,0,2,
92,75,74,73,71,71,69,68,62,55,45,36,28,19,12,5,2,0,2,
14,98,69,78,77,15,50,65,22,30,45,36,28,19,12,5,2,0,2,
48,41,64,73,71,71,69,68,62,55,45,36,28,19,12,5,2,0,2,
32,63,74,73,71,71,69,68,62,55,45,36,28,19,12,5,2,0,2,
71,35,74,73,71,71,69,68,62,55,45,36,28,19,12,5,2,0,2,
45,49,41,79,34,15,21,52,62,55,45,36,28,19,12,5,2,0,2,
107,55,94,104,107,17,47,97,51,55,45,36,28,19,12,5,2,0,2,
36,84,74,73,71,71,69,68,62,55,45,36,28,19,12,5,2,0,2,
87,90,74,73,71,71,69,68,62,55,45,36,28,19,12,5,2,0,2,
41,52,74,73,71,71,69,68,62,55,45,36,28,19,12,5,2,0,2,
71,17,74,73,71,71,69,68,62,55,45,36,28,19,12,5,2,0,2,
39,75,74,73,71,71,69,68,62,55,45,36,28,19,12,5,2,0,2,
14,44,105,43,71,71,69,68,62,55,45,36,28,19,12,5,2,0,2,
59,52,67,73,71,71,69,68,62,55,45,36,28,19,12,5,2,0,2,
98,38,74,73,71,71,69,68,62,55,45,36,28,19,12,5,2,0,2,
14,106,111,68,23,75,69,68,62,55,45,36,28,19,12,5,2,0,2,
58,47,52,96,66,89,74,68,62,55,45,36,28,19,12,5,2,0,2,
111,14,53,19,9,49,69,68,62,55,45,36,28,19,12,5,2,0,2,
58,53,69,67,105,71,69,68,62,55,45,36,28,19,12,5,2,0,2,
107,97,68,41,107,28,69,68,62,55,45,36,28,19,12,5,2,0,2,
48,70,79,111,40,28,69,68,62,55,45,36,28,19,12,5,2,0,2,
71,66,74,73,71,71,69,68,62,55,45,36,28,19,12,5,2,0,2,
95,114,14,20,77,49,69,68,62,55,45,36,28,19,12,5,2,0,2,
3,14,62,50,71,71,69,68,62,55,45,36,28,19,12,5,2,0,2,
71,41,85,73,71,71,69,68,62,55,45,36,28,19,12,5,2,0,2,
16,116,88,73,71,71,69,68,62,55,45,36,28,19,12,5,2,0,2,
26,35,37,73,71,71,69,68,62,55,45,36,28,19,12,5,2,0,2,
98,70,44,40,71,71,69,68,62,55,45,36,28,19,12,5,2,0,2,
4,75,74,73,71,71,69,68,62,55,45,36,28,19,12,5,2,0,2,
98,69,101,23,71,71,69,68,62,55,45,36,28,19,12,5,2,0,2,
85,35,74,73,71,71,69,68,62,55,45,36,28,19,12,5,2,0,2,
98,109,34,23,37,70,69,68,62,55,45,36,28,19,12,5,2,0,2,
47,75,74,73,71,71,69,68,62,55,45,36,28,19,12,5,2,0,2,
111,98,68,73,71,71,69,68,62,55,45,36,28,19,12,5,2,0,2,
98,70,22,67,76,83,33,30,39,55,45,36,28,19,12,5,2,0,2,
8,75,74,73,71,71,69,68,62,55,45,36,28,19,12,5,2,0,2,
114,75,74,73,71,71,69,68,62,55,45,36,28,19,12,5,2,0,2,
24,41,37,73,71,71,69,68,62,55,45,36,28,19,12,5,2,0,2,
14,69,28,57,71,71,69,68,62,55,45,36,28,19,12,5,2,0,2,
71,116,74,73,71,71,69,68,62,55,45,36,28,19,12,5,2,0,2,
37,37,74,73,71,71,69,68,62,55,45,36,28,19,12,5,2,0,2,
56,98,68,71,44,55,57,68,62,55,45,36,28,19,12,5,2,0,2,
60,116,74,73,71,71,69,68,62,55,45,36,28,19,12,5,2,0,2,
85,57,107,34,40,71,69,68,62,55,45,36,28,19,12,5,2,0,2,
39,82,74,73,71,71,69,68,62,55,45,36,28,19,12,5,2,0,2,
95,47,14,66,71,71,69,68,62,55,45,36,28,19,12,5,2,0,2,
74,41,19,91,71,71,69,68,62,55,45,36,28,19,12,5,2,0,2,
48,53,68,21,43,103,54,52,11,44,45,36,28,19,12,5,2,0,2,
30,75,74,73,71,71,69,68,62,55,45,36,28,19,12,5,2,0,2,
42,75,74,73,71,71,69,68,62,55,45,36,28,19,12,5,2,0,2,
14,114,74,73,71,71,69,68,62,55,45,36,28,19,12,5,2,0,2,
37,75,74,73,71,71,69,68,62,55,45,36,28,19,12,5,2,0,2,
79,75,74,73,71,71,69,68,62,55,45,36,28,19,12,5,2,0,2,
48,75,74,73,71,71,69,68,62,55,45,36,28,19,12,5,2,0,2,
104,79,53,99,59,71,69,68,62,55,45,36,28,19,12,5,2,0,2,
71,75,74,73,71,71,69,68,62,55,45,36,28,19,12,5,2,0,2,
70,38,19,73,71,71,69,68,62,55,45,36,28,19,12,5,2,0,2,
87,53,104,96,23,37,57,68,62,55,45,36,28,19,12,5,2,0,2,
105,35,74,73,71,71,69,68,62,55,45,36,28,19,12,5,2,0,2,
100,75,74,73,71,71,69,68,62,55,45,36,28,19,12,5,2,0,2,
71,75,74,73,71,71,69,68,62,55,45,36,28,19,12,5,2,0,2,
71,114,45,73,71,71,69,68,62,55,45,36,28,19,12,5,2,0,2,
14,35,74,73,71,71,69,68,62,55,45,36,28,19,12,5,2,0,2,
89,75,74,73,71,71,69,68,62,55,45,36,28,19,12,5,2,0,2,
58,70,68,7,71,71,69,68,62,55,45,36,28,19,12,5,2,0,2,
14,70,34,40,55,31,11,45,50,55,45,36,28,19,12,5,2,0,2,
14,36,112,12,40,55,89,83,62,55,45,36,28,19,12,5,2,0,2,
48,51,74,73,71,71,69,68,62,55,45,36,28,19,12,5,2,0,2,
107,52,74,73,71,71,69,68,62,55,45,36,28,19,12,5,2,0,2,
58,53,79,13,40,71,69,68,62,55,45,36,28,19,12,5,2,0,2,
97,73,87,19,71,71,69,68,62,55,45,36,28,19,12,5,2,0,2,
24,28,61,73,71,71,69,68,62,55,45,36,28,19,12,5,2,0,2,
70,63,74,73,71,71,69,68,62,55,45,36,28,19,12,5,2,0,2,
54,98,16,23,44,71,69,68,62,55,45,36,28,19,12,5,2,0,2,
105,36,107,31,77,42,69,68,62,55,45,36,28,19,12,5,2,0,2,
24,70,74,73,71,71,69,68,62,55,45,36,28,19,12,5,2,0,2,
45,70,41,19,71,71,69,68,62,55,45,36,28,19,12,5,2,0,2,
114,75,74,73,71,71,69,68,62,55,45,36,28,19,12,5,2,0,2,
86,104,42,56,71,71,69,68,62,55,45,36,28,19,12,5,2,0,2,
36,29,33,73,71,71,69,68,62,55,45,36,28,19,12,5,2,0,2,
14,44,68,21,20,2,97,68,62,55,45,36,28,19,12,5,2,0,2,
53,46,74,73,71,71,69,68,62,55,45,36,28,19,12,5,2,0,2,
107,70,74,73,71,71,69,68,62,55,45,36,28,19,12,5,2,0,2,
14,36,112,15,71,71,69,68,62,55,45,36,28,19,12,5,2,0,2,
71,23,68,79,34,71,69,68,62,55,45,36,28,19,12,5,2,0,2,
3,36,74,73,71,71,69,68,62,55,45,36,28,19,12,5,2,0,2,
105,98,69,65,87,71,69,68,62,55,45,36,28,19,12,5,2,0,2,
14,98,68,17,23,77,47,68,62,55,45,36,28,19,12,5,2,0,2,
71,29,38,23,37,11,41,68,62,55,45,36,28,19,12,5,2,0,2,
60,116,74,73,71,71,69,68,62,55,45,36,28,19,12,5,2,0,2,
14,35,37,73,71,71,69,68,62,55,45,36,28,19,12,5,2,0,2,
39,75,74,73,71,71,69,68,62,55,45,36,28,19,12,5,2,0,2,
110,75,74,73,71,71,69,68,62,55,45,36,28,19,12,5,2,0,2,
105,75,74,73,71,71,69,68,62,55,45,36,28,19,12,5,2,0,2,
50,23,19,50,71,71,69,68,62,55,45,36,28,19,12,5,2,0,2,
37,15,22,44,37,71,69,68,62,55,45,36,28,19,12,5,2,0,2,
71,75,74,73,71,71,69,68,62,55,45,36,28,19,12,5,2,0,2,
48,106,52,23,92,93,74,68,62,55,45,36,28,19,12,5,2,0,2,
107,21,57,73,71,71,69,68,62,55,45,36,28,19,12,5,2,0,2,
110,75,74,73,71,71,69,68,62,55,45,36,28,19,12,5,2,0,2,
23,4,74,73,71,71,69,68,62,55,45,36,28,19,12,5,2,0,2,
42,75,74,73,71,71,69,68,62,55,45,36,28,19,12,5,2,0,2,
54,69,35,73,71,71,69,68,62,55,45,36,28,19,12,5,2,0,2,
71,75,74,73,71,71,69,68,62,55,45,36,28,19,12,5,2,0,2,
95,19,51,57,42,71,69,68,62,55,45,36,28,19,12,5,2,0,2,
71,97,20,50,71,71,69,68,62,55,45,36,28,19,12,5,2,0,2,
42,37,74,73,71,71,69,68,62,55,45,36,28,19,12,5,2,0,2,
14,69,45,50,71,71,69,68,62,55,45,36,28,19,12,5,2,0,2,
79,75,74,73,71,71,69,68,62,55,45,36,28,19,12,5,2,0,2,
107,49,46,3,17,55,47,68,62,55,45,36,28,19,12,5,2,0,2,
98,114,29,20,71,71,69,68,62,55,45,36,28,19,12,5,2,0,2,
39,75,74,73,71,71,69,68,62,55,45,36,28,19,12,5,2,0,2,
105,53,96,41,97,71,69,68,62,55,45,36,28,19,12,5,2,0,2,
95,70,79,113,49,71,69,68,62,55,45,36,28,19,12,5,2,0,2,
79,75,74,73,71,71,69,68,62,55,45,36,28,19,12,5,2,0,2,
79,63,74,73,71,71,69,68,62,55,45,36,28,19,12,5,2,0,2,
98,67,13,0,21,43,92,46,62,55,45,36,28,19,12,5,2,0,2,
48,70,20,111,71,71,69,68,62,55,45,36,28,19,12,5,2,0,2,
48,35,57,57,58,71,69,68,62,55,45,36,28,19,12,5,2,0,2,
38,75,74,73,71,71,69,68,62,55,45,36,28,19,12,5,2,0,2,
56,114,67,50,71,71,69,68,62,55,45,36,28,19,12,5,2,0,2,
42,28,92,57,49,71,69,68,62,55,45,36,28,19,12,5,2,0,2,
70,37,74,73,71,71,69,68,62,55,45,36,28,19,12,5,2,0,2,
107,83,113,21,107,33,47,68,62,55,45,36,28,19,12,5,2,0,2,
45,106,79,15,51,19,57,68,62,55,45,36,28,19,12,5,2,0,2,
29,75,74,73,71,71,69,68,62,55,45,36,28,19,12,5,2,0,2,
14,14,16,23,28,71,69,68,62,55,45,36,28,19,12,5,2,0,2,
107,49,96,50,71,71,69,68,62,55,45,36,28,19,12,5,2,0,2,
4,75,74,73,71,71,69,68,62,55,45,36,28,19,12,5,2,0,2,
108,75,74,73,71,71,69,68,62,55,45,36,28,19,12,5,2,0,2,
71,15,53,21,40,55,35,68,62,55,45,36,28,19,12,5,2,0,2,
15,75,74,73,71,71,69,68,62,55,45,36,28,19,12,5,2,0,2,
21,75,74,73,71,71,69,68,62,55,45,36,28,19,12,5,2,0,2,
47,75,74,73,71,71,69,68,62,55,45,36,28,19,12,5,2,0,2,
54,98,69,67,31,59,69,68,62,55,45,36,28,19,12,5,2,0,2,
107,70,89,73,71,71,69,68,62,55,45,36,28,19,12,5,2,0,2,
81,114,74,73,71,71,69,68,62,55,45,36,28,19,12,5,2,0,2,
81,21,63,73,71,71,69,68,62,55,45,36,28,19,12,5,2,0,2,
39,75,74,73,71,71,69,68,62,55,45,36,28,19,12,5,2,0,2,
36,43,51,73,71,71,69,68,62,55,45,36,28,19,12,5,2,0,2,
36,23,74,73,71,71,69,68,62,55,45,36,28,19,12,5,2,0,2,
97,69,62,73,71,71,69,68,62,55,45,36,28,19,12,5,2,0,2,
14,95,22,67,107,29,43,91,51,55,45,36,28,19,12,5,2,0,2,
107,13,94,88,103,13,72,48,11,73,45,36,28,19,12,5,2,0,2,
34,70,34,20,77,71,69,68,62,55,45,36,28,19,12,5,2,0,2,
29,75,74,73,71,71,69,68,62,55,45,36,28,19,12,5,2,0,2,
7,52,61,73,71,71,69,68,62,55,45,36,28,19,12,5,2,0,2,
50,57,111,79,75,71,69,68,62,55,45,36,28,19,12,5,2,0,2,
48,75,74,73,71,71,69,68,62,55,45,36,28,19,12,5,2,0,2,
105,81,107,34,6,28,69,68,62,55,45,36,28,19,12,5,2,0,2,
95,47,34,40,36,71,69,68,62,55,45,36,28,19,12,5,2,0,2,
56,87,97,68,34,58,69,68,62,55,45,36,28,19,12,5,2,0,2,
53,75,74,73,71,71,69,68,62,55,45,36,28,19,12,5,2,0,2,
87,70,0,86,49,71,69,68,62,55,45,36,28,19,12,5,2,0,2,
54,29,106,73,71,71,69,68,62,55,45,36,28,19,12,5,2,0,2,
58,53,69,39,71,71,69,68,62,55,45,36,28,19,12,5,2,0,2,
29,59,74,73,71,71,69,68,62,55,45,36,28,19,12,5,2,0,2,
79,14,14,29,19,76,97,56,62,55,45,36,28,19,12,5,2,0,2,
48,69,34,50,71,71,69,68,62,55,45,36,28,19,12,5,2,0,2,
48,70,34,73,71,71,69,68,62,55,45,36,28,19,12,5,2,0,2,
16,75,74,73,71,71,69,68,62,55,45,36,28,19,12,5,2,0,2,
48,67,112,59,71,71,69,68,62,55,45,36,28,19,12,5,2,0,2,
22,37,74,73,71,71,69,68,62,55,45,36,28,19,12,5,2,0,2,
85,70,55,73,71,71,69,68,62,55,45,36,28,19,12,5,2,0,2,
56,106,69,40,59,71,69,68,62,55,45,36,28,19,12,5,2,0,2,
107,13,34,40,89,36,47,68,62,55,45,36,28,19,12,5,2,0,2,
14,41,74,73,71,71,69,68,62,55,45,36,28,19,12,5,2,0,2,
48,83,69,21,97,23,39,68,62,55,45,36,28,19,12,5,2,0,2,
107,113,69,86,49,60,69,68,62,55,45,36,28,19,12,5,2,0,2,
48,42,89,79,51,71,69,68,62,55,45,36,28,19,12,5,2,0,2,
79,75,74,73,71,71,69,68,62,55,45,36,28,19,12,5,2,0,2,
58,70,34,50,71,71,69,68,62,55,45,36,28,19,12,5,2,0,2,
45,57,94,61,71,71,69,68,62,55,45,36,28,19,12,5,2,0,2,
48,51,34,23,110,71,69,68,62,55,45,36,28,19,12,5,2,0,2,
107,80,6,66,71,71,69,68,62,55,45,36,28,19,12,5,2,0,2,
14,106,52,96,66,65,15,40,39,37,45,36,28,19,12,5,2,0,2,
107,13,48,55,83,45,48,63,56,19,24,3,14,1,8,5,2,0,2,
58,47,28,23,71,71,69,68,62,55,45,36,28,19,12,5,2,0,2,
107,13,43,80,93,3,73,24,37,55,45,36,28,19,12,5,2,0,2,
24,74,74,73,71,71,69,68,62,55,45,36,28,19,12,5,2,0,2,
37,75,74,73,71,71,69,68,62,55,45,36,28,19,12,5,2,0,2,
29,75,74,73,71,71,69,68,62,55,45,36,28,19,12,5,2,0,2,
16,41,74,73,71,71,69,68,62,55,45,36,28,19,12,5,2,0,2,
107,47,97,30,110,71,69,68,62,55,45,36,28,19,12,5,2,0,2,
98,41,51,73,71,71,69,68,62,55,45,36,28,19,12,5,2,0,2,
107,35,14,73,71,71,69,68,62,55,45,36,28,19,12,5,2,0,2,
50,79,34,77,40,31,74,55,62,55,45,36,28,19,12,5,2,0,2,
29,75,74,73,71,71,69,68,62,55,45,36,28,19,12,5,2,0,2,
81,88,109,73,71,71,69,68,62,55,45,36,28,19,12,5,2,0,2,
24,20,45,37,71,71,69,68,62,55,45,36,28,19,12,5,2,0,2,
58,95,79,57,31,42,69,68,62,55,45,36,28,19,12,5,2,0,2,
107,55,69,23,65,21,33,16,62,55,45,36,28,19,12,5,2,0,2,
14,35,74,73,71,71,69,68,62,55,45,36,28,19,12,5,2,0,2,
64,75,74,73,71,71,69,68,62,55,45,36,28,19,12,5,2,0,2,
45,42,14,44,71,71,69,68,62,55,45,36,28,19,12,5,2,0,2,
85,98,30,73,71,71,69,68,62,55,45,36,28,19,12,5,2,0,2,
95,113,14,4,99,71,69,68,62,55,45,36,28,19,12,5,2,0,2,
111,98,68,75,75,29,53,68,62,55,45,36,28,19,12,5,2,0,2,
98,75,74,73,71,71,69,68,62,55,45,36,28,19,12,5,2,0,2,
42,75,74,73,71,71,69,68,62,55,45,36,28,19,12,5,2,0,2,
14,70,68,14,34,71,69,68,62,55,45,36,28,19,12,5,2,0,2,
34,57,69,67,7,83,52,9,13,29,30,36,28,19,12,5,2,0,2,
42,75,74,73,71,71,69,68,62,55,45,36,28,19,12,5,2,0,2,
37,75,74,73,71,71,69,68,62,55,45,36,28,19,12,5,2,0,2,
24,47,52,96,35,49,36,74,62,55,45,36,28,19,12,5,2,0,2,
50,53,69,0,73,76,9,45,50,55,45,36,28,19,12,5,2,0,2,
81,42,28,61,71,71,69,68,62,55,45,36,28,19,12,5,2,0,2,
14,85,53,40,71,71,69,68,62,55,45,36,28,19,12,5,2,0,2,
42,75,74,73,71,71,69,68,62,55,45,36,28,19,12,5,2,0,2,
58,41,62,73,71,71,69,68,62,55,45,36,28,19,12,5,2,0,2,
71,23,96,73,71,71,69,68,62,55,45,36,28,19,12,5,2,0,2,
78,75,74,73,71,71,69,68,62,55,45,36,28,19,12,5,2,0,2,
98,70,35,59,110,71,69,68,62,55,45,36,28,19,12,5,2,0,2,
105,23,68,73,71,71,69,68,62,55,45,36,28,19,12,5,2,0,2,
107,57,52,65,77,71,69,68,62,55,45,36,28,19,12,5,2,0,2,
71,75,74,73,71,71,69,68,62,55,45,36,28,19,12,5,2,0,2,
36,52,74,73,71,71,69,68,62,55,45,36,28,19,12,5,2,0,2,
87,53,69,88,34,79,69,68,62,55,45,36,28,19,12,5,2,0,2,
24,26,107,79,71,71,69,68,62,55,45,36,28,19,12,5,2,0,2,
14,98,78,71,77,34,47,24,51,55,45,36,28,19,12,5,2,0,2,
87,113,97,68,35,7,40,16,23,6,45,36,28,19,12,5,2,0,2,
30,75,74,73,71,71,69,68,62,55,45,36,28,19,12,5,2,0,2,
29,75,74,73,71,71,69,68,62,55,45,36,28,19,12,5,2,0,2,
39,75,74,73,71,71,69,68,62,55,45,36,28,19,12,5,2,0,2,
87,106,97,68,92,8,69,68,62,55,45,36,28,19,12,5,2,0,2,
53,75,74,73,71,71,69,68,62,55,45,36,28,19,12,5,2,0,2,
95,47,80,51,100,90,64,79,70,20,16,6,17,7,12,5,2,0,2,
54,80,57,73,71,71,69,68,62,55,45,36,28,19,12,5,2,0,2,
111,70,68,21,60,62,69,68,62,55,45,36,28,19,12,5,2,0,2,
71,23,96,78,59,71,69,68,62,55,45,36,28,19,12,5,2,0,2,
107,49,56,45,93,66,63,34,45,11,28,29,28,19,12,5,2,0,2,
98,70,14,29,23,71,69,68,62,55,45,36,28,19,12,5,2,0,2,
22,35,112,73,71,71,69,68,62,55,45,36,28,19,12,5,2,0,2,
95,69,34,15,71,71,69,68,62,55,45,36,28,19,12,5,2,0,2,
48,98,69,15,84,106,69,68,62,55,45,36,28,19,12,5,2,0,2,
98,35,74,73,71,71,69,68,62,55,45,36,28,19,12,5,2,0,2,
112,21,33,50,40,71,69,68,62,55,45,36,28,19,12,5,2,0,2,
38,75,74,73,71,71,69,68,62,55,45,36,28,19,12,5,2,0,2,
46,35,114,73,71,71,69,68,62,55,45,36,28,19,12,5,2,0,2,
24,49,89,29,71,71,69,68,62,55,45,36,28,19,12,5,2,0,2,
14,0,34,44,71,71,69,68,62,55,45,36,28,19,12,5,2,0,2,
14,35,27,73,71,71,69,68,62,55,45,36,28,19,12,5,2,0,2,
24,98,100,50,71,71,69,68,62,55,45,36,28,19,12,5,2,0,2,
22,45,36,73,71,71,69,68,62,55,45,36,28,19,12,5,2,0,2,
98,70,79,73,71,71,69,68,62,55,45,36,28,19,12,5,2,0,2,
16,28,74,73,71,71,69,68,62,55,45,36,28,19,12,5,2,0,2,
42,75,74,73,71,71,69,68,62,55,45,36,28,19,12,5,2,0,2,
95,98,69,40,71,71,69,68,62,55,45,36,28,19,12,5,2,0,2,
71,21,100,73,71,71,69,68,62,55,45,36,28,19,12,5,2,0,2,
97,46,114,73,71,71,69,68,62,55,45,36,28,19,12,5,2,0,2,
98,75,74,73,71,71,69,68,62,55,45,36,28,19,12,5,2,0,2,
58,70,0,73,71,71,69,68,62,55,45,36,28,19,12,5,2,0,2,
70,35,74,73,71,71,69,68,62,55,45,36,28,19,12,5,2,0,2,
85,23,96,40,71,71,69,68,62,55,45,36,28,19,12,5,2,0,2,
81,46,73,31,11,105,47,68,62,55,45,36,28,19,12,5,2,0,2,
90,61,37,91,55,101,69,68,62,55,45,36,28,19,12,5,2,0,2,
14,47,105,30,1,28,69,68,62,55,45,36,28,19,12,5,2,0,2,
50,95,97,68,76,94,74,46,41,21,25,36,28,19,12,5,2,0,2,
15,75,74,73,71,71,69,68,62,55,45,36,28,19,12,5,2,0,2,
5,75,74,73,71,71,69,68,62,55,45,36,28,19,12,5,2,0,2,
48,70,16,40,71,71,69,68,62,55,45,36,28,19,12,5,2,0,2,
107,68,74,73,71,71,69,68,62,55,45,36,28,19,12,5,2,0,2,
14,42,14,73,71,71,69,68,62,55,45,36,28,19,12,5,2,0,2,
36,114,36,73,71,71,69,68,62,55,45,36,28,19,12,5,2,0,2,
42,38,81,72,71,71,69,68,62,55,45,36,28,19,12,5,2,0,2,
8,75,74,73,71,71,69,68,62,55,45,36,28,19,12,5,2,0,2,
42,75,74,73,71,71,69,68,62,55,45,36,28,19,12,5,2,0,2,
14,106,52,68,34,15,47,68,62,55,45,36,28,19,12,5,2,0,2,
98,70,112,29,71,71,69,68,62,55,45,36,28,19,12,5,2,0,2,
14,35,73,50,71,71,69,68,62,55,45,36,28,19,12,5,2,0,2,
98,70,96,78,77,103,55,48,62,55,45,36,28,19,12,5,2,0,2,
70,80,34,73,71,71,69,68,62,55,45,36,28,19,12,5,2,0,2,
56,53,69,95,15,71,69,68,62,55,45,36,28,19,12,5,2,0,2,
107,49,97,111,17,49,57,68,62,55,45,36,28,19,12,5,2,0,2,
98,70,107,15,44,31,47,68,62,55,45,36,28,19,12,5,2,0,2,
111,69,51,73,71,71,69,68,62,55,45,36,28,19,12,5,2,0,2,
36,75,74,73,71,71,69,68,62,55,45,36,28,19,12,5,2,0,2,
37,75,74,73,71,71,69,68,62,55,45,36,28,19,12,5,2,0,2,
62,75,74,73,71,71,69,68,62,55,45,36,28,19,12,5,2,0,2,
107,44,69,21,43,54,47,68,62,55,45,36,28,19,12,5,2,0,2,
15,35,74,73,71,71,69,68,62,55,45,36,28,19,12,5,2,0,2,
95,47,82,96,15,23,57,68,62,55,45,36,28,19,12,5,2,0,2,
71,109,6,33,37,71,69,68,62,55,45,36,28,19,12,5,2,0,2,
39,75,74,73,71,71,69,68,62,55,45,36,28,19,12,5,2,0,2,
83,114,74,73,71,71,69,68,62,55,45,36,28,19,12,5,2,0,2,
71,97,68,63,99,42,16,68,62,55,45,36,28,19,12,5,2,0,2,
58,95,97,73,71,71,69,68,62,55,45,36,28,19,12,5,2,0,2,
24,81,74,73,71,71,69,68,62,55,45,36,28,19,12,5,2,0,2,
14,113,78,50,71,71,69,68,62,55,45,36,28,19,12,5,2,0,2,
40,52,27,73,71,71,69,68,62,55,45,36,28,19,12,5,2,0,2,
36,75,74,73,71,71,69,68,62,55,45,36,28,19,12,5,2,0,2,
32,75,74,73,71,71,69,68,62,55,45,36,28,19,12,5,2,0,2,
105,81,68,41,42,71,69,68,62,55,45,36,28,19,12,5,2,0,2,
95,109,27,72,71,71,69,68,62,55,45,36,28,19,12,5,2,0,2,
87,17,103,73,71,71,69,68,62,55,45,36,28,19,12,5,2,0,2,
24,53,74,73,71,71,69,68,62,55,45,36,28,19,12,5,2,0,2,
58,72,74,73,71,71,69,68,62,55,45,36,28,19,12,5,2,0,2,
42,75,74,73,71,71,69,68,62,55,45,36,28,19,12,5,2,0,2,
45,113,82,68,63,65,73,22,5,9,32,37,41,26,9,5,2,0,2,
95,53,34,73,71,71,69,68,62,55,45,36,28,19,12,5,2,0,2,
103,75,74,73,71,71,69,68,62,55,45,36,28,19,12,5,2,0,2,
95,47,3,44,71,71,69,68,62,55,45,36,28,19,12,5,2,0,2,
14,35,40,79,71,71,69,68,62,55,45,36,28,19,12,5,2,0,2,
71,75,74,73,71,71,69,68,62,55,45,36,28,19,12,5,2,0,2,
95,69,40,73,71,71,69,68,62,55,45,36,28,19,12,5,2,0,2,
20,41,61,73,71,71,69,68,62,55,45,36,28,19,12,5,2,0,2,
36,15,61,73,71,71,69,68,62,55,45,36,28,19,12,5,2,0,2,
9,116,74,73,71,71,69,68,62,55,45,36,28,19,12,5,2,0,2,
70,31,74,73,71,71,69,68,62,55,45,36,28,19,12,5,2,0,2,
108,37,74,73,71,71,69,68,62,55,45,36,28,19,12,5,2,0,2,
71,75,74,73,71,71,69,68,62,55,45,36,28,19,12,5,2,0,2,
14,47,111,67,49,71,69,68,62,55,45,36,28,19,12,5,2,0,2,
50,115,72,77,82,71,69,68,62,55,45,36,28,19,12,5,2,0,2,
54,98,33,50,71,71,69,68,62,55,45,36,28,19,12,5,2,0,2,
11,75,74,73,71,71,69,68,62,55,45,36,28,19,12,5,2,0,2,
111,53,69,23,34,55,69,68,62,55,45,36,28,19,12,5,2,0,2,
87,109,73,73,71,71,69,68,62,55,45,36,28,19,12,5,2,0,2,
11,75,74,73,71,71,69,68,62,55,45,36,28,19,12,5,2,0,2,
24,90,40,28,99,71,69,68,62,55,45,36,28,19,12,5,2,0,2,
24,47,52,68,54,36,47,68,62,55,45,36,28,19,12,5,2,0,2,
107,70,3,56,49,71,69,68,62,55,45,36,28,19,12,5,2,0,2,
50,28,74,73,71,71,69,68,62,55,45,36,28,19,12,5,2,0,2,
54,70,34,94,59,71,69,68,62,55,45,36,28,19,12,5,2,0,2,
22,114,74,73,71,71,69,68,62,55,45,36,28,19,12,5,2,0,2,
80,75,74,73,71,71,69,68,62,55,45,36,28,19,12,5,2,0,2,
112,75,74,73,71,71,69,68,62,55,45,36,28,19,12,5,2,0,2,
24,98,69,95,31,71,69,68,62,55,45,36,28,19,12,5,2,0,2,
107,8,109,73,71,71,69,68,62,55,45,36,28,19,12,5,2,0,2,
98,70,9,84,71,71,69,68,62,55,45,36,28,19,12,5,2,0,2,
81,75,74,73,71,71,69,68,62,55,45,36,28,19,12,5,2,0,2,
100,60,79,102,49,71,69,68,62,55,45,36,28,19,12,5,2,0,2,
28,1,51,73,71,71,69,68,62,55,45,36,28,19,12,5,2,0,2,
87,70,22,14,19,1,78,68,62,55,45,36,28,19,12,5,2,0,2,
48,38,74,73,71,71,69,68,62,55,45,36,28,19,12,5,2,0,2,
95,75,74,73,71,71,69,68,62,55,45,36,28,19,12,5,2,0,2,
14,70,96,19,71,71,69,68,62,55,45,36,28,19,12,5,2,0,2,
105,69,112,73,71,71,69,68,62,55,45,36,28,19,12,5,2,0,2,
48,97,68,78,71,71,69,68,62,55,45,36,28,19,12,5,2,0,2,
107,100,34,73,71,71,69,68,62,55,45,36,28,19,12,5,2,0,2,
14,75,74,73,71,71,69,68,62,55,45,36,28,19,12,5,2,0,2,
40,75,74,73,71,71,69,68,62,55,45,36,28,19,12,5,2,0,2,
24,75,74,73,71,71,69,68,62,55,45,36,28,19,12,5,2,0,2,
54,75,74,73,71,71,69,68,62,55,45,36,28,19,12,5,2,0,2,
39,75,74,73,71,71,69,68,62,55,45,36,28,19,12,5,2,0,2,
96,75,74,73,71,71,69,68,62,55,45,36,28,19,12,5,2,0,2,
54,0,74,73,71,71,69,68,62,55,45,36,28,19,12,5,2,0,2,
14,35,45,9,71,71,69,68,62,55,45,36,28,19,12,5,2,0,2,
95,98,35,73,71,71,69,68,62,55,45,36,28,19,12,5,2,0,2,
98,42,89,44,31,71,69,68,62,55,45,36,28,19,12,5,2,0,2,
1,75,74,73,71,71,69,68,62,55,45,36,28,19,12,5,2,0,2,
70,28,74,73,71,71,69,68,62,55,45,36,28,19,12,5,2,0,2,
105,40,37,72,77,49,69,68,62,55,45,36,28,19,12,5,2,0,2,
71,114,40,37,55,31,74,48,62,55,45,36,28,19,12,5,2,0,2,
98,73,74,73,71,71,69,68,62,55,45,36,28,19,12,5,2,0,2,
56,73,34,40,31,42,69,68,62,55,45,36,28,19,12,5,2,0,2,
71,75,74,73,71,71,69,68,62,55,45,36,28,19,12,5,2,0,2,
36,111,74,73,71,71,69,68,62,55,45,36,28,19,12,5,2,0,2,
45,53,22,14,34,81,21,48,37,55,45,36,28,19,12,5,2,0,2,
59,117,74,73,71,71,69,68,62,55,45,36,28,19,12,5,2,0,2,
24,95,18,20,49,71,69,68,62,55,45,36,28,19,12,5,2,0,2,
21,75,74,73,71,71,69,68,62,55,45,36,28,19,12,5,2,0,2,
55,38,73,73,71,71,69,68,62,55,45,36,28,19,12,5,2,0,2,
107,49,69,67,14,103,69,68,62,55,45,36,28,19,12,5,2,0,2,
98,97,78,15,38,71,69,68,62,55,45,36,28,19,12,5,2,0,2,
71,88,30,79,71,71,69,68,62,55,45,36,28,19,12,5,2,0,2,
14,75,74,73,71,71,69,68,62,55,45,36,28,19,12,5,2,0,2,
48,53,69,41,25,21,32,68,62,55,45,36,28,19,12,5,2,0,2,
98,70,40,73,71,71,69,68,62,55,45,36,28,19,12,5,2,0,2,
42,38,74,73,71,71,69,68,62,55,45,36,28,19,12,5,2,0,2,
38,75,74,73,71,71,69,68,62,55,45,36,28,19,12,5,2,0,2,
50,113,69,23,65,75,40,68,62,55,45,36,28,19,12,5,2,0,2,
24,0,50,34,15,40,36,68,62,55,45,36,28,19,12,5,2,0,2,
70,43,74,73,71,71,69,68,62,55,45,36,28,19,12,5,2,0,2,
48,106,80,73,71,71,69,68,62,55,45,36,28,19,12,5,2,0,2,
39,75,74,73,71,71,69,68,62,55,45,36,28,19,12,5,2,0,2,
81,42,74,73,71,71,69,68,62,55,45,36,28,19,12,5,2,0,2,
50,57,69,88,21,28,78,42,88,55,45,36,28,19,12,5,2,0,2,
95,75,74,73,71,71,69,68,62,55,45,36,28,19,12,5,2,0,2,
70,93,30,102,49,71,69,68,62,55,45,36,28,19,12,5,2,0,2,
107,100,40,73,71,71,69,68,62,55,45,36,28,19,12,5,2,0,2,
71,9,74,73,71,71,69,68,62,55,45,36,28,19,12,5,2,0,2,
85,81,97,95,35,34,15,12,34,55,45,36,28,19,12,5,2,0,2,
83,98,7,41,109,71,69,68,62,55,45,36,28,19,12,5,2,0,2,
70,116,74,73,71,71,69,68,62,55,45,36,28,19,12,5,2,0,2,
97,68,88,73,71,71,69,68,62,55,45,36,28,19,12,5,2,0,2,
58,53,82,103,66,25,33,71,63,17,6,36,28,19,12,5,2,0,2,
21,75,74,73,71,71,69,68,62,55,45,36,28,19,12,5,2,0,2,
14,70,96,37,71,71,69,68,62,55,45,36,28,19,12,5,2,0,2,
95,79,112,23,99,71,69,68,62,55,45,36,28,19,12,5,2,0,2,
24,49,104,96,33,20,41,56,62,55,45,36,28,19,12,5,2,0,2,
98,67,22,37,71,71,69,68,62,55,45,36,28,19,12,5,2,0,2,
74,75,74,73,71,71,69,68,62,55,45,36,28,19,12,5,2,0,2,
48,70,58,18,71,71,69,68,62,55,45,36,28,19,12,5,2,0,2,
105,23,7,56,20,71,69,68,62,55,45,36,28,19,12,5,2,0,2,
81,114,74,73,71,71,69,68,62,55,45,36,28,19,12,5,2,0,2,
111,70,74,73,71,71,69,68,62,55,45,36,28,19,12,5,2,0,2,
24,75,74,73,71,71,69,68,62,55,45,36,28,19,12,5,2,0,2,
50,47,44,23,40,37,69,68,62,55,45,36,28,19,12,5,2,0,2,
14,35,74,73,71,71,69,68,62,55,45,36,28,19,12,5,2,0,2,
36,75,74,73,71,71,69,68,62,55,45,36,28,19,12,5,2,0,2,
71,73,40,73,71,71,69,68,62,55,45,36,28,19,12,5,2,0,2,
58,95,80,110,63,65,0,34,62,55,45,36,28,19,12,5,2,0,2,
58,7,100,73,71,71,69,68,62,55,45,36,28,19,12,5,2,0,2,
98,23,74,73,71,71,69,68,62,55,45,36,28,19,12,5,2,0,2,
111,70,78,15,40,93,74,55,62,55,45,36,28,19,12,5,2,0,2,
14,45,57,73,71,71,69,68,62,55,45,36,28,19,12,5,2,0,2,
95,98,13,79,54,17,69,68,62,55,45,36,28,19,12,5,2,0,2,
71,97,68,78,29,71,69,68,62,55,45,36,28,19,12,5,2,0,2,
95,75,74,73,71,71,69,68,62,55,45,36,28,19,12,5,2,0,2,
24,31,74,73,71,71,69,68,62,55,45,36,28,19,12,5,2,0,2,
111,90,107,73,71,71,69,68,62,55,45,36,28,19,12,5,2,0,2,
98,23,35,40,16,49,69,68,62,55,45,36,28,19,12,5,2,0,2,
107,53,66,33,37,71,69,68,62,55,45,36,28,19,12,5,2,0,2,
56,87,82,96,39,103,69,68,62,55,45,36,28,19,12,5,2,0,2,
70,78,16,44,55,96,69,68,62,55,45,36,28,19,12,5,2,0,2,
29,75,74,73,71,71,69,68,62,55,45,36,28,19,12,5,2,0,2,
71,69,20,106,49,71,69,68,62,55,45,36,28,19,12,5,2,0,2,
14,98,74,73,71,71,69,68,62,55,45,36,28,19,12,5,2,0,2,
107,98,74,73,71,71,69,68,62,55,45,36,28,19,12,5,2,0,2,
107,95,97,68,65,88,13,3,62,55,45,36,28,19,12,5,2,0,2,
14,95,46,51,63,103,6,87,44,55,45,36,28,19,12,5,2,0,2,
95,53,97,3,15,76,97,92,62,55,45,36,28,19,12,5,2,0,2,
108,41,42,73,71,71,69,68,62,55,45,36,28,19,12,5,2,0,2,
14,95,69,0,103,54,91,17,62,55,45,36,28,19,12,5,2,0,2,
71,114,115,73,71,71,69,68,62,55,45,36,28,19,12,5,2,0,2,
45,70,0,26,107,17,36,48,62,55,45,36,28,19,12,5,2,0,2,
65,75,74,73,71,71,69,68,62,55,45,36,28,19,12,5,2,0,2,
24,75,74,73,71,71,69,68,62,55,45,36,28,19,12,5,2,0,2,
75,75,74,73,71,71,69,68,62,55,45,36,28,19,12,5,2,0,2,
87,53,97,3,34,71,69,68,62,55,45,36,28,19,12,5,2,0,2,
24,41,74,73,71,71,69,68,62,55,45,36,28,19,12,5,2,0,2,
97,79,74,73,71,71,69,68,62,55,45,36,28,19,12,5,2,0,2,
107,35,59,40,71,71,69,68,62,55,45,36,28,19,12,5,2,0,2,
50,75,74,73,71,71,69,68,62,55,45,36,28,19,12,5,2,0,2,
36,75,74,73,71,71,69,68,62,55,45,36,28,19,12,5,2,0,2,
42,75,74,73,71,71,69,68,62,55,45,36,28,19,12,5,2,0,2,
71,35,74,73,71,71,69,68,62,55,45,36,28,19,12,5,2,0,2,
111,75,74,73,71,71,69,68,62,55,45,36,28,19,12,5,2,0,2,
45,75,74,73,71,71,69,68,62,55,45,36,28,19,12,5,2,0,2,
36,82,74,73,71,71,69,68,62,55,45,36,28,19,12,5,2,0,2,
36,28,74,73,71,71,69,68,62,55,45,36,28,19,12,5,2,0,2,
83,70,68,34,107,44,69,68,62,55,45,36,28,19,12,5,2,0,2,
71,69,79,38,59,71,69,68,62,55,45,36,28,19,12,5,2,0,2,
70,40,0,34,29,23,39,57,62,55,45,36,28,19,12,5,2,0,2,
36,75,74,73,71,71,69,68,62,55,45,36,28,19,12,5,2,0,2,
71,75,74,73,71,71,69,68,62,55,45,36,28,19,12,5,2,0,2,
36,75,74,73,71,71,69,68,62,55,45,36,28,19,12,5,2,0,2,
36,38,74,73,71,71,69,68,62,55,45,36,28,19,12,5,2,0,2,
105,113,97,23,65,40,74,59,62,55,45,36,28,19,12,5,2,0,2,
107,79,20,44,42,59,69,68,62,55,45,36,28,19,12,5,2,0,2,
107,81,97,41,86,34,20,56,62,55,45,36,28,19,12,5,2,0,2,
83,98,8,37,89,59,69,68,62,55,45,36,28,19,12,5,2,0,2,
58,106,97,68,86,34,69,68,62,55,45,36,28,19,12,5,2,0,2,
14,95,111,78,34,28,35,42,62,55,45,36,28,19,12,5,2,0,2,
98,7,40,37,71,71,69,68,62,55,45,36,28,19,12,5,2,0,2,
24,47,111,68,76,35,21,94,62,55,45,36,28,19,12,5,2,0,2,
48,106,69,34,49,96,69,68,62,55,45,36,28,19,12,5,2,0,2,
48,53,22,86,40,42,69,68,62,55,45,36,28,19,12,5,2,0,2,
105,14,24,50,71,71,69,68,62,55,45,36,28,19,12,5,2,0,2,
70,41,74,73,71,71,69,68,62,55,45,36,28,19,12,5,2,0,2,
48,53,69,23,92,65,47,68,62,55,45,36,28,19,12,5,2,0,2,
42,28,74,73,71,71,69,68,62,55,45,36,28,19,12,5,2,0,2,
36,41,74,73,71,71,69,68,62,55,45,36,28,19,12,5,2,0,2,
41,75,74,73,71,71,69,68,62,55,45,36,28,19,12,5,2,0,2,
80,15,28,73,71,71,69,68,62,55,45,36,28,19,12,5,2,0,2,
106,75,74,73,71,71,69,68,62,55,45,36,28,19,12,5,2,0,2,
68,114,14,73,71,71,69,68,62,55,45,36,28,19,12,5,2,0,2,
71,97,53,73,71,71,69,68,62,55,45,36,28,19,12,5,2,0,2,
58,105,69,17,19,71,69,68,62,55,45,36,28,19,12,5,2,0,2,
56,57,111,96,92,65,73,15,86,55,45,36,28,19,12,5,2,0,2,
95,70,79,73,71,71,69,68,62,55,45,36,28,19,12,5,2,0,2,
15,21,40,73,71,71,69,68,62,55,45,36,28,19,12,5,2,0,2,
111,70,60,38,27,76,69,68,62,55,45,36,28,19,12,5,2,0,2,
36,75,74,73,71,71,69,68,62,55,45,36,28,19,12,5,2,0,2,
71,67,68,35,23,40,57,68,62,55,45,36,28,19,12,5,2,0,2,
50,70,74,73,71,71,69,68,62,55,45,36,28,19,12,5,2,0,2,
106,75,74,73,71,71,69,68,62,55,45,36,28,19,12,5,2,0,2,
50,98,78,34,107,15,21,94,62,55,45,36,28,19,12,5,2,0,2,
12,86,74,73,71,71,69,68,62,55,45,36,28,19,12,5,2,0,2,
95,47,69,106,34,103,69,68,62,55,45,36,28,19,12,5,2,0,2,
98,70,89,73,71,71,69,68,62,55,45,36,28,19,12,5,2,0,2,
16,75,74,73,71,71,69,68,62,55,45,36,28,19,12,5,2,0,2,
11,75,74,73,71,71,69,68,62,55,45,36,28,19,12,5,2,0,2,
97,35,14,73,71,71,69,68,62,55,45,36,28,19,12,5,2,0,2,
71,35,77,84,49,71,69,68,62,55,45,36,28,19,12,5,2,0,2,
14,53,97,88,34,54,37,37,69,55,45,36,28,19,12,5,2,0,2,
42,46,30,73,71,71,69,68,62,55,45,36,28,19,12,5,2,0,2,
74,114,14,42,71,71,69,68,62,55,45,36,28,19,12,5,2,0,2,
48,70,66,111,23,71,69,68,62,55,45,36,28,19,12,5,2,0,2,
45,106,52,96,66,75,40,73,28,55,45,36,28,19,12,5,2,0,2,
56,47,34,70,40,76,57,68,62,55,45,36,28,19,12,5,2,0,2,
111,69,79,34,71,71,69,68,62,55,45,36,28,19,12,5,2,0,2,
98,70,34,31,110,71,69,68,62,55,45,36,28,19,12,5,2,0,2,
58,58,74,73,71,71,69,68,62,55,45,36,28,19,12,5,2,0,2,
39,75,74,73,71,71,69,68,62,55,45,36,28,19,12,5,2,0,2,
24,15,18,28,99,49,69,68,62,55,45,36,28,19,12,5,2,0,2,
71,35,57,84,71,71,69,68,62,55,45,36,28,19,12,5,2,0,2,
95,70,74,73,71,71,69,68,62,55,45,36,28,19,12,5,2,0,2,
107,47,69,73,71,71,69,68,62,55,45,36,28,19,12,5,2,0,2,
103,75,74,73,71,71,69,68,62,55,45,36,28,19,12,5,2,0,2,
53,75,74,73,71,71,69,68,62,55,45,36,28,19,12,5,2,0,2,
58,29,74,73,71,71,69,68,62,55,45,36,28,19,12,5,2,0,2,
29,75,74,73,71,71,69,68,62,55,45,36,28,19,12,5,2,0,2,
107,49,3,14,29,42,69,68,62,55,45,36,28,19,12,5,2,0,2,
107,57,111,96,66,71,69,68,62,55,45,36,28,19,12,5,2,0,2,
71,37,74,73,71,71,69,68,62,55,45,36,28,19,12,5,2,0,2,
58,98,34,15,82,71,69,68,62,55,45,36,28,19,12,5,2,0,2,
29,75,74,73,71,71,69,68,62,55,45,36,28,19,12,5,2,0,2,
29,75,74,73,71,71,69,68,62,55,45,36,28,19,12,5,2,0,2,
71,15,62,73,71,71,69,68,62,55,45,36,28,19,12,5,2,0,2,
71,72,37,73,71,71,69,68,62,55,45,36,28,19,12,5,2,0,2,
45,79,89,34,64,71,69,68,62,55,45,36,28,19,12,5,2,0,2,
107,81,68,50,23,71,69,68,62,55,45,36,28,19,12,5,2,0,2,
54,98,69,65,103,71,69,68,62,55,45,36,28,19,12,5,2,0,2,
103,75,74,73,71,71,69,68,62,55,45,36,28,19,12,5,2,0,2,
87,115,69,78,34,23,53,89,62,55,45,36,28,19,12,5,2,0,2,
14,74,62,73,71,71,69,68,62,55,45,36,28,19,12,5,2,0,2,
56,70,96,0,57,21,23,40,27,55,45,36,28,19,12,5,2,0,2,
48,70,35,43,15,11,35,68,62,55,45,36,28,19,12,5,2,0,2,
54,83,97,68,48,49,36,68,62,55,45,36,28,19,12,5,2,0,2,
105,52,74,73,71,71,69,68,62,55,45,36,28,19,12,5,2,0,2,
70,75,74,73,71,71,69,68,62,55,45,36,28,19,12,5,2,0,2,
54,70,96,67,71,71,69,68,62,55,45,36,28,19,12,5,2,0,2,
29,75,74,73,71,71,69,68,62,55,45,36,28,19,12,5,2,0,2,
50,98,69,19,71,71,69,68,62,55,45,36,28,19,12,5,2,0,2,
54,69,112,50,71,71,69,68,62,55,45,36,28,19,12,5,2,0,2,
14,115,13,15,22,23,69,68,62,55,45,36,28,19,12,5,2,0,2,
80,75,74,73,71,71,69,68,62,55,45,36,28,19,12,5,2,0,2,
95,70,7,0,21,33,69,68,62,55,45,36,28,19,12,5,2,0,2,
24,15,74,73,71,71,69,68,62,55,45,36,28,19,12,5,2,0,2,
71,23,37,73,71,71,69,68,62,55,45,36,28,19,12,5,2,0,2,
113,75,74,73,71,71,69,68,62,55,45,36,28,19,12,5,2,0,2,
71,3,74,73,71,71,69,68,62,55,45,36,28,19,12,5,2,0,2,
58,21,27,73,71,71,69,68,62,55,45,36,28,19,12,5,2,0,2,
45,47,74,73,71,71,69,68,62,55,45,36,28,19,12,5,2,0,2,
64,75,74,73,71,71,69,68,62,55,45,36,28,19,12,5,2,0,2,
107,45,79,56,107,56,39,91,62,55,45,36,28,19,12,5,2,0,2,
71,54,51,28,71,71,69,68,62,55,45,36,28,19,12,5,2,0,2,
14,106,69,95,65,71,69,68,62,55,45,36,28,19,12,5,2,0,2,
109,75,74,73,71,71,69,68,62,55,45,36,28,19,12,5,2,0,2,
50,57,82,67,14,72,33,30,20,41,38,36,28,19,12,5,2,0,2,
48,70,20,77,9,71,69,68,62,55,45,36,28,19,12,5,2,0,2,
70,101,62,73,71,71,69,68,62,55,45,36,28,19,12,5,2,0,2,
87,53,69,78,57,46,57,68,62,55,45,36,28,19,12,5,2,0,2,
29,75,74,73,71,71,69,68,62,55,45,36,28,19,12,5,2,0,2,
1,41,79,60,71,71,69,68,62,55,45,36,28,19,12,5,2,0,2,
58,113,68,78,71,71,69,68,62,55,45,36,28,19,12,5,2,0,2,
24,53,68,21,42,71,69,68,62,55,45,36,28,19,12,5,2,0,2,
70,90,51,73,71,71,69,68,62,55,45,36,28,19,12,5,2,0,2,
22,75,74,73,71,71,69,68,62,55,45,36,28,19,12,5,2,0,2,
64,75,74,73,71,71,69,68,62,55,45,36,28,19,12,5,2,0,2,
43,109,74,73,71,71,69,68,62,55,45,36,28,19,12,5,2,0,2,
58,53,22,73,71,71,69,68,62,55,45,36,28,19,12,5,2,0,2,
37,80,19,73,71,71,69,68,62,55,45,36,28,19,12,5,2,0,2,
58,70,34,15,19,11,74,91,51,37,45,36,28,19,12,5,2,0,2,
36,75,74,73,71,71,69,68,62,55,45,36,28,19,12,5,2,0,2,
71,69,38,84,110,49,69,68,62,55,45,36,28,19,12,5,2,0,2,
24,75,74,73,71,71,69,68,62,55,45,36,28,19,12,5,2,0,2,
14,87,52,68,77,54,49,68,62,55,45,36,28,19,12,5,2,0,2,
95,81,74,73,71,71,69,68,62,55,45,36,28,19,12,5,2,0,2,
75,92,74,73,71,71,69,68,62,55,45,36,28,19,12,5,2,0,2,
71,75,74,73,71,71,69,68,62,55,45,36,28,19,12,5,2,0,2,
105,98,27,73,71,71,69,68,62,55,45,36,28,19,12,5,2,0,2,
107,47,52,68,59,71,69,68,62,55,45,36,28,19,12,5,2,0,2,
107,29,22,72,31,71,69,68,62,55,45,36,28,19,12,5,2,0,2,
29,75,74,73,71,71,69,68,62,55,45,36,28,19,12,5,2,0,2,
16,41,79,73,71,71,69,68,62,55,45,36,28,19,12,5,2,0,2,
24,75,74,73,71,71,69,68,62,55,45,36,28,19,12,5,2,0,2,
14,7,34,28,71,71,69,68,62,55,45,36,28,19,12,5,2,0,2,
37,75,74,73,71,71,69,68,62,55,45,36,28,19,12,5,2,0,2,
16,41,36,73,71,71,69,68,62,55,45,36,28,19,12,5,2,0,2,
54,70,68,79,34,31,41,68,62,55,45,36,28,19,12,5,2,0,2,
54,30,17,73,71,71,69,68,62,55,45,36,28,19,12,5,2,0,2,
58,53,97,56,40,76,57,68,62,55,45,36,28,19,12,5,2,0,2,
70,14,20,34,107,15,17,33,52,55,45,36,28,19,12,5,2,0,2,
107,70,68,75,77,71,69,68,62,55,45,36,28,19,12,5,2,0,2,
26,109,74,73,71,71,69,68,62,55,45,36,28,19,12,5,2,0,2,
71,21,79,29,28,31,47,68,62,55,45,36,28,19,12,5,2,0,2,
81,3,68,35,86,28,69,68,62,55,45,36,28,19,12,5,2,0,2,
24,38,74,73,71,71,69,68,62,55,45,36,28,19,12,5,2,0,2,
68,0,74,73,71,71,69,68,62,55,45,36,28,19,12,5,2,0,2,
0,35,114,73,71,71,69,68,62,55,45,36,28,19,12,5,2,0,2,
47,80,74,73,71,71,69,68,62,55,45,36,28,19,12,5,2,0,2,
89,75,74,73,71,71,69,68,62,55,45,36,28,19,12,5,2,0,2,
36,28,74,73,71,71,69,68,62,55,45,36,28,19,12,5,2,0,2,
29,75,74,73,71,71,69,68,62,55,45,36,28,19,12,5,2,0,2,
105,67,20,34,71,71,69,68,62,55,45,36,28,19,12,5,2,0,2,
105,23,34,79,71,71,69,68,62,55,45,36,28,19,12,5,2,0,2,
36,114,74,73,71,71,69,68,62,55,45,36,28,19,12,5,2,0,2,
58,75,74,73,71,71,69,68,62,55,45,36,28,19,12,5,2,0,2,
76,38,74,73,71,71,69,68,62,55,45,36,28,19,12,5,2,0,2,
42,116,74,73,71,71,69,68,62,55,45,36,28,19,12,5,2,0,2,
29,75,74,73,71,71,69,68,62,55,45,36,28,19,12,5,2,0,2,
48,75,74,73,71,71,69,68,62,55,45,36,28,19,12,5,2,0,2,
113,34,74,73,71,71,69,68,62,55,45,36,28,19,12,5,2,0,2,
36,75,74,73,71,71,69,68,62,55,45,36,28,19,12,5,2,0,2,
29,75,74,73,71,71,69,68,62,55,45,36,28,19,12,5,2,0,2,
24,80,60,22,38,71,69,68,62,55,45,36,28,19,12,5,2,0,2,
111,41,10,73,71,71,69,68,62,55,45,36,28,19,12,5,2,0,2,
54,28,106,50,71,71,69,68,62,55,45,36,28,19,12,5,2,0,2,
56,114,40,20,18,71,69,68,62,55,45,36,28,19,12,5,2,0,2,
112,75,74,73,71,71,69,68,62,55,45,36,28,19,12,5,2,0,2,
95,69,13,15,24,49,69,68,62,55,45,36,28,19,12,5,2,0,2,
71,99,114,36,58,71,69,68,62,55,45,36,28,19,12,5,2,0,2,
42,38,81,72,49,71,69,68,62,55,45,36,28,19,12,5,2,0,2,
54,98,113,34,28,70,69,68,62,55,45,36,28,19,12,5,2,0,2,
48,41,74,73,71,71,69,68,62,55,45,36,28,19,12,5,2,0,2,
54,98,69,23,86,21,23,44,62,55,45,36,28,19,12,5,2,0,2,
81,59,74,73,71,71,69,68,62,55,45,36,28,19,12,5,2,0,2,
30,31,74,73,71,71,69,68,62,55,45,36,28,19,12,5,2,0,2,
58,109,26,73,71,71,69,68,62,55,45,36,28,19,12,5,2,0,2,
70,35,12,29,88,71,69,68,62,55,45,36,28,19,12,5,2,0,2,
24,15,30,50,71,71,69,68,62,55,45,36,28,19,12,5,2,0,2,
36,23,114,73,71,71,69,68,62,55,45,36,28,19,12,5,2,0,2,
45,98,41,15,96,71,69,68,62,55,45,36,28,19,12,5,2,0,2,
107,70,68,34,29,71,69,68,62,55,45,36,28,19,12,5,2,0,2,
54,98,69,43,5,76,99,71,37,23,31,36,28,19,12,5,2,0,2,
112,59,74,73,71,71,69,68,62,55,45,36,28,19,12,5,2,0,2,
68,37,42,73,71,71,69,68,62,55,45,36,28,19,12,5,2,0,2,
14,49,46,51,93,66,87,34,37,55,45,36,28,19,12,5,2,0,2,
48,15,40,79,71,71,69,68,62,55,45,36,28,19,12,5,2,0,2,
29,75,74,73,71,71,69,68,62,55,45,36,28,19,12,5,2,0,2,
14,70,112,73,71,71,69,68,62,55,45,36,28,19,12,5,2,0,2,
42,75,74,73,71,71,69,68,62,55,45,36,28,19,12,5,2,0,2,
48,60,51,73,71,71,69,68,62,55,45,36,28,19,12,5,2,0,2,
48,75,74,73,71,71,69,68,62,55,45,36,28,19,12,5,2,0,2,
71,109,34,15,21,40,69,68,62,55,45,36,28,19,12,5,2,0,2,
56,28,74,73,71,71,69,68,62,55,45,36,28,19,12,5,2,0,2,
58,53,10,61,71,71,69,68,62,55,45,36,28,19,12,5,2,0,2,
101,68,74,73,71,71,69,68,62,55,45,36,28,19,12,5,2,0,2,
74,75,74,73,71,71,69,68,62,55,45,36,28,19,12,5,2,0,2,
98,7,101,29,70,71,69,68,62,55,45,36,28,19,12,5,2,0,2,
52,75,74,73,71,71,69,68,62,55,45,36,28,19,12,5,2,0,2,
36,38,74,73,71,71,69,68,62,55,45,36,28,19,12,5,2,0,2,
48,35,74,73,71,71,69,68,62,55,45,36,28,19,12,5,2,0,2,
14,35,40,73,71,71,69,68,62,55,45,36,28,19,12,5,2,0,2,
47,75,74,73,71,71,69,68,62,55,45,36,28,19,12,5,2,0,2,
71,52,74,73,71,71,69,68,62,55,45,36,28,19,12,5,2,0,2,
81,53,97,67,54,71,69,68,62,55,45,36,28,19,12,5,2,0,2,
36,29,74,73,71,71,69,68,62,55,45,36,28,19,12,5,2,0,2,
98,70,68,78,52,68,39,68,62,55,45,36,28,19,12,5,2,0,2,
14,44,34,40,20,71,69,68,62,55,45,36,28,19,12,5,2,0,2,
107,53,89,56,71,71,69,68,62,55,45,36,28,19,12,5,2,0,2,
71,15,53,73,71,71,69,68,62,55,45,36,28,19,12,5,2,0,2,
29,10,79,73,71,71,69,68,62,55,45,36,28,19,12,5,2,0,2,
29,75,74,73,71,71,69,68,62,55,45,36,28,19,12,5,2,0,2,
4,43,74,73,71,71,69,68,62,55,45,36,28,19,12,5,2,0,2,
39,75,74,73,71,71,69,68,62,55,45,36,28,19,12,5,2,0,2,
64,75,74,73,71,71,69,68,62,55,45,36,28,19,12,5,2,0,2,
71,75,74,73,71,71,69,68,62,55,45,36,28,19,12,5,2,0,2,
70,28,74,73,71,71,69,68,62,55,45,36,28,19,12,5,2,0,2,
108,75,74,73,71,71,69,68,62,55,45,36,28,19,12,5,2,0,2,
98,75,74,73,71,71,69,68,62,55,45,36,28,19,12,5,2,0,2,
71,75,74,73,71,71,69,68,62,55,45,36,28,19,12,5,2,0,2,
98,70,78,50,110,71,69,68,62,55,45,36,28,19,12,5,2,0,2,
42,75,74,73,71,71,69,68,62,55,45,36,28,19,12,5,2,0,2,
97,3,34,66,104,71,69,68,62,55,45,36,28,19,12,5,2,0,2,
71,73,74,73,71,71,69,68,62,55,45,36,28,19,12,5,2,0,2,
24,28,19,36,49,71,69,68,62,55,45,36,28,19,12,5,2,0,2,
95,37,51,73,71,71,69,68,62,55,45,36,28,19,12,5,2,0,2,
80,75,74,73,71,71,69,68,62,55,45,36,28,19,12,5,2,0,2,
64,75,74,73,71,71,69,68,62,55,45,36,28,19,12,5,2,0,2,
87,113,3,78,49,71,69,68,62,55,45,36,28,19,12,5,2,0,2,
86,75,74,73,71,71,69,68,62,55,45,36,28,19,12,5,2,0,2,
50,53,104,68,86,34,98,76,88,55,45,36,28,19,12,5,2,0,2,
29,75,74,73,71,71,69,68,62,55,45,36,28,19,12,5,2,0,2,
14,47,20,15,23,71,69,68,62,55,45,36,28,19,12,5,2,0,2,
7,109,79,34,19,71,69,68,62,55,45,36,28,19,12,5,2,0,2,
107,70,34,62,49,71,69,68,62,55,45,36,28,19,12,5,2,0,2,
111,69,101,73,71,71,69,68,62,55,45,36,28,19,12,5,2,0,2,
74,75,74,73,71,71,69,68,62,55,45,36,28,19,12,5,2,0,2,
14,55,74,73,71,71,69,68,62,55,45,36,28,19,12,5,2,0,2,
71,69,8,73,71,71,69,68,62,55,45,36,28,19,12,5,2,0,2,
15,75,74,73,71,71,69,68,62,55,45,36,28,19,12,5,2,0,2,
71,75,74,73,71,71,69,68,62,55,45,36,28,19,12,5,2,0,2,
56,90,40,73,71,71,69,68,62,55,45,36,28,19,12,5,2,0,2,
58,95,46,51,93,66,73,22,32,64,7,17,32,19,12,5,2,0,2,
70,11,51,36,53,96,69,68,62,55,45,36,28,19,12,5,2,0,2,
29,52,74,73,71,71,69,68,62,55,45,36,28,19,12,5,2,0,2,
81,80,74,73,71,71,69,68,62,55,45,36,28,19,12,5,2,0,2,
71,75,74,73,71,71,69,68,62,55,45,36,28,19,12,5,2,0,2,
71,80,74,73,71,71,69,68,62,55,45,36,28,19,12,5,2,0,2,
29,75,74,73,71,71,69,68,62,55,45,36,28,19,12,5,2,0,2,
48,106,74,73,71,71,69,68,62,55,45,36,28,19,12,5,2,0,2,
83,78,26,23,87,49,69,68,62,55,45,36,28,19,12,5,2,0,2,
71,67,20,44,71,71,69,68,62,55,45,36,28,19,12,5,2,0,2,
98,8,74,73,71,71,69,68,62,55,45,36,28,19,12,5,2,0,2,
95,42,74,73,71,71,69,68,62,55,45,36,28,19,12,5,2,0,2,
21,75,74,73,71,71,69,68,62,55,45,36,28,19,12,5,2,0,2,
50,95,46,80,50,21,1,24,41,28,45,36,28,19,12,5,2,0,2,
71,75,74,73,71,71,69,68,62,55,45,36,28,19,12,5,2,0,2,
63,104,74,73,71,71,69,68,62,55,45,36,28,19,12,5,2,0,2,
24,41,92,61,49,71,69,68,62,55,45,36,28,19,12,5,2,0,2,
95,67,57,33,23,85,4,68,62,55,45,36,28,19,12,5,2,0,2,
81,35,30,60,71,71,69,68,62,55,45,36,28,19,12,5,2,0,2,
36,75,74,73,71,71,69,68,62,55,45,36,28,19,12,5,2,0,2,
87,47,82,48,40,58,47,68,62,55,45,36,28,19,12,5,2,0,2,
98,75,74,73,71,71,69,68,62,55,45,36,28,19,12,5,2,0,2,
63,75,74,73,71,71,69,68,62,55,45,36,28,19,12,5,2,0,2,
14,98,35,34,70,105,47,68,62,55,45,36,28,19,12,5,2,0,2,
50,83,68,73,71,71,69,68,62,55,45,36,28,19,12,5,2,0,2,
83,98,69,67,76,95,2,68,62,55,45,36,28,19,12,5,2,0,2,
58,95,80,51,34,27,74,68,62,55,45,36,28,19,12,5,2,0,2,
70,23,19,73,71,71,69,68,62,55,45,36,28,19,12,5,2,0,2,
92,75,74,73,71,71,69,68,62,55,45,36,28,19,12,5,2,0,2,
95,75,74,73,71,71,69,68,62,55,45,36,28,19,12,5,2,0,2,
55,75,74,73,71,71,69,68,62,55,45,36,28,19,12,5,2,0,2,
42,75,74,73,71,71,69,68,62,55,45,36,28,19,12,5,2,0,2,
107,95,97,14,64,59,69,68,62,55,45,36,28,19,12,5,2,0,2,
59,37,74,73,71,71,69,68,62,55,45,36,28,19,12,5,2,0,2,
21,75,74,73,71,71,69,68,62,55,45,36,28,19,12,5,2,0,2,
45,75,74,73,71,71,69,68,62,55,45,36,28,19,12,5,2,0,2,
37,35,22,73,71,71,69,68,62,55,45,36,28,19,12,5,2,0,2,
42,116,51,73,71,71,69,68,62,55,45,36,28,19,12,5,2,0,2,
0,28,74,73,71,71,69,68,62,55,45,36,28,19,12,5,2,0,2,
48,10,62,73,71,71,69,68,62,55,45,36,28,19,12,5,2,0,2,
36,41,74,73,71,71,69,68,62,55,45,36,28,19,12,5,2,0,2,
11,75,74,73,71,71,69,68,62,55,45,36,28,19,12,5,2,0,2,
39,75,74,73,71,71,69,68,62,55,45,36,28,19,12,5,2,0,2,
87,7,41,38,52,84,69,68,62,55,45,36,28,19,12,5,2,0,2,
98,109,40,73,71,71,69,68,62,55,45,36,28,19,12,5,2,0,2,
54,69,13,34,71,71,69,68,62,55,45,36,28,19,12,5,2,0,2,
71,43,74,73,71,71,69,68,62,55,45,36,28,19,12,5,2,0,2,
45,47,105,96,14,0,74,51,41,55,45,36,28,19,12,5,2,0,2,
39,82,73,11,58,42,47,68,62,55,45,36,28,19,12,5,2,0,2,
74,80,34,23,40,37,47,68,62,55,45,36,28,19,12,5,2,0,2,
53,75,74,73,71,71,69,68,62,55,45,36,28,19,12,5,2,0,2,
58,26,34,20,49,71,69,68,62,55,45,36,28,19,12,5,2,0,2,
76,75,74,73,71,71,69,68,62,55,45,36,28,19,12,5,2,0,2,
39,75,74,73,71,71,69,68,62,55,45,36,28,19,12,5,2,0,2,
83,46,74,73,71,71,69,68,62,55,45,36,28,19,12,5,2,0,2,
24,38,74,73,71,71,69,68,62,55,45,36,28,19,12,5,2,0,2,
58,98,69,71,71,71,69,68,62,55,45,36,28,19,12,5,2,0,2,
56,98,3,67,77,34,72,2,44,17,30,16,28,19,12,5,2,0,2,
101,43,74,73,71,71,69,68,62,55,45,36,28,19,12,5,2,0,2,
36,111,74,73,71,71,69,68,62,55,45,36,28,19,12,5,2,0,2,
107,13,97,67,34,54,69,68,62,55,45,36,28,19,12,5,2,0,2,
71,90,74,73,71,71,69,68,62,55,45,36,28,19,12,5,2,0,2,
29,37,74,73,71,71,69,68,62,55,45,36,28,19,12,5,2,0,2,
29,74,74,73,71,71,69,68,62,55,45,36,28,19,12,5,2,0,2,
114,75,74,73,71,71,69,68,62,55,45,36,28,19,12,5,2,0,2,
15,37,74,73,71,71,69,68,62,55,45,36,28,19,12,5,2,0,2,
37,21,74,73,71,71,69,68,62,55,45,36,28,19,12,5,2,0,2,
42,75,74,73,71,71,69,68,62,55,45,36,28,19,12,5,2,0,2,
54,70,30,62,71,71,69,68,62,55,45,36,28,19,12,5,2,0,2,
14,35,51,73,71,71,69,68,62,55,45,36,28,19,12,5,2,0,2,
36,75,74,73,71,71,69,68,62,55,45,36,28,19,12,5,2,0,2,
48,69,22,113,71,71,69,68,62,55,45,36,28,19,12,5,2,0,2,
60,75,74,73,71,71,69,68,62,55,45,36,28,19,12,5,2,0,2,
29,75,74,73,71,71,69,68,62,55,45,36,28,19,12,5,2,0,2,
80,75,74,73,71,71,69,68,62,55,45,36,28,19,12,5,2,0,2,
83,79,62,73,71,71,69,68,62,55,45,36,28,19,12,5,2,0,2,
4,75,74,73,71,71,69,68,62,55,45,36,28,19,12,5,2,0,2,
24,90,79,46,49,71,69,68,62,55,45,36,28,19,12,5,2,0,2,
71,41,45,50,71,71,69,68,62,55,45,36,28,19,12,5,2,0,2,
59,75,74,73,71,71,69,68,62,55,45,36,28,19,12,5,2,0,2,
56,70,79,15,71,71,69,68,62,55,45,36,28,19,12,5,2,0,2,
98,40,40,20,71,71,69,68,62,55,45,36,28,19,12,5,2,0,2,
71,109,57,23,40,58,69,68,62,55,45,36,28,19,12,5,2,0,2,
58,53,97,23,40,71,69,68,62,55,45,36,28,19,12,5,2,0,2,
107,13,68,56,23,40,47,68,62,55,45,36,28,19,12,5,2,0,2,
14,44,96,40,9,49,69,68,62,55,45,36,28,19,12,5,2,0,2,
16,38,74,73,71,71,69,68,62,55,45,36,28,19,12,5,2,0,2,
44,75,74,73,71,71,69,68,62,55,45,36,28,19,12,5,2,0,2,
35,28,79,73,71,71,69,68,62,55,45,36,28,19,12,5,2,0,2,
39,75,74,73,71,71,69,68,62,55,45,36,28,19,12,5,2,0,2,
95,47,112,24,40,42,47,68,62,55,45,36,28,19,12,5,2,0,2,
71,114,11,21,71,71,69,68,62,55,45,36,28,19,12,5,2,0,2,
71,23,74,73,71,71,69,68,62,55,45,36,28,19,12,5,2,0,2,
107,83,66,30,22,40,47,68,62,55,45,36,28,19,12,5,2,0,2,
48,81,107,111,23,40,47,68,62,55,45,36,28,19,12,5,2,0,2,
53,75,74,73,71,71,69,68,62,55,45,36,28,19,12,5,2,0,2,
104,23,79,73,71,71,69,68,62,55,45,36,28,19,12,5,2,0,2,
14,53,36,66,71,71,69,68,62,55,45,36,28,19,12,5,2,0,2,
54,105,69,95,86,48,98,44,62,55,45,36,28,19,12,5,2,0,2,
97,69,57,111,57,70,47,68,62,55,45,36,28,19,12,5,2,0,2,
3,20,45,97,49,71,69,68,62,55,45,36,28,19,12,5,2,0,2,
48,106,69,34,107,40,91,68,62,55,45,36,28,19,12,5,2,0,2,
16,75,74,73,71,71,69,68,62,55,45,36,28,19,12,5,2,0,2,
36,41,88,73,71,71,69,68,62,55,45,36,28,19,12,5,2,0,2,
36,38,74,73,71,71,69,68,62,55,45,36,28,19,12,5,2,0,2,
87,98,96,34,37,36,69,68,62,55,45,36,28,19,12,5,2,0,2,
16,75,74,73,71,71,69,68,62,55,45,36,28,19,12,5,2,0,2,
105,75,74,73,71,71,69,68,62,55,45,36,28,19,12,5,2,0,2,
24,38,19,73,71,71,69,68,62,55,45,36,28,19,12,5,2,0,2,
22,114,54,40,77,71,69,68,62,55,45,36,28,19,12,5,2,0,2,
54,69,40,97,71,71,69,68,62,55,45,36,28,19,12,5,2,0,2,
29,59,79,73,71,71,69,68,62,55,45,36,28,19,12,5,2,0,2,
71,23,68,34,49,44,78,68,62,55,45,36,28,19,12,5,2,0,2,
36,75,74,73,71,71,69,68,62,55,45,36,28,19,12,5,2,0,2,
54,75,74,73,71,71,69,68,62,55,45,36,28,19,12,5,2,0,2,
70,61,20,38,71,71,69,68,62,55,45,36,28,19,12,5,2,0,2,
70,79,13,44,59,71,69,68,62,55,45,36,28,19,12,5,2,0,2,
14,35,28,73,71,71,69,68,62,55,45,36,28,19,12,5,2,0,2,
98,21,34,29,22,71,69,68,62,55,45,36,28,19,12,5,2,0,2,
53,75,74,73,71,71,69,68,62,55,45,36,28,19,12,5,2,0,2,
58,90,34,40,96,16,69,68,62,55,45,36,28,19,12,5,2,0,2,
58,21,40,31,99,71,69,68,62,55,45,36,28,19,12,5,2,0,2,
105,45,22,73,71,71,69,68,62,55,45,36,28,19,12,5,2,0,2,
48,106,107,54,71,71,69,68,62,55,45,36,28,19,12,5,2,0,2,
50,23,74,73,71,71,69,68,62,55,45,36,28,19,12,5,2,0,2,
50,70,68,21,34,71,69,68,62,55,45,36,28,19,12,5,2,0,2,
14,57,86,104,50,97,88,62,5,25,63,36,28,19,12,5,2,0,2,
24,53,69,73,71,71,69,68,62,55,45,36,28,19,12,5,2,0,2,
107,57,97,86,29,33,97,57,62,55,45,36,28,19,12,5,2,0,2,
105,105,97,78,75,23,69,68,62,55,45,36,28,19,12,5,2,0,2,
71,69,22,73,71,71,69,68,62,55,45,36,28,19,12,5,2,0,2,
50,52,74,73,71,71,69,68,62,55,45,36,28,19,12,5,2,0,2,
105,63,74,73,71,71,69,68,62,55,45,36,28,19,12,5,2,0,2,
105,98,78,0,34,71,69,68,62,55,45,36,28,19,12,5,2,0,2,
107,55,22,104,50,78,73,73,10,37,45,36,28,19,12,5,2,0,2,
29,75,74,73,71,71,69,68,62,55,45,36,28,19,12,5,2,0,2,
24,69,89,98,17,71,69,68,62,55,45,36,28,19,12,5,2,0,2,
56,95,68,39,86,30,50,33,62,55,45,36,28,19,12,5,2,0,2,
28,86,103,42,59,67,69,68,62,55,45,36,28,19,12,5,2,0,2,
14,87,28,73,71,71,69,68,62,55,45,36,28,19,12,5,2,0,2,
14,41,74,73,71,71,69,68,62,55,45,36,28,19,12,5,2,0,2,
105,70,20,34,77,71,69,68,62,55,45,36,28,19,12,5,2,0,2,
48,70,107,49,34,40,36,10,69,51,45,36,28,19,12,5,2,0,2,
58,95,96,65,71,71,69,68,62,55,45,36,28,19,12,5,2,0,2,
58,75,74,73,71,71,69,68,62,55,45,36,28,19,12,5,2,0,2,
36,38,74,73,71,71,69,68,62,55,45,36,28,19,12,5,2,0,2,
54,23,19,73,71,71,69,68,62,55,45,36,28,19,12,5,2,0,2,
48,53,96,67,98,59,69,68,62,55,45,36,28,19,12,5,2,0,2,
58,98,69,79,29,17,23,37,51,55,45,36,28,19,12,5,2,0,2,
58,75,74,73,71,71,69,68,62,55,45,36,28,19,12,5,2,0,2,
87,98,74,73,71,71,69,68,62,55,45,36,28,19,12,5,2,0,2,
95,75,74,73,71,71,69,68,62,55,45,36,28,19,12,5,2,0,2,
80,35,60,73,71,71,69,68,62,55,45,36,28,19,12,5,2,0,2,
3,37,62,73,71,71,69,68,62,55,45,36,28,19,12,5,2,0,2,
37,76,11,21,71,71,69,68,62,55,45,36,28,19,12,5,2,0,2,
14,44,56,93,106,65,26,34,18,60,25,36,28,19,12,5,2,0,2,
36,29,22,40,70,76,56,56,62,55,45,36,28,19,12,5,2,0,2,
107,35,74,73,71,71,69,68,62,55,45,36,28,19,12,5,2,0,2,
95,47,69,67,71,71,69,68,62,55,45,36,28,19,12,5,2,0,2,
50,57,80,110,50,90,100,62,51,55,45,36,28,19,12,5,2,0,2,
34,97,34,61,71,71,69,68,62,55,45,36,28,19,12,5,2,0,2,
107,51,34,73,71,71,69,68,62,55,45,36,28,19,12,5,2,0,2,
71,43,74,73,71,71,69,68,62,55,45,36,28,19,12,5,2,0,2,
71,52,74,73,71,71,69,68,62,55,45,36,28,19,12,5,2,0,2,
50,29,61,73,71,71,69,68,62,55,45,36,28,19,12,5,2,0,2,
88,75,74,73,71,71,69,68,62,55,45,36,28,19,12,5,2,0,2,
47,75,74,73,71,71,69,68,62,55,45,36,28,19,12,5,2,0,2,
24,53,97,34,28,70,69,68,62,55,45,36,28,19,12,5,2,0,2,
81,15,51,73,71,71,69,68,62,55,45,36,28,19,12,5,2,0,2,
24,28,74,73,71,71,69,68,62,55,45,36,28,19,12,5,2,0,2,
107,87,52,68,65,103,74,68,62,55,45,36,28,19,12,5,2,0,2,
53,75,74,73,71,71,69,68,62,55,45,36,28,19,12,5,2,0,2,
71,69,75,79,54,29,43,12,81,55,45,36,28,19,12,5,2,0,2,
14,47,105,100,69,34,39,97,50,37,45,36,28,19,12,5,2,0,2,
90,75,74,73,71,71,69,68,62,55,45,36,28,19,12,5,2,0,2,
105,21,34,73,71,71,69,68,62,55,45,36,28,19,12,5,2,0,2,
48,70,68,73,71,71,69,68,62,55,45,36,28,19,12,5,2,0,2,
79,90,60,114,71,71,69,68,62,55,45,36,28,19,12,5,2,0,2,
48,88,61,73,71,71,69,68,62,55,45,36,28,19,12,5,2,0,2,
107,106,97,67,71,71,69,68,62,55,45,36,28,19,12,5,2,0,2,
24,75,74,73,71,71,69,68,62,55,45,36,28,19,12,5,2,0,2,
111,79,74,73,71,71,69,68,62,55,45,36,28,19,12,5,2,0,2,
24,70,34,86,71,71,69,68,62,55,45,36,28,19,12,5,2,0,2,
37,75,74,73,71,71,69,68,62,55,45,36,28,19,12,5,2,0,2,
98,80,74,73,71,71,69,68,62,55,45,36,28,19,12,5,2,0,2,
59,20,37,81,70,71,69,68,62,55,45,36,28,19,12,5,2,0,2,
107,69,79,73,71,71,69,68,62,55,45,36,28,19,12,5,2,0,2,
53,75,74,73,71,71,69,68,62,55,45,36,28,19,12,5,2,0,2,
107,13,74,73,71,71,69,68,62,55,45,36,28,19,12,5,2,0,2,
14,35,74,73,71,71,69,68,62,55,45,36,28,19,12,5,2,0,2,
14,42,51,73,71,71,69,68,62,55,45,36,28,19,12,5,2,0,2,
42,80,61,73,71,71,69,68,62,55,45,36,28,19,12,5,2,0,2,
48,53,69,56,49,71,69,68,62,55,45,36,28,19,12,5,2,0,2,
21,75,74,73,71,71,69,68,62,55,45,36,28,19,12,5,2,0,2,
48,36,74,73,71,71,69,68,62,55,45,36,28,19,12,5,2,0,2,
24,35,40,36,71,71,69,68,62,55,45,36,28,19,12,5,2,0,2,
97,21,34,59,29,19,47,68,62,55,45,36,28,19,12,5,2,0,2,
98,35,33,73,71,71,69,68,62,55,45,36,28,19,12,5,2,0,2,
38,75,74,73,71,71,69,68,62,55,45,36,28,19,12,5,2,0,2,
97,96,74,73,71,71,69,68,62,55,45,36,28,19,12,5,2,0,2,
58,70,68,111,87,101,69,68,62,55,45,36,28,19,12,5,2,0,2,
71,52,74,73,71,71,69,68,62,55,45,36,28,19,12,5,2,0,2,
108,19,51,73,71,71,69,68,62,55,45,36,28,19,12,5,2,0,2,
24,75,74,73,71,71,69,68,62,55,45,36,28,19,12,5,2,0,2,
42,80,74,73,71,71,69,68,62,55,45,36,28,19,12,5,2,0,2,
50,57,52,96,14,26,5,73,75,56,38,23,28,19,12,5,2,0,2,
71,97,34,23,44,80,69,68,62,55,45,36,28,19,12,5,2,0,2,
53,75,74,73,71,71,69,68,62,55,45,36,28,19,12,5,2,0,2,
14,49,56,85,50,66,23,4,70,13,49,45,18,19,12,5,2,0,2,
7,21,34,40,36,71,69,68,62,55,45,36,28,19,12,5,2,0,2,
14,98,34,73,71,71,69,68,62,55,45,36,28,19,12,5,2,0,2,
90,116,74,73,71,71,69,68,62,55,45,36,28,19,12,5,2,0,2,
70,90,18,73,71,71,69,68,62,55,45,36,28,19,12,5,2,0,2,
71,69,14,11,71,71,69,68,62,55,45,36,28,19,12,5,2,0,2,
36,75,74,73,71,71,69,68,62,55,45,36,28,19,12,5,2,0,2,
14,35,6,73,71,71,69,68,62,55,45,36,28,19,12,5,2,0,2,
70,27,62,73,71,71,69,68,62,55,45,36,28,19,12,5,2,0,2,
48,113,78,73,71,71,69,68,62,55,45,36,28,19,12,5,2,0,2,
29,75,74,73,71,71,69,68,62,55,45,36,28,19,12,5,2,0,2,
81,21,74,73,71,71,69,68,62,55,45,36,28,19,12,5,2,0,2,
48,70,68,78,103,34,11,56,15,55,45,36,28,19,12,5,2,0,2,
70,75,74,73,71,71,69,68,62,55,45,36,28,19,12,5,2,0,2,
107,47,74,73,71,71,69,68,62,55,45,36,28,19,12,5,2,0,2,
14,38,81,73,71,71,69,68,62,55,45,36,28,19,12,5,2,0,2,
50,47,105,23,37,71,69,68,62,55,45,36,28,19,12,5,2,0,2,
42,75,74,73,71,71,69,68,62,55,45,36,28,19,12,5,2,0,2,
40,20,51,73,71,71,69,68,62,55,45,36,28,19,12,5,2,0,2,
21,75,74,73,71,71,69,68,62,55,45,36,28,19,12,5,2,0,2,
46,41,74,73,71,71,69,68,62,55,45,36,28,19,12,5,2,0,2,
50,87,97,111,81,71,69,68,62,55,45,36,28,19,12,5,2,0,2,
22,35,95,92,42,59,69,68,62,55,45,36,28,19,12,5,2,0,2,
48,83,97,68,47,40,43,73,51,55,45,36,28,19,12,5,2,0,2,
77,41,74,73,71,71,69,68,62,55,45,36,28,19,12,5,2,0,2,
105,104,74,73,71,71,69,68,62,55,45,36,28,19,12,5,2,0,2,
107,13,54,68,35,41,43,37,73,79,29,36,28,19,12,5,2,0,2,
71,34,18,1,71,71,69,68,62,55,45,36,28,19,12,5,2,0,2,
50,98,69,111,15,40,20,68,62,55,45,36,28,19,12,5,2,0,2,
107,23,19,37,88,71,69,68,62,55,45,36,28,19,12,5,2,0,2,
101,52,74,73,71,71,69,68,62,55,45,36,28,19,12,5,2,0,2,
24,98,69,15,71,71,69,68,62,55,45,36,28,19,12,5,2,0,2,
90,75,74,73,71,71,69,68,62,55,45,36,28,19,12,5,2,0,2,
36,75,74,73,71,71,69,68,62,55,45,36,28,19,12,5,2,0,2,
70,103,45,102,71,71,69,68,62,55,45,36,28,19,12,5,2,0,2,
107,13,46,104,78,90,64,24,56,75,65,35,28,19,12,5,2,0,2,
14,41,74,73,71,71,69,68,62,55,45,36,28,19,12,5,2,0,2,
95,83,13,111,15,23,43,68,62,55,45,36,28,19,12,5,2,0,2,
98,70,68,106,51,19,39,44,66,73,38,36,28,19,12,5,2,0,2,
71,36,74,73,71,71,69,68,62,55,45,36,28,19,12,5,2,0,2,
37,35,100,73,71,71,69,68,62,55,45,36,28,19,12,5,2,0,2,
84,75,74,73,71,71,69,68,62,55,45,36,28,19,12,5,2,0,2,
87,98,74,73,71,71,69,68,62,55,45,36,28,19,12,5,2,0,2,
14,35,74,73,71,71,69,68,62,55,45,36,28,19,12,5,2,0,2,
48,81,68,88,69,34,21,40,69,66,45,36,28,19,12,5,2,0,2,
71,67,41,50,77,58,69,68,62,55,45,36,28,19,12,5,2,0,2,
16,78,74,73,71,71,69,68,62,55,45,36,28,19,12,5,2,0,2,
88,24,9,46,42,71,69,68,62,55,45,36,28,19,12,5,2,0,2,
71,69,107,86,24,33,19,2,37,55,45,36,28,19,12,5,2,0,2,
46,23,40,73,71,71,69,68,62,55,45,36,28,19,12,5,2,0,2,
112,75,74,73,71,71,69,68,62,55,45,36,28,19,12,5,2,0,2,
108,28,73,57,71,71,69,68,62,55,45,36,28,19,12,5,2,0,2,
48,109,34,60,59,71,69,68,62,55,45,36,28,19,12,5,2,0,2,
58,98,10,69,71,71,69,68,62,55,45,36,28,19,12,5,2,0,2,
39,82,74,73,71,71,69,68,62,55,45,36,28,19,12,5,2,0,2,
80,75,74,73,71,71,69,68,62,55,45,36,28,19,12,5,2,0,2,
92,75,74,73,71,71,69,68,62,55,45,36,28,19,12,5,2,0,2,
42,20,58,99,71,71,69,68,62,55,45,36,28,19,12,5,2,0,2,
14,35,40,73,71,71,69,68,62,55,45,36,28,19,12,5,2,0,2,
80,75,74,73,71,71,69,68,62,55,45,36,28,19,12,5,2,0,2,
48,70,66,19,44,31,74,3,51,55,45,36,28,19,12,5,2,0,2,
58,47,68,73,71,71,69,68,62,55,45,36,28,19,12,5,2,0,2,
112,15,53,27,49,44,69,68,62,55,45,36,28,19,12,5,2,0,2,
71,75,74,73,71,71,69,68,62,55,45,36,28,19,12,5,2,0,2,
111,98,68,14,34,23,39,68,62,55,45,36,28,19,12,5,2,0,2,
95,106,22,30,37,31,35,83,39,55,45,36,28,19,12,5,2,0,2,
42,116,74,73,71,71,69,68,62,55,45,36,28,19,12,5,2,0,2,
87,81,69,15,84,40,69,68,62,55,45,36,28,19,12,5,2,0,2,
80,75,74,73,71,71,69,68,62,55,45,36,28,19,12,5,2,0,2,
81,93,10,73,71,71,69,68,62,55,45,36,28,19,12,5,2,0,2,
48,53,97,42,71,71,69,68,62,55,45,36,28,19,12,5,2,0,2,
70,75,74,73,71,71,69,68,62,55,45,36,28,19,12,5,2,0,2,
87,53,68,78,0,81,39,12,62,55,45,36,28,19,12,5,2,0,2,
16,41,58,97,71,71,69,68,62,55,45,36,28,19,12,5,2,0,2,
14,98,68,19,96,82,58,68,62,55,45,36,28,19,12,5,2,0,2,
14,44,22,73,71,71,69,68,62,55,45,36,28,19,12,5,2,0,2,
111,75,74,73,71,71,69,68,62,55,45,36,28,19,12,5,2,0,2,
29,75,74,73,71,71,69,68,62,55,45,36,28,19,12,5,2,0,2,
95,75,74,73,71,71,69,68,62,55,45,36,28,19,12,5,2,0,2,
36,41,74,73,71,71,69,68,62,55,45,36,28,19,12,5,2,0,2,
36,41,85,73,71,71,69,68,62,55,45,36,28,19,12,5,2,0,2,
24,98,34,50,71,71,69,68,62,55,45,36,28,19,12,5,2,0,2,
107,87,69,50,23,37,11,73,62,55,45,36,28,19,12,5,2,0,2,
36,75,74,73,71,71,69,68,62,55,45,36,28,19,12,5,2,0,2,
95,70,68,78,19,105,80,68,62,55,45,36,28,19,12,5,2,0,2,
42,75,74,73,71,71,69,68,62,55,45,36,28,19,12,5,2,0,2,
58,53,96,3,11,84,69,68,62,55,45,36,28,19,12,5,2,0,2,
11,75,74,73,71,71,69,68,62,55,45,36,28,19,12,5,2,0,2,
71,59,74,73,71,71,69,68,62,55,45,36,28,19,12,5,2,0,2,
85,75,74,73,71,71,69,68,62,55,45,36,28,19,12,5,2,0,2,
71,41,2,73,71,71,69,68,62,55,45,36,28,19,12,5,2,0,2,
45,113,52,68,76,103,15,37,39,55,45,36,28,19,12,5,2,0,2,
46,114,74,73,71,71,69,68,62,55,45,36,28,19,12,5,2,0,2,
14,53,74,73,71,71,69,68,62,55,45,36,28,19,12,5,2,0,2,
97,111,74,73,71,71,69,68,62,55,45,36,28,19,12,5,2,0,2,
39,75,74,73,71,71,69,68,62,55,45,36,28,19,12,5,2,0,2,
3,51,77,40,55,76,85,68,62,55,45,36,28,19,12,5,2,0,2,
24,98,74,73,71,71,69,68,62,55,45,36,28,19,12,5,2,0,2,
39,75,74,73,71,71,69,68,62,55,45,36,28,19,12,5,2,0,2,
85,106,68,79,71,71,69,68,62,55,45,36,28,19,12,5,2,0,2,
36,41,2,73,71,71,69,68,62,55,45,36,28,19,12,5,2,0,2,
42,65,74,73,71,71,69,68,62,55,45,36,28,19,12,5,2,0,2,
47,71,51,73,71,71,69,68,62,55,45,36,28,19,12,5,2,0,2,
98,3,57,73,71,71,69,68,62,55,45,36,28,19,12,5,2,0,2,
90,76,74,73,71,71,69,68,62,55,45,36,28,19,12,5,2,0,2,
48,70,96,3,15,40,20,91,44,55,45,36,28,19,12,5,2,0,2,
90,68,103,61,71,71,69,68,62,55,45,36,28,19,12,5,2,0,2,
87,41,64,69,71,71,69,68,62,55,45,36,28,19,12,5,2,0,2,
107,55,97,6,37,80,69,68,62,55,45,36,28,19,12,5,2,0,2,
70,35,74,73,71,71,69,68,62,55,45,36,28,19,12,5,2,0,2,
98,69,78,11,71,71,69,68,62,55,45,36,28,19,12,5,2,0,2,
14,87,82,96,34,49,69,68,62,55,45,36,28,19,12,5,2,0,2,
14,113,96,78,31,36,69,68,62,55,45,36,28,19,12,5,2,0,2,
36,41,74,73,71,71,69,68,62,55,45,36,28,19,12,5,2,0,2,
24,31,79,73,71,71,69,68,62,55,45,36,28,19,12,5,2,0,2,
107,47,69,34,23,42,69,68,62,55,45,36,28,19,12,5,2,0,2,
71,42,37,73,71,71,69,68,62,55,45,36,28,19,12,5,2,0,2,
39,82,74,73,71,71,69,68,62,55,45,36,28,19,12,5,2,0,2,
53,75,74,73,71,71,69,68,62,55,45,36,28,19,12,5,2,0,2,
14,70,23,73,71,71,69,68,62,55,45,36,28,19,12,5,2,0,2,
42,75,74,73,71,71,69,68,62,55,45,36,28,19,12,5,2,0,2,
48,106,74,73,71,71,69,68,62,55,45,36,28,19,12,5,2,0,2,
50,90,74,73,71,71,69,68,62,55,45,36,28,19,12,5,2,0,2,
52,41,74,73,71,71,69,68,62,55,45,36,28,19,12,5,2,0,2,
58,53,19,50,71,71,69,68,62,55,45,36,28,19,12,5,2,0,2,
107,13,83,73,71,71,69,68,62,55,45,36,28,19,12,5,2,0,2,
39,75,74,73,71,71,69,68,62,55,45,36,28,19,12,5,2,0,2,
105,113,52,68,92,75,7,79,14,55,45,36,28,19,12,5,2,0,2,
24,113,89,50,60,71,69,68,62,55,45,36,28,19,12,5,2,0,2,
107,13,14,73,71,71,69,68,62,55,45,36,28,19,12,5,2,0,2,
70,76,34,73,71,71,69,68,62,55,45,36,28,19,12,5,2,0,2,
74,58,106,73,71,71,69,68,62,55,45,36,28,19,12,5,2,0,2,
48,111,74,73,71,71,69,68,62,55,45,36,28,19,12,5,2,0,2,
88,41,30,73,71,71,69,68,62,55,45,36,28,19,12,5,2,0,2,
54,70,78,79,40,44,69,68,62,55,45,36,28,19,12,5,2,0,2,
98,23,78,43,71,71,69,68,62,55,45,36,28,19,12,5,2,0,2,
42,28,62,73,71,71,69,68,62,55,45,36,28,19,12,5,2,0,2,
42,20,10,50,71,71,69,68,62,55,45,36,28,19,12,5,2,0,2,
81,113,66,67,67,71,69,68,62,55,45,36,28,19,12,5,2,0,2,
114,75,74,73,71,71,69,68,62,55,45,36,28,19,12,5,2,0,2,
105,73,22,40,44,37,69,68,62,55,45,36,28,19,12,5,2,0,2,
101,80,114,73,71,71,69,68,62,55,45,36,28,19,12,5,2,0,2,
107,53,82,68,92,63,96,71,37,34,31,36,28,19,12,5,2,0,2,
107,95,46,67,23,71,69,68,62,55,45,36,28,19,12,5,2,0,2,
14,70,34,73,71,71,69,68,62,55,45,36,28,19,12,5,2,0,2,
80,75,74,73,71,71,69,68,62,55,45,36,28,19,12,5,2,0,2,
11,80,74,73,71,71,69,68,62,55,45,36,28,19,12,5,2,0,2,
70,20,74,73,71,71,69,68,62,55,45,36,28,19,12,5,2,0,2,
74,75,74,73,71,71,69,68,62,55,45,36,28,19,12,5,2,0,2,
71,75,74,73,71,71,69,68,62,55,45,36,28,19,12,5,2,0,2,
14,95,46,96,92,15,39,73,81,55,45,36,28,19,12,5,2,0,2,
32,86,74,73,71,71,69,68,62,55,45,36,28,19,12,5,2,0,2,
14,35,40,73,71,71,69,68,62,55,45,36,28,19,12,5,2,0,2,
21,75,74,73,71,71,69,68,62,55,45,36,28,19,12,5,2,0,2,
107,70,44,71,33,96,58,68,62,55,45,36,28,19,12,5,2,0,2,
16,29,61,73,71,71,69,68,62,55,45,36,28,19,12,5,2,0,2,
101,75,74,73,71,71,69,68,62,55,45,36,28,19,12,5,2,0,2,
14,41,74,73,71,71,69,68,62,55,45,36,28,19,12,5,2,0,2,
24,49,45,28,11,71,69,68,62,55,45,36,28,19,12,5,2,0,2,
38,75,74,73,71,71,69,68,62,55,45,36,28,19,12,5,2,0,2,
99,75,74,73,71,71,69,68,62,55,45,36,28,19,12,5,2,0,2,
71,40,74,73,71,71,69,68,62,55,45,36,28,19,12,5,2,0,2,
107,57,86,80,66,75,5,79,44,30,13,12,37,19,12,5,2,0,2,
50,95,52,68,3,65,70,30,16,60,37,36,28,19,12,5,2,0,2,
48,70,79,61,71,71,69,68,62,55,45,36,28,19,12,5,2,0,2,
97,101,114,61,71,71,69,68,62,55,45,36,28,19,12,5,2,0,2,
98,0,41,34,15,71,69,68,62,55,45,36,28,19,12,5,2,0,2,
70,109,30,79,49,71,69,68,62,55,45,36,28,19,12,5,2,0,2,
14,106,97,68,41,34,45,55,39,55,45,36,28,19,12,5,2,0,2,
71,109,72,73,71,71,69,68,62,55,45,36,28,19,12,5,2,0,2,
98,90,72,73,71,71,69,68,62,55,45,36,28,19,12,5,2,0,2,
107,97,40,73,71,71,69,68,62,55,45,36,28,19,12,5,2,0,2,
56,23,56,68,76,44,69,68,62,55,45,36,28,19,12,5,2,0,2,
20,41,114,73,71,71,69,68,62,55,45,36,28,19,12,5,2,0,2,
28,23,81,89,71,71,69,68,62,55,45,36,28,19,12,5,2,0,2,
3,28,74,73,71,71,69,68,62,55,45,36,28,19,12,5,2,0,2,
71,23,74,73,71,71,69,68,62,55,45,36,28,19,12,5,2,0,2,
24,75,74,73,71,71,69,68,62,55,45,36,28,19,12,5,2,0,2,
70,9,74,73,71,71,69,68,62,55,45,36,28,19,12,5,2,0,2,
24,57,97,68,14,83,79,14,36,63,0,32,28,19,12,5,2,0,2,
68,35,74,73,71,71,69,68,62,55,45,36,28,19,12,5,2,0,2,
53,41,47,73,71,71,69,68,62,55,45,36,28,19,12,5,2,0,2,
108,73,112,73,71,71,69,68,62,55,45,36,28,19,12,5,2,0,2,
60,75,74,73,71,71,69,68,62,55,45,36,28,19,12,5,2,0,2,
14,95,81,51,80,89,63,72,35,55,45,36,28,19,12,5,2,0,2,
59,20,74,73,71,71,69,68,62,55,45,36,28,19,12,5,2,0,2,
105,14,53,29,23,9,47,68,62,55,45,36,28,19,12,5,2,0,2,
48,23,74,73,71,71,69,68,62,55,45,36,28,19,12,5,2,0,2,
113,75,74,73,71,71,69,68,62,55,45,36,28,19,12,5,2,0,2,
95,82,69,67,43,83,33,30,66,55,45,36,28,19,12,5,2,0,2,
71,75,74,73,71,71,69,68,62,55,45,36,28,19,12,5,2,0,2,
24,75,74,73,71,71,69,68,62,55,45,36,28,19,12,5,2,0,2,
50,53,40,57,71,71,69,68,62,55,45,36,28,19,12,5,2,0,2,
98,14,20,40,71,71,69,68,62,55,45,36,28,19,12,5,2,0,2,
98,26,112,29,37,71,69,68,62,55,45,36,28,19,12,5,2,0,2,
56,69,42,73,71,71,69,68,62,55,45,36,28,19,12,5,2,0,2,
71,7,34,42,67,71,69,68,62,55,45,36,28,19,12,5,2,0,2,
29,74,74,73,71,71,69,68,62,55,45,36,28,19,12,5,2,0,2,
48,58,29,83,71,71,69,68,62,55,45,36,28,19,12,5,2,0,2,
48,69,35,41,103,34,93,24,44,55,45,36,28,19,12,5,2,0,2,
110,75,74,73,71,71,69,68,62,55,45,36,28,19,12,5,2,0,2,
14,49,46,96,63,14,39,68,62,55,45,36,28,19,12,5,2,0,2,
29,75,74,73,71,71,69,68,62,55,45,36,28,19,12,5,2,0,2,
53,23,27,42,71,71,69,68,62,55,45,36,28,19,12,5,2,0,2,
50,75,74,73,71,71,69,68,62,55,45,36,28,19,12,5,2,0,2,
91,75,74,73,71,71,69,68,62,55,45,36,28,19,12,5,2,0,2,
29,75,74,73,71,71,69,68,62,55,45,36,28,19,12,5,2,0,2,
36,41,74,73,71,71,69,68,62,55,45,36,28,19,12,5,2,0,2,
16,41,10,73,71,71,69,68,62,55,45,36,28,19,12,5,2,0,2,
21,75,74,73,71,71,69,68,62,55,45,36,28,19,12,5,2,0,2,
21,75,74,73,71,71,69,68,62,55,45,36,28,19,12,5,2,0,2,
52,23,40,37,71,71,69,68,62,55,45,36,28,19,12,5,2,0,2,
36,75,74,73,71,71,69,68,62,55,45,36,28,19,12,5,2,0,2,
51,75,74,73,71,71,69,68,62,55,45,36,28,19,12,5,2,0,2,
29,75,74,73,71,71,69,68,62,55,45,36,28,19,12,5,2,0,2,
71,39,22,61,71,71,69,68,62,55,45,36,28,19,12,5,2,0,2,
71,3,74,73,71,71,69,68,62,55,45,36,28,19,12,5,2,0,2,
48,70,20,43,34,49,69,68,62,55,45,36,28,19,12,5,2,0,2,
95,82,96,0,23,42,69,68,62,55,45,36,28,19,12,5,2,0,2,
29,75,74,73,71,71,69,68,62,55,45,36,28,19,12,5,2,0,2,
36,28,74,73,71,71,69,68,62,55,45,36,28,19,12,5,2,0,2,
105,70,34,21,38,71,69,68,62,55,45,36,28,19,12,5,2,0,2,
50,70,78,37,104,71,69,68,62,55,45,36,28,19,12,5,2,0,2,
29,75,74,73,71,71,69,68,62,55,45,36,28,19,12,5,2,0,2,
30,107,62,73,71,71,69,68,62,55,45,36,28,19,12,5,2,0,2,
24,53,13,113,71,71,69,68,62,55,45,36,28,19,12,5,2,0,2,
56,53,82,103,93,66,55,40,55,55,45,36,28,19,12,5,2,0,2,
54,98,69,59,71,71,69,68,62,55,45,36,28,19,12,5,2,0,2,
45,81,42,73,71,71,69,68,62,55,45,36,28,19,12,5,2,0,2,
64,75,74,73,71,71,69,68,62,55,45,36,28,19,12,5,2,0,2,
79,35,14,23,71,71,69,68,62,55,45,36,28,19,12,5,2,0,2,
22,96,74,73,71,71,69,68,62,55,45,36,28,19,12,5,2,0,2,
95,82,52,65,75,71,69,68,62,55,45,36,28,19,12,5,2,0,2,
105,98,69,79,15,81,22,80,62,55,45,36,28,19,12,5,2,0,2,
58,53,97,78,34,37,69,68,62,55,45,36,28,19,12,5,2,0,2,
70,21,14,33,44,49,69,68,62,55,45,36,28,19,12,5,2,0,2,
14,35,37,73,71,71,69,68,62,55,45,36,28,19,12,5,2,0,2,
46,75,74,73,71,71,69,68,62,55,45,36,28,19,12,5,2,0,2,
80,20,74,73,71,71,69,68,62,55,45,36,28,19,12,5,2,0,2,
24,38,36,73,71,71,69,68,62,55,45,36,28,19,12,5,2,0,2,
64,75,74,73,71,71,69,68,62,55,45,36,28,19,12,5,2,0,2,
29,75,74,73,71,71,69,68,62,55,45,36,28,19,12,5,2,0,2,
97,69,74,73,71,71,69,68,62,55,45,36,28,19,12,5,2,0,2,
105,75,74,73,71,71,69,68,62,55,45,36,28,19,12,5,2,0,2,
37,35,74,73,71,71,69,68,62,55,45,36,28,19,12,5,2,0,2,
42,46,30,73,71,71,69,68,62,55,45,36,28,19,12,5,2,0,2,
64,75,74,73,71,71,69,68,62,55,45,36,28,19,12,5,2,0,2,
107,55,48,80,50,75,74,68,62,55,45,36,28,19,12,5,2,0,2,
48,70,57,31,42,71,69,68,62,55,45,36,28,19,12,5,2,0,2,
50,70,20,75,107,24,69,68,62,55,45,36,28,19,12,5,2,0,2,
24,47,97,50,71,71,69,68,62,55,45,36,28,19,12,5,2,0,2,
24,49,46,25,19,71,69,68,62,55,45,36,28,19,12,5,2,0,2,
36,34,40,61,71,71,69,68,62,55,45,36,28,19,12,5,2,0,2,
55,46,62,73,71,71,69,68,62,55,45,36,28,19,12,5,2,0,2,
14,57,94,81,65,103,29,40,30,73,29,34,28,19,12,5,2,0,2,
14,47,39,40,109,71,69,68,62,55,45,36,28,19,12,5,2,0,2,
53,75,74,73,71,71,69,68,62,55,45,36,28,19,12,5,2,0,2,
41,52,74,73,71,71,69,68,62,55,45,36,28,19,12,5,2,0,2,
70,75,74,73,71,71,69,68,62,55,45,36,28,19,12,5,2,0,2,
36,74,74,73,71,71,69,68,62,55,45,36,28,19,12,5,2,0,2,
71,15,74,73,71,71,69,68,62,55,45,36,28,19,12,5,2,0,2,
111,98,69,67,76,83,29,56,88,55,45,36,28,19,12,5,2,0,2,
95,82,62,73,71,71,69,68,62,55,45,36,28,19,12,5,2,0,2,
56,53,97,68,107,15,57,68,62,55,45,36,28,19,12,5,2,0,2,
105,0,34,28,49,71,69,68,62,55,45,36,28,19,12,5,2,0,2,
81,113,10,73,71,71,69,68,62,55,45,36,28,19,12,5,2,0,2,
29,75,74,73,71,71,69,68,62,55,45,36,28,19,12,5,2,0,2,
14,81,69,66,71,71,69,68,62,55,45,36,28,19,12,5,2,0,2,
69,75,74,73,71,71,69,68,62,55,45,36,28,19,12,5,2,0,2,
24,95,81,51,71,71,69,68,62,55,45,36,28,19,12,5,2,0,2,
14,95,81,80,92,34,99,37,62,55,45,36,28,19,12,5,2,0,2,
34,47,68,71,34,71,69,68,62,55,45,36,28,19,12,5,2,0,2,
54,21,18,73,71,71,69,68,62,55,45,36,28,19,12,5,2,0,2,
0,75,74,73,71,71,69,68,62,55,45,36,28,19,12,5,2,0,2,
50,98,0,56,71,71,69,68,62,55,45,36,28,19,12,5,2,0,2,
48,67,74,73,71,71,69,68,62,55,45,36,28,19,12,5,2,0,2,
27,35,74,73,71,71,69,68,62,55,45,36,28,19,12,5,2,0,2,
27,75,74,73,71,71,69,68,62,55,45,36,28,19,12,5,2,0,2,
14,55,80,51,93,34,28,68,62,55,45,36,28,19,12,5,2,0,2,
87,58,87,23,40,11,9,55,62,55,45,36,28,19,12,5,2,0,2,
46,38,81,72,71,71,69,68,62,55,45,36,28,19,12,5,2,0,2,
48,106,52,96,66,43,74,96,8,13,26,32,28,19,12,5,2,0,2,
14,35,14,19,71,71,69,68,62,55,45,36,28,19,12,5,2,0,2,
36,75,74,73,71,71,69,68,62,55,45,36,28,19,12,5,2,0,2,
58,53,34,111,15,74,41,56,62,55,45,36,28,19,12,5,2,0,2,
36,41,10,61,71,71,69,68,62,55,45,36,28,19,12,5,2,0,2,
114,75,74,73,71,71,69,68,62,55,45,36,28,19,12,5,2,0,2,
107,13,48,93,79,90,64,34,64,17,66,50,28,19,12,5,2,0,2,
58,35,74,73,71,71,69,68,62,55,45,36,28,19,12,5,2,0,2,
111,70,60,21,40,71,69,68,62,55,45,36,28,19,12,5,2,0,2,
42,80,74,73,71,71,69,68,62,55,45,36,28,19,12,5,2,0,2,
71,23,74,73,71,71,69,68,62,55,45,36,28,19,12,5,2,0,2,
24,49,69,78,49,71,69,68,62,55,45,36,28,19,12,5,2,0,2,
112,15,30,73,71,71,69,68,62,55,45,36,28,19,12,5,2,0,2,
107,95,81,68,23,65,81,93,60,25,56,21,28,19,12,5,2,0,2,
107,70,28,23,40,80,69,68,62,55,45,36,28,19,12,5,2,0,2,
105,105,97,68,92,75,59,42,54,37,45,36,28,19,12,5,2,0,2,
103,75,74,73,71,71,69,68,62,55,45,36,28,19,12,5,2,0,2,
107,53,69,23,92,76,99,54,16,48,45,36,28,19,12,5,2,0,2,
95,82,69,78,77,12,57,68,62,55,45,36,28,19,12,5,2,0,2,
48,42,79,40,20,93,69,68,62,55,45,36,28,19,12,5,2,0,2,
24,95,81,96,71,71,69,68,62,55,45,36,28,19,12,5,2,0,2,
24,75,74,73,71,71,69,68,62,55,45,36,28,19,12,5,2,0,2,
45,81,111,41,43,31,11,78,58,37,45,36,28,19,12,5,2,0,2,
29,37,74,73,71,71,69,68,62,55,45,36,28,19,12,5,2,0,2,
81,20,109,73,71,71,69,68,62,55,45,36,28,19,12,5,2,0,2,
87,105,97,23,76,40,82,3,62,55,45,36,28,19,12,5,2,0,2,
97,69,74,73,71,71,69,68,62,55,45,36,28,19,12,5,2,0,2,
36,114,74,73,71,71,69,68,62,55,45,36,28,19,12,5,2,0,2,
11,75,74,73,71,71,69,68,62,55,45,36,28,19,12,5,2,0,2,
58,98,62,73,71,71,69,68,62,55,45,36,28,19,12,5,2,0,2,
58,75,74,73,71,71,69,68,62,55,45,36,28,19,12,5,2,0,2,
24,38,74,73,71,71,69,68,62,55,45,36,28,19,12,5,2,0,2,
14,90,79,40,44,42,65,68,62,55,45,36,28,19,12,5,2,0,2,
107,13,32,93,79,98,76,62,66,78,47,20,28,19,12,5,2,0,2,
80,62,74,73,71,71,69,68,62,55,45,36,28,19,12,5,2,0,2,
15,62,42,73,71,71,69,68,62,55,45,36,28,19,12,5,2,0,2,
14,47,34,40,60,49,69,68,62,55,45,36,28,19,12,5,2,0,2,
22,75,74,73,71,71,69,68,62,55,45,36,28,19,12,5,2,0,2,
39,52,74,73,71,71,69,68,62,55,45,36,28,19,12,5,2,0,2,
36,46,114,61,71,71,69,68,62,55,45,36,28,19,12,5,2,0,2,
